"","Distance","Angle","Z1","Z2","Rot1","Rot2"
"1",10.0382,22.068,1.48143,2.23835,51.7972,38.8183
"2",9.02116,27.1437,3.18849,3.47245,46.4844,40.7061
"3",7.53291,-31.9636,4.81064,4.09355,56.9781,42.6817
"4",8.021,-50.2477,5.84455,0.367099,31.2355,91.709
"5",9.51933,-54.4744,4.95951,4.86906,5.80118,30.3027
"6",6.38984,-40.3859,1.66094,2.3392,56.7413,43.5167
"7",6.27209,-34.0777,4.39916,4.70934,51.2036,53.0101
"8",6.26531,-41.1458,4.38326,4.59137,48.794,50.9695
"9",7.84781,-71.2605,3.94172,3.12192,81.9802,39.3056
"10",8.18869,-62.2502,3.90905,4.36479,77.2106,23.1032
"11",7.80684,-67.1144,4.00933,3.12279,77.315,40.0258
"12",7.77724,-66.8612,3.747,4.08662,79.7718,26.2507
"13",9.25291,-57.5054,4.96982,1.46732,52.8657,72.522
"14",9.13562,30.3121,3.38162,2.63432,43.0131,39.998
"15",6.51606,-69.7519,2.51057,2.2181,37.7408,48.7034
"16",6.51615,-69.755,2.21772,2.5099,48.7054,37.7468
"17",6.98794,-38.0302,1.66341,0.702104,35.4246,62.918
"18",7.623,-47.3652,5.90585,1.07479,48.8879,88.0264
"19",7.09403,-41.7929,1.51466,0.770611,35.2947,63.5592
"20",9.93397,-58.8869,4.13227,3.5442,54.2423,66.042
"21",10.869,42.0653,1.97587,3.82542,9.53997,62.1724
"22",8.35262,20.0532,1.70984,4.02859,91.0083,93.6552
"23",9.41751,9.70678,2.12548,2.14226,93.1775,92.0076
"24",10.025,-58.8142,1.66495,0.854773,17.5355,28.2736
"25",10.9722,-55.8317,1.58482,5.31176,14.0145,57.2869
"26",9.96777,-56.1043,2.90568,4.86945,53.821,93.1189
"27",9.97017,-56.2851,4.84877,2.94894,93.1619,53.6886
"28",6.46051,-40.8234,0.948291,0.943089,47.391,50.2958
"29",7.7226,-20.7347,3.12447,4.39763,61.6383,43.5878
"30",9.44521,-21.1287,0.148685,1.35266,17.8745,50.7017
"31",6.36715,79.594,2.16907,5.05112,44.459,75.4441
"32",7.8411,-53.8408,0.863034,4.48437,11.5396,95.1534
"33",10.9455,73.2783,2.97536,2.93496,79.9871,55.8016
"34",7.73283,-56.9282,0.507785,5.1549,16.0194,84.4399
"35",8.26501,-39.9289,0.653563,0.192639,20.1909,84.2896
"36",7.2487,-30.0711,3.51698,2.21597,24.8962,57.4851
"37",10.4965,-30.9572,3.15063,3.47361,37.4721,40.7263
"38",10.818,-55.8982,1.03779,3.2954,25.368,84.2841
"39",11.7264,-72.2963,2.84939,5.30774,94.4566,74.8971
"40",11.4996,28.943,2.78078,5.69813,31.7071,63.6486
"41",10.4144,45.7463,1.97106,4.56379,87.3120000000001,21.4927
"42",9.23939,33.2452,5.46134,3.55429,20.9859,43.9536
"43",7.61699,-50.5156,2.97118,2.37685,27.5935,70.3789
"44",9.45946,30.4949,2.657,4.91805,87.5629,74.677
"45",9.45941,30.4917,4.91849,2.65702,74.6706,87.5593
"46",9.14294,20.6492,0.860652,2.61923,16.321,94.1916
"47",8.3212,25.7722,3.14662,0.824436,92.9225,10.2984
"48",8.36135,28.5585,5.49901,3.9353,54.3174,85.3812
"49",10.1888,51.63,2.72121,3.9414,20.8961,64.4963
"50",8.40615,44.9229,4.87556,2.87106,78.1544,83.2032
"51",8.35973,28.6988,5.37308,3.55642,72.4802,87.4587
"52",10.1198,50.115,2.48938,3.2632,23.0532,69.5867
"53",6.83251,-32.8574,1.76616,0.676924,37.6125,64.9049
"54",11.2133,24.2345,3.51661,3.3809,63.7309,40.2048
"55",9.1669,-11.8244,3.94047,3.49331,46.1741,35.0526
"56",12.0577,36.3244,1.70488,1.80348,43.6617,20.8864
"57",9.30723,-59.302,0.81656,0.0451901,32.4577,50.7728
"58",7.8708,50.5573,3.22997,3.76575,14.9236,14.9854
"59",7.70647,50.3366,3.80175,4.42695,8.06528,8.69207
"60",7.37273,22.7051,5.44382,3.82104,23.0917,26.3397
"61",7.3331,27.1444,1.41204,2.94883,58.2839,48.9423
"62",6.91209,-42.6409,3.02558,1.57125,25.5592,81.0883
"63",8.76345,33.8615,0.0734413,1.78839,51.6308,71.6927
"64",10.1761,-57.5433,3.81714,1.94425,41.9648,68.6514
"65",11.1185,-42.348,0.793677,5.03068,85.3456,76.7349
"66",9.88016,-52.1312,3.26244,0.00955505,29.5715,50.2472
"67",8.23056,-46.9846,4.98528,3.54207,7.20024,84.2366
"68",10.0299,-9.81568,2.68854,1.63121,4.05506,67.2886
"69",9.93542,36.6411,0.834703,0.314392,57.7604,98.0901
"70",10.5912,34.2218,5.96106,3.60323,49.5765,0.159716
"71",8.73625,20.5148,5.00533,4.20076,71.884,75.5177
"72",10.9947,-63.7008,1.67473,0.410063,21.2117,43.1669
"73",7.1524,-49.6306,3.48714,2.23945,21.3853,0.532397
"74",8.71136,-51.947,5.75934,2.38788,6.70015,5.23312
"75",9.21095,-36.8974,1.0275,1.58617,47.6549,77.6634
"76",9.60468,29.579,3.57673,3.65289,72.059,96.8846
"77",6.45084,-39.108,1.9127,0.688968,36.5186,57.2095
"78",8.62454,-49.298,5.34869,5.12372,28.6202,74.9167
"79",8.97573,-59.1523,4.2064,5.89948,0.947403,22.8088
"80",9.68128,-67.8413,2.98288,1.70812,23.746,94.3367
"81",7.99692,-44.2067,2.42833,0.137549,9.62646,1.03611
"82",11.2237,26.7809,0.943235,2.63441,77.6726,88.283
"83",9.68153,-67.8427,1.70836,2.98316,94.3324,23.7439
"84",6.4837,-40.0849,1.8498,2.03672,52.0531,51.5289
"85",9.09768,-53.5948,5.45259,2.48442,16.5872,15.7878
"86",9.00882,-55.2322,5.03357,2.24393,16.0477,14.9043
"87",8.79128,43.5833,0.552025,3.25741,18.594,93.5735
"88",8.45998,-53.8215,1.09092,0.875543,95.8185,37.0072
"89",9.73923,28.149,1.82087,1.55731,8.76553,1.11466
"90",10.6344,26.5177,0.779181,4.18431,82.6574,93.151
"91",9.03608,-55.9834,3.52378,0.457636,6.66789,12.5913
"92",10.4054,34.4454,5.51484,1.54141,18.0688,43.8651
"93",10.4003,34.4187,1.56831,5.60207,43.804,17.5462
"94",8.65659,-36.4204,2.47864,2.19572,35.0239,51.2993
"95",11.0907,-44.4368,2.00502,5.72524,3.88659,7.46515
"96",8.99169,23.8243,4.67571,1.61013,79.8791,67.5664
"97",6.64201,68.3094,2.30451,5.72531,37.5782,76.1035
"98",10.4086,6.84411,5.43646,0.323083,4.47467,33.834
"99",9.44522,35.0453,3.75163,3.29021,5.82618,76.703
"100",6.65716,-35.2184,4.19764,2.56551,31.6002,64.7774
"101",10.4077,6.84246,0.238778,5.35198,34.4355,5.07783
"102",8.491,-48.3619,5.50422,3.85076,46.02,56.9836
"103",10.0691,23.7572,2.97646,2.5949,77.4814,4.98351
"104",9.13049,-52.7617,3.98571,4.00505,30.2778,58.3026
"105",9.62913,-55.301,4.67871,3.27621,40.4652,60.7842
"106",10.591,18.9835,2.24536,4.02132,72.6193,9.776
"107",9.48917,30.6606,1.9422,0.731597,41.695,64.9777
"108",10.6361,-41.3477,5.03953,1.54831,34.1333,92.3753
"109",9.64209,5.97774,1.04721,3.76019,18.7548,18.3533
"110",10.7039,-16.0041,2.06253,4.4257,11.9702,89.6228
"111",11.5546,-40.6814,5.99357,3.69768,88.5431,46.1316
"112",8.70737,-68.0084,0.698807,0.253386,24.059,86.5213
"113",9.63077,33.8597,0.226128,0.960053,64.477,63.6807
"114",9.00278,76.6318,0.927985,4.75334,25.7616,23.8121
"115",11.5726,24.3723,0.989293,3.19277,51.2479,40.0932
"116",9.20439,27.7855,3.1342,3.5401,91.5777,91.0828
"117",9.84509,-18.7667,0.0480262,3.18936,93.4363,7.96755
"118",10.5937,-45.898,0.474859,0.485721,54.531,36.5054
"119",7.4585,-36.4333,1.76461,5.67951,29.1843,74.8952
"120",10.3577,40.3236,1.27794,2.61167,34.2934,50.8131
"121",9.50222,-65.3842,4.38585,2.09455,69.8116,15.414
"122",7.32638,-45.1799,2.85032,5.98605,17.4434,87.0358
"123",9.07827,-45.6685,5.27866,0.666912,51.1435,52.8567
"124",9.17802,-44.2821,3.4269,3.19949,62.9026,36.7994
"125",7.89993,84.8363,0.162881,5.63127,74.3919,65.1797
"126",9.66864,58.6395,2.07956,2.97376,0.676149,94.5536
"127",7.35719,-39.9617,5.35124,3.77394,27.5679,64.5798
"128",7.42091,-40.8254,4.74294,2.89953,29.7535,68.8671
"129",6.87014,-33.3122,4.95748,4.81236,41.5108,53.8824
"130",9.07561,-53.7075,1.25408,3.71544,88.398,20.8656
"131",10.3899,-42.8289,5.08593,3.25562,12.5313,97.6105
"132",11.1862,20.5534,0.683613,3.07304,51.7656,31.1485
"133",7.69213,-86.3236,4.07659,2.18651,67.0312,96.9862
"134",9.58027,-37.6418,1.09666,5.06102,37.6612,60.4422
"135",7.31729,-43.8254,0.219655,1.14,63.7688,32.0087
"136",8.0779,-38.4419,3.21251,3.52619,19.6633,23.3672
"137",7.61822,-45.0273,1.49485,0.760525,73.4125,58.2971
"138",7.17486,-36.8669,3.63024,5.73716,73.5346,23.1927
"139",8.32514,-31.6859,1.02182,1.08938,32.0903,41.4557
"140",8.25342,-58.1007,3.7906,2.14984,14.3064,91.8799
"141",10.6849,-56.0467,2.07007,5.77914,41.5313,78.1285
"142",8.71571,-53.4432,0.363989,3.12553,53.6541,65.6733
"143",10.1413,-55.8717,1.068,3.00441,54.2093,39.6412
"144",7.79155,-37.4378,5.17655,3.98858,17.127,77.5765
"145",7.56989,-39.1491,3.64739,2.76567,26.764,83.7095
"146",9.60871,-70.8597,2.73439,0.729701,55.1862,55.1192
"147",8.78466,78.6535,2.2245,1.81375,11.513,2.04698
"148",11.3573,30.4543,2.62559,1.62421,36.7113,51.3919
"149",11.3571,30.4366,1.63295,2.63456,51.3233,36.6368
"150",9.57547,50.1936,0.689449,0.807188,56.7417,52.1807
"151",6.28578,-30.8384,2.02956,1.15658,42.0088,67.1335
"152",10.5112,25.8419,3.92356,4.45245,54.6288,13.2424
"153",10.1403,-48.8603,2.13502,3.41262,54.614,51.6363
"154",10.1962,-50.9535,3.16634,1.98705,50.8076,55.534
"155",6.53313,-43.2674,1.85728,1.53443,49.1876,49.7938
"156",9.14502,-43.5707,3.19871,2.12567,81.837,29.2339
"157",9.79809,-56.4106,5.9739,4.36593,21.732,94.968
"158",8.83747,-52.0366,1.26849,5.10505,20.5769,99.8071
"159",10.9076,-10.4599,3.19473,3.05322,65.7263,62.6052
"160",7.21259,-27.9184,4.0674,3.45794,28.5041,48.172
"161",6.93174,-26.1399,4.42338,3.60238,25.2697,42.1098
"162",8.19025,-40.57,1.89742,3.16593,87.9654,12.7043
"163",11.5116,34.7625,1.00246,4.49986,69.3487,13.4962
"164",8.38689,-46.3977,4.92297,1.63679,15.5693,8.32093
"165",9.47163,21.1006,3.06007,4.19533,11.3349,80.1645
"166",7.15776,-36.2636,3.69839,1.8911,17.9866,81.2221
"167",10.7153,-21.0389,5.48107,0.248051,70.3384,92.6821
"168",9.39899,-37.0033,3.58514,2.92214,34.6334,77.6292
"169",6.85388,-5.85354,4.40611,1.24906,21.0376,80.2242
"170",7.08865,-34.8184,2.65789,1.96987,37.4412,60.2246
"171",9.7899,-79.1201,5.8421,4.49547,33.8643,89.2982
"172",9.45335,-79.3607,4.46896,5.86392,88.9356,32.3155
"173",10.3744,-50.2556,5.73697,0.692019,29.2988,85.8061
"174",10.626,-41.9854,4.47059,0.130694,37.5297,92.1526
"175",10.4335,-53.6111,0.265876,1.79316,28.2613,79.6143
"176",8.86368,11.8235,1.49284,1.22027,1.89314,98.1861
"177",8.07089,29.3158,0.796797,1.61952,0.31848,9.53417
"178",7.57234,-41.7549,0.773804,1.91444,75.8424,36.9111
"179",8.78102,-56.3918,1.22147,1.17913,27.6069,16.2335
"180",9.88438,-75.1705,5.19793,5.21115,25.0529,26.6489
"181",8.5725,-54.6625,3.35131,1.14537,84.7276,32.5917
"182",7.47754,-40.4154,5.06005,1.0622,78.2588,31.6663
"183",10.5267,-39.7687,5.12078,2.82289,2.63476,6.93661
"184",6.79755,-29.489,2.54841,1.43266,39.1433,58.9831
"185",9.13282,-12.0511,5.77841,3.70119,40.288,42.0009
"186",7.87737,58.0874,4.8897,2.67069,8.31131,11.9762
"187",9.06012,49.9704,1.62053,1.9271,96.4779,3.05301
"188",10.3502,-27.6796,5.96372,0.0691993,60.9904,8.24908
"189",11.5729,32.3477,1.62525,4.93655,39.8937,65.3373
"190",7.45885,-32.0911,0.433966,5.48218,40.0361,66.3237
"191",10.7459,27.7622,0.00560883,4.43195,2.95922,39.6374
"192",7.27358,-46.9342,5.42397,3.42827,17.2359,92.4371
"193",7.43662,-47.9886,0.967675,1.10199,43.0461,56.189
"194",7.8546,-62.7522,0.510963,2.62287,98.85,13.0364
"195",11.4316,-24.1758,0.196596,4.75152,90.1245,52.2362
"196",7.20028,-41.3532,5.86968,0.981983,63.3693,33.522
"197",8.59311,28.0071,4.28876,0.662176,62.4861,70.0921
"198",7.32288,-45.6339,2.81338,2.73727,37.812,65.7016
"199",6.76361,-25.9362,1.33445,0.756125,40.723,48.384
"200",8.89736,32.0847,3.98966,4.64121,78.5561,81.3427
"201",10.9519,27.9511,5.12266,1.61048,21.5515,45.8655
"202",9.96266,65.1672,1.77181,5.56897,36.6291,70.4386
"203",8.10399,17.2443,1.79173,3.35721,98.3885,87.4556
"204",9.50429,17.2934,4.77605,1.6844,72.8596,45.5886
"205",10.3968,-72.3844,1.75167,1.5847,15.8397,7.67955
"206",8.89731,-39.081,3.07158,4.62416,57.7181,36.3679
"207",8.61715,-40.7787,4.53244,0.723361,60.451,36.4858
"208",10.7007,-71.0111,5.42084,1.13175,23.5984,1.83351
"209",8.58255,-60.3785,1.74437,2.1921,78.6117,26.8967
"210",10.6898,-71.4102,5.45073,1.10966,22.7543,1.35117
"211",6.65448,-38.9287,0.056735,5.85045,55.5613,57.136
"212",10.5376,33.899,3.3513,2.80094,99.9354,26.7498
"213",10.5032,34.1919,3.4672,2.91712,98.6413,25.4334
"214",7.97059,-56.2019,5.3681,1.60719,2.97049,17.8482
"215",7.89457,-56.6187,5.36357,1.64043,2.66903,17.3436
"216",8.93533,29.7157,0.0664141,2.24328,66.7894,43.9336
"217",9.01157,-70.3829,4.50901,5.1499,84.1865,51.5996
"218",10.2459,-36.3084,3.53184,0.293603,8.06267,10.1511
"219",9.49038,-37.3561,0.491406,1.466,2.32965,23.9129
"220",7.00726,-38.8169,5.61666,4.24748,29.9503,68.511
"221",6.87687,-38.6026,3.63786,2.85476,30.4982,55.99
"222",7.93163,-61.128,5.95033,2.1403,99.4563,3.29462
"223",10.7603,34.6708,3.97399,4.80466,11.0495,99.8192
"224",11.7388,-55.9358,2.01788,0.364132,66.9755,90.7051
"225",10.5928,-51.1006,3.13563,3.3982,32.3486,46.2945
"226",7.17823,-68.229,5.40693,5.0924,43.1842,19.4009
"227",9.26498,-45.2468,2.73913,5.36919,57.6726,36.6776
"228",6.45243,-39.7953,4.50387,4.42256,55.6658,60.5834
"229",9.32231,27.0768,0.574241,0.139157,59.1283,54.8035
"230",9.54574,21.414,4.37145,3.07418,78.7501,92.3444
"231",9.41945,6.11565,0.536104,3.37675,72.4023,92.8815
"232",8.1332,19.182,0.873083,2.72188,6.54328,91.574
"233",11.1218,-42.9971,2.59839,0.890538,35.4398,97.6998
"234",11.0245,-43.1205,0.875969,2.66713,0.119564,33.8146
"235",11.0071,-43.5094,2.95556,1.1982,32.1752,99.0362
"236",8.27471,-37.2527,4.80265,4.60218,31.4661,78.3399
"237",8.40368,-38.1096,4.53526,4.54561,34.299,78.5794
"238",9.16597,34.858,3.71564,0.575506,38.3983,18.45
"239",7.05904,-43.9195,2.1234,1.07599,35.0338,73.0009
"240",7.57756,-22.5751,3.86461,0.0214145,63.1433,36.6024
"241",9.78415,6.80983,3.63597,0.0448623,40.9173,39.6397
"242",7.0462,-32.1239,2.00952,3.9289,75.8094,34.2771
"243",7.30715,-34.4232,3.52403,3.60764,41.1363,50.8399
"244",8.20496,-20.5887,1.31852,4.20934,0.993505,56.2975
"245",7.92691,-53.8788,0.95241,2.23548,91.8667,35.9286
"246",9.98613,39.301,4.60242,0.856132,72.1328,89.2125
"247",9.2263,23.1732,4.76489,5.51797,75.351,65.7513
"248",9.48862,19.3282,0.0418022,0.591914,12.874,3.33787
"249",8.97115,-64.5753,0.100944,0.595197,29.5639,33.6792
"250",8.55957,-55.1106,0.931827,5.09342,74.643,37.9248
"251",8.62519,-52.982,3.73644,2.09873,24.4051,70.2344
"252",8.06726,23.3153,3.98595,1.96357,36.0595,58.1545
"253",8.55974,-55.1142,0.932565,5.09371,74.6405,37.9268
"254",9.37511,35.5588,5.00119,2.50514,24.3082,4.40452
"255",9.20355,-52.0548,2.58046,2.83857,78.6151,26.6886
"256",8.88872,25.7451,3.73864,0.0303672,37.085,6.75019
"257",9.41479,53.9309,3.64372,3.03583,81.6026,76.8658
"258",7.36945,71.9061,0.587146,0.0754141,46.1408,35.9178
"259",7.33973,64.5414,2.66314,2.89511,27.3948,21.968
"260",7.43769,61.4397,2.98109,2.34318,23.9353,26.8552
"261",7.2294,68.5726,2.83398,2.93308,23.4044,21.4065
"262",7.50443,-47.9653,3.49373,5.15297,90.5775,18.4987
"263",9.63346,17.4,2.96994,3.91589,38.136,42.6436
"264",7.12571,-39.5109,2.42462,1.75301,34.0868,60.4627
"265",6.78449,-43.7932,0.584738,4.88052,29.8861,70.0178
"266",7.17545,-39.2784,2.26956,1.59136,32.7325,60.4253
"267",6.75952,-44.285,0.420636,4.70858,30.9961,70.2947
"268",8.91339,41.3117,2.88634,0.904763,17.9963,82.7563
"269",9.84979,17.2143,2.45043,1.3653,54.6726,45.6692
"270",6.9417,-40.5117,5.17451,2.95312,18.5267,96.6793
"271",10.8135,-16.476,3.49305,4.27519,99.8227,36.944
"272",10.1499,-14.0536,1.1403,1.97966,58.6879,53.2435
"273",9.52294,-11.6263,2.28765,4.8695,44.0909,73.2418
"274",10.5308,18.326,0.737277,0.0364403,51.6776,64.6227
"275",10.6585,15.6691,5.34869,0.270456,65.7477,52.3544
"276",7.98054,33.456,2.3145,5.9083,63.6823,69.121
"277",9.00983,29.4985,3.89859,5.6179,66.9835,76.0071
"278",8.46703,-36.7651,2.9131,2.70075,80.79,33.7862
"279",8.65804,21.688,5.13118,3.74031,69.563,89.1756
"280",8.04823,-57.9237,3.10847,3.70855,84.2283,28.8008
"281",10.2646,-48.7291,2.07569,3.55986,53.2432,48.2904
"282",10.2903,-47.1251,3.94067,2.34802,46.2779,52.5092
"283",10.287,-48.606,2.09882,3.47608,55.6645,48.9968
"284",10.2515,30.5396,3.05439,3.59129,63.5113,96.6444
"285",10.8405,50.1777,1.04867,1.92112,39.5678,52.7503
"286",7.20529,-64.9871,4.89959,3.59655,26.1568,60.2452
"287",7.68282,-53.4563,1.03641,4.67462,12.1098,86.757
"288",7.26243,28.7089,2.01657,4.49232,70.6227,16.6991
"289",8.78561,-40.6122,4.01156,1.96441,10.7715,96.6326
"290",8.07869,-50.2737,1.96454,2.73053,92.0444,22.7617
"291",7.628,-48.0267,2.4088,1.89539,36.6697,54.1734
"292",10.9092,-59.4622,3.17034,5.33652,60.2487,43.2342
"293",8.55891,33.0599,4.45729,3.26094,94.1676,81.8112
"294",9.21203,19.6062,3.0129,5.88201,45.1896,17.8276
"295",7.10205,-34.6214,5.96089,5.04828,37.3145,66.9265
"296",7.54589,-47.9222,0.89496,0.418493,41.9285,78.7749
"297",6.9967,-40.5156,2.59438,1.55494,28.4972,57.6097
"298",10.3427,-51.2259,2.50435,1.59376,88.2647,18.7907
"299",8.3497,-19.8258,1.67007,1.31238,63.0931,52.4172
"300",8.99308,-26.9459,0.731514,1.76187,55.5938,54.0993
"301",7.06418,-36.7584,3.71198,3.80744,43.393,30.9344
"302",9.08767,31.7039,5.01413,4.93555,70.6202,71.8224
"303",9.04764,24.1766,3.7941,2.68399,54.9435,25.2793
"304",7.07548,-40.1086,3.96138,2.56211,36.0785,61.2164
"305",8.5433,-23.6187,4.27556,5.63732,61.7383,30.6177
"306",9.18679,-68.7113,1.54466,2.00101,6.45904,23.3873
"307",8.93967,31.5698,1.69911,3.29235,8.34625,82.65
"308",8.62415,-73.2384,1.17495,0.219078,73.1685,44.7926
"309",8.64752,-76.1364,0.884943,0.0270211,73.7175,44.2375
"310",8.90491,25.3151,4.76096,3.11423,71.4234,81.1461
"311",7.15587,-40.063,1.1619,2.28461,59.2459,32.1046
"312",10.5829,-33.9332,2.33861,1.61827,19.8022,8.28028
"313",7.70968,-49.045,2.70239,4.20508,83.5965,19.8053
"314",8.51987,-51.0086,0.919286,3.00193,50.8584,68.9572
"315",10.6757,-34.2394,5.05296,0.326392,26.6815,75.9792
"316",9.94931,37.9401,5.98375,1.91905,19.7782,18.349
"317",9.94885,37.9439,1.91478,5.97929,18.3907,19.8153
"318",8.2236,18.7269,4.31186,0.318387,81.1428,59.506
"319",8.61509,-46.3999,1.93006,5.49111,8.92918,89.8782
"320",10.2202,-47.5071,0.464766,3.35409,89.2738,43.0172
"321",9.2972,15.9661,1.87186,0.971099,66.0518,63.3109
"322",7.77573,-71.4294,0.68908,3.76595,10.853,96.7052
"323",9.90069,24.4134,3.30943,0.913575,87.288,69.1394
"324",10.3229,-39.4496,5.38943,3.25583,98.3474,2.84017
"325",7.78139,-61.4661,0.506649,2.18199,96.3269,18.0729
"326",10.4086,-71.9897,0.745237,2.33628,18.8668,75.6592
"327",8.1278,-52.3664,1.71681,5.32362,16.521,92.8349
"328",7.86426,-58.2276,5.1253,0.945679,88.4001,8.8032
"329",8.8572,55.395,1.02317,5.27405,59.0788,47.4391
"330",10.142,-60.8325,0.0207001,5.00742,75.7072,38.6617
"331",8.38151,-36.7325,0.850297,2.28932,64.0759,28.1066
"332",8.37299,-65.6188,1.11569,3.29319,50.1628,65.9988
"333",7.72047,-51.047,3.8885,0.562105,90.2393,18.3185
"334",9.82465,-37.2326,0.435096,2.7227,39.3591,30.0537
"335",7.53025,-31.8269,5.80239,3.67738,16.7087,75.8685
"336",9.26806,33.5732,2.28941,1.29647,5.02683,3.11842
"337",8.1856,-44.4775,2.10474,1.53548,90.4477,26.9255
"338",9.03202,-43.5331,1.94508,1.42059,19.5281,85.1384
"339",8.61711,-40.0263,1.48926,0.780251,85.676,38.8487
"340",8.83743,-17.4371,5.76814,2.96197,67.2094,88.8698
"341",7.81891,49.5885,5.7734,3.12703,67.3493,88.7653
"342",8.29621,-29.9985,2.71728,3.69892,35.5219,79.9373
"343",9.40048,-34.3571,3.90399,3.69227,27.555,30.1875
"344",10.6068,-32.3091,5.36355,4.23935,74.6161,26.2348
"345",7.03715,-36.9509,1.4208,5.75243,29.8751,74.1323
"346",10.385,-8.52077,1.95418,3.29026,96.8961,45.3061
"347",6.98762,-32.0478,1.48586,5.67703,32.2893,65.9869
"348",8.21355,-48.0707,0.592033,5.77632,87.7844,36.9675
"349",7.21176,-29.7298,3.65657,1.50921,27.448,86.2496
"350",9.83009,40.3824,0.73097,0.938094,17.5099,4.63791
"351",8.13007,-40.9278,1.37611,0.0750245,27.9056,75.0681
"352",7.31499,-30.2503,2.17798,1.4742,29.4122,60.2951
"353",11.7142,84.5143,3.43862,3.93386,77.5971,23.892
"354",10.6871,10.1129,0.26125,5.8849,44.3611,6.08022
"355",8.7978,41.3334,5.81293,3.17895,0.162233,16.6744
"356",8.72806,43.5114,2.25037,4.98628,27.3482,8.1417
"357",8.69875,24.3934,1.61464,4.42502,99.1223,77.4753
"358",9.97841,-39.8395,2.98999,0.947426,25.1443,7.97025
"359",9.5434,36.8041,2.14029,4.30891,96.3284,79.64
"360",8.74057,38.4119,5.24735,3.82027,92.7821,65.4514
"361",8.26761,30.8078,2.7648,5.92081,51.3946,46.5472
"362",8.771,27.1396,5.61612,5.3423,68.8427,74.5832
"363",8.16779,-41.3877,1.18907,1.13455,53.2106,44.8277
"364",8.89839,-45.1495,4.43345,5.6492,65.4818,33.6773
"365",9.03942,-45.0776,5.21,5.23782,73.7089,39.2664
"366",9.20841,27.1388,5.79203,5.27271,45.3437,89.2042
"367",8.91124,-42.7602,4.97348,4.94201,39.5101,73.9067
"368",12.3213,-59.5426,4.06431,5.4267,90.256,94.0538
"369",10.4765,46.5917,0.810874,3.04373,69.1688,15.4316
"370",8.03256,-33.7768,5.47077,3.9553,95.07,45.1094
"371",10.5748,35.1844,5.72113,5.86198,97.4974,54.9042
"372",6.86062,-35.3193,1.59692,0.445915,34.6963,59.8476
"373",10.5745,35.1892,5.72785,5.86881,97.4399,54.847
"374",9.67684,-50.351,3.18033,4.6747,22.9541,14.3894
"375",11.8775,34.3176,2.13803,2.04315,19.0784,52.3464
"376",8.05639,-36.2418,2.24991,5.16622,80.7645,34.3125
"377",10.3431,-39.8078,1.98229,3.66818,94.3741,29.1765
"378",6.97238,-44.4896,2.9426,5.58699,90.5523,19.277
"379",8.06449,-69.7176,3.7429,2.93429,77.2564,32.7495
"380",8.31497,-60.4475,4.7695,3.33026,71.4807,29.2863
"381",6.50706,-44.5505,1.95112,1.74086,49.1773,48.0057
"382",10.4183,63.1607,4.22614,1.9837,63.1741,9.92256
"383",8.5156,77.4146,2.85193,2.82854,28.7152,29.2978
"384",9.93555,-61.3536,4.19844,5.92642,45.3943,66.3662
"385",10.2265,-61.7264,4.11726,5.92218,44.7402,67.0873
"386",9.68177,-13.8723,2.46757,2.55066,92.9047,76.713
"387",8.5644,-45.0496,3.3159,2.46253,76.1967,52.5044
"388",9.46472,-60.1068,1.35805,5.13122,61.6502,47.867
"389",9.56957,-38.9627,2.66543,2.15767,61.4207,40.8695
"390",9.93207,-37.5688,1.81636,1.75839,19.0346,16.5385
"391",8.28322,-63.6865,3.3072,4.07208,15.6755,90.8819
"392",8.50702,-62.0227,4.56751,1.66414,0.503921,14.1669
"393",9.89652,29.0923,2.11065,1.08766,49.3153,64.0855
"394",8.88448,-38.9483,5.76412,4.37553,51.1401,60.2064
"395",7.12854,-34.1866,5.99997,1.90036,68.931,27.8203
"396",8.25084,-34.3335,4.90106,4.27952,21.5933,38.6783
"397",6.97181,-44.3138,1.98528,4.07864,90.5158,19.9518
"398",6.31562,-47.7185,3.19887,2.81784,48.7081,57.0392
"399",8.47955,-68.8966,0.186835,3.10042,37.2224,59.2302
"400",8.25301,-36.5873,4.28061,3.77547,69.5242,40.9482
"401",6.49798,-45.0263,0.937691,0.548223,39.976,59.0163
"402",10.9499,-55.8314,0.00251722,4.59684,25.051,26.2104
"403",9.24429,-68.0422,5.26048,0.583519,35.0921,14.3752
"404",9.04295,-67.8116,0.61424,4.80353,16.4548,38.602
"405",9.14561,-64.3508,0.48548,5.01186,18.3718,41.8859
"406",10.3841,-46.8299,2.11464,0.322447,55.6715,65.353
"407",8.00195,13.9889,3.82089,5.76895,32.6207,8.12418
"408",8.31639,-52.2748,3.95007,4.94557,51.873,45.8022
"409",7.92892,-42.8029,4.11823,4.17795,57.187,33.7343
"410",9.2686,22.1062,5.28403,4.11424,31.3506,32.6091
"411",11.0445,32.6056,5.12252,5.92828,4.0623,87.0344
"412",8.78721,-53.2248,4.21754,0.0374262,67.2326,41.5689
"413",8.7873,-53.2264,0.0373231,4.2179,41.5696,67.2226
"414",11.5251,-50.1597,4.66093,4.54761,44.1731,42.8409
"415",8.56428,30.8119,1.18741,2.28355,58.1567,50.1355
"416",10.3892,20.9936,0.66833,5.75302,53.8629,25.342
"417",9.01989,-44.9899,4.71396,3.76919,81.6574,24.0146
"418",7.08422,-38.6557,2.79645,1.82059,28.751,60.4136
"419",6.65403,-42.9613,5.97794,4.25725,27.0778,67.2633
"420",8.94846,-31.1256,2.11968,2.12052,14.2795,14.269
"421",8.13754,-34.511,0.859587,0.027459,39.5349,64.2065
"422",9.73776,30.3137,0.327881,0.0977015,4.15394,12.8754
"423",9.56182,-53.5199,0.0857047,2.08064,49.8546,48.6131
"424",9.02984,35.3124,0.0614374,3.05084,35.4675,19.3904
"425",9.47486,40.6657,3.35923,0.704303,20.3567,92.098
"426",10.777,88.0112,2.44955,0.734473,79.7287,24.7313
"427",8.76707,-42.0538,0.912635,5.79469,94.656,25.4728
"428",10.2011,-24.8766,4.15492,1.5861,25.1326,34.3568
"429",9.40772,-44.6352,3.688,1.19863,93.9044,10.9104
"430",8.57141,-45.369,2.01258,0.353172,15.9525,4.39065
"431",9.03284,-25.0005,0.367967,0.928811,52.178,6.97901
"432",9.56897,-34.5754,5.40575,1.49343,35.3716,13.5529
"433",8.223,-50.1227,4.20145,5.70341,85.9927,14.351
"434",8.89167,-60.1125,3.13573,2.06019,26.1348,96.0265
"435",9.22532,-33.8249,3.06116,3.26093,32.6936,28.7078
"436",6.576,-32.7348,3.31764,3.02369,41.4673,52.9012
"437",10.389,-30.3985,0.899675,2.66174,74.2549,98.4237
"438",7.64449,-53.318,4.44228,0.987855,7.25604,10.4454
"439",8.59545,32.0597,1.09291,5.18744,36.6744,5.51368
"440",10.351,24.4417,5.99997,1.36327,50.8452,71.8162
"441",11.3255,-38.5384,1.57251,3.28679,88.3821,21.0194
"442",9.90984,-40.8942,1.20821,2.28223,52.3356,4.01126
"443",9.97216,-40.6626,2.53334,1.49664,3.18787,49.6435
"444",7.62339,-52.5499,4.37034,1.12927,8.12332,7.82486
"445",10.3451,24.3416,0.170627,1.53458,49.6469,70.384
"446",6.49599,-52.6245,2.39092,2.49119,45.7826,32.5682
"447",9.43991,-12.9864,3.96255,5.56136,32.3533,14.6691
"448",10.6765,27.1094,0.351687,3.24257,83.2827,19.7553
"449",7.12875,-44.7848,5.95735,2.67864,91.1829,17.0127
"450",6.86873,63.6276,4.97126,0.290466,37.7088,44.5222
"451",9.25755,-42.6827,5.39346,0.851711,58.8792,40.575
"452",10.2747,-40.6304,2.22874,5.78278,5.93807,7.67258
"453",9.66746,19.5018,5.80158,3.6904,92.839,71.6345
"454",9.75171,24.3497,5.86199,4.41532,35.6845,18.9711
"455",8.27629,23.9088,3.48398,5.87877,94.9031,61.2741
"456",10.3848,9.84641,2.90897,2.28848,78.986,97.7155
"457",9.64701,21.9458,3.18083,0.950396,56.0406,63.7894
"458",10.3211,-34.4615,2.74026,2.16171,18.2681,49.4113
"459",9.07348,-46.4028,2.12813,2.25463,55.0408,42.9084
"460",8.6645,-50.2563,0.581964,5.92753,94.3055,36.0766
"461",6.37761,-46.0133,2.68183,2.51699,44.8873,49.7337
"462",10.3161,55.2672,1.64274,1.92707,22.3747,69.8843
"463",9.30926,60.6625,4.11394,3.27805,75.509,57.938
"464",8.20598,-51.4298,3.26704,5.95031,2.81736,7.58158
"465",9.25517,51.7099,0.59963,4.66172,67.7917,53.4044
"466",7.78187,-54.527,1.87222,4.4297,94.673,6.2005
"467",11.4093,41.2128,0.671939,3.02766,15.5998,31.4423
"468",8.37936,-28.2244,3.59726,3.57341,74.2045,20.9184
"469",8.83351,-85.7388,5.04476,3.92765,50.2904,96.5985
"470",8.22457,-33.3211,4.89227,4.65205,33.0552,74.2992
"471",7.79229,-41.8037,1.60434,4.07805,95.8368,9.83446
"472",9.64024,-35.6987,2.42954,3.05422,57.2186,97.8427
"473",10.9732,35.8651,0.241982,4.49395,2.75578,61.1209
"474",7.12654,-31.8601,2.74002,3.79771,79.1944,32.7624
"475",11.6246,-64.4626,1.45573,5.76979,52.7118,46.7728
"476",8.13215,-51.8437,4.84392,0.849161,85.2468,14.6189
"477",10.3418,-44.8602,1.17324,2.80892,94.3356,22.6293
"478",10.1763,25.9211,1.44122,4.03838,61.3354,16.5017
"479",9.3292,27.7855,1.45149,1.16791,58.5134,56.3007
"480",9.67691,-50.8416,1.10766,1.65238,93.7356,38.2061
"481",10.0363,56.6162,5.12507,2.66524,85.3699,20.0187
"482",10.1263,13.1437,3.5092,1.08929,45.1814,46.9163
"483",10.1928,32.1831,0.19391,1.94134,94.4435,9.04988
"484",10.3674,54.9088,1.7759,1.10179,29.0533,77.244
"485",10.3672,54.9146,1.77732,1.10324,29.0389,77.2268
"486",9.53918,-45.6898,3.40607,3.72338,35.4319,73.9932
"487",10.4217,-43.9904,1.8639,0.111507,79.3142,69.3383
"488",10.3508,29.5546,4.34134,4.78298,51.4564,84.9489
"489",10.844,49.8833,1.66815,2.51727,34.7709,46.8165
"490",10.1846,20.8688,2.26522,4.81946,81.6849,96.8163
"491",8.4119,17.249,0.30556,0.116445,73.7454,56.3791
"492",8.75713,38.2358,4.71345,3.51423,92.9801,65.6107
"493",7.93921,29.6994,4.65744,1.67777,4.46234,1.6882
"494",9.27844,25.2893,4.27873,1.01013,72.0217,66.4524
"495",9.49671,23.2098,1.11485,0.0727324,17.5925,13.0118
"496",9.98618,25.1425,5.77506,4.46457,78.8931,68.559
"497",8.13589,-37.5316,2.51966,1.55751,59.5482,45.9737
"498",7.86196,22.369,0.400793,2.20152,14.785,99.5123
"499",9.82874,26.5119,1.96728,0.45981,90.9206,31.4752
"500",8.08324,-22.6118,4.08868,1.72554,98.1907,37.7995
"501",10.5502,-10.4478,1.68971,2.03004,37.5987,35.5741
"502",9.06559,48.7619,3.01498,5.26807,65.4327,89.2035
"503",8.2373,-45.9105,5.60209,2.44777,11.0496,6.39957
"504",9.45358,-48.4285,3.78149,5.37899,69.9621,21.5503
"505",9.07283,30.1402,3.99251,4.8157,80.5539,78.6802
"506",9.6596,-44.5973,2.92838,0.440571,57.2478,53.3999
"507",10.2779,-38.8679,5.44736,0.100374,16.9124,79.8261
"508",8.42715,31.7468,0.642059,1.68522,63.7304,55.3622
"509",9.24088,-52.6789,0.717421,3.66364,2.27258,99.09
"510",7.35412,-62.6783,2.31325,4.14891,1.58257,16.8101
"511",6.52073,-36.6017,2.0253,2.18808,51.7953,43.8308
"512",6.96527,-37.7075,5.94164,4.69091,31.4849,64.7398
"513",6.96602,-38.9391,0.256022,5.13839,31.8524,65.5039
"514",8.07736,-62.8986,3.23557,3.159,85.0258,32.7694
"515",8.18938,-65.8279,4.06382,3.78043,84.0146,32.3409
"516",7.73058,-65.0768,4.19625,3.78656,76.7416,31.1855
"517",9.74752,-79.524,3.86971,3.79259,82.7314,36.5392
"518",8.99004,23.0451,5.35479,3.00844,18.2883,92.3422
"519",8.18545,-59.201,4.71142,1.37227,0.720668,16.7904
"520",9.92606,-73.987,3.80469,2.10537,15.6891,95.8431
"521",9.59608,-69.546,3.98679,0.041011,95.1034,83.2486
"522",10.0743,31.2895,4.59031,0.600581,24.702,7.23495
"523",9.59611,-69.5391,3.98666,0.0406711,95.1068,83.2462
"524",8.15882,-57.333,1.25611,0.820232,26.9714,70.7541
"525",8.40845,-53.3071,1.71089,2.92288,91.2912,20.1184
"526",11.401,85.6319,3.7372,2.10117,1.64427,46.3622
"527",11.4005,85.6351,3.73792,2.10116,1.63501,46.36
"528",9.04329,38.1154,3.69056,5.26318,98.7633,43.3754
"529",8.82248,-54.0002,5.35377,5.85484,31.7048,58.0072
"530",9.22799,38.1881,5.94187,4.26403,35.8659,92.8157
"531",8.82491,-53.9065,5.38494,5.89911,31.7235,57.8155
"532",9.06604,50.5077,3.0103,1.59031,94.1367,90.6086
"533",7.53125,-56.6711,3.76613,0.742042,9.82093,14.4597
"534",9.6073,-59.345,2.42641,2.88176,98.3984,27.5275
"535",8.74291,21.0745,4.53914,0.417008,24.1219,11.0893
"536",6.5175,-46.0266,3.35369,3.0539,49.7807,57.619
"537",6.6099,-40.9078,0.386515,5.86574,44.7183,60.4455
"538",8.51428,-67.0414,0.0480346,3.24444,38.834,50.5786
"539",6.49353,-45.1086,3.44291,3.30417,50.7614,55.8097
"540",6.55317,-45.1134,3.51175,3.4283,51.0476,56.0563
"541",8.73181,69.0142,0.360234,0.197422,38.3176,45.9341
"542",9.21919,-41.4228,5.89818,0.403689,36.924,78.5439
"543",8.36395,20.5987,5.17194,1.0638,20.9829,5.12889
"544",11.9721,-58.8377,0.857973,5.35327,31.2397,37.8155
"545",10.7155,63.8571,4.12298,4.70091,61.4784,30.165
"546",8.89474,24.3758,5.19546,4.08518,26.9355,25.844
"547",11.1795,45.0019,2.33199,1.75145,69.88,56.8304
"548",7.22816,-69.0732,3.2819,3.33371,62.7824,95.0612
"549",10.8617,37.3492,4.27221,3.09853,12.6295,13.6493
"550",10.6455,-43.9413,3.43215,3.45139,36.9866,34.7417
"551",7.12922,-70.3608,3.12961,3.19611,63.7271,95.3992
"552",8.49815,20.3012,2.38253,4.47955,45.7315,41.1489
"553",10.1804,-26.5287,2.46766,1.17987,2.01006,37.6993
"554",10.064,31.861,1.64714,3.92098,28.9552,46.4176
"555",11.4633,41.2081,5.60082,3.98913,75.8797,7.29439
"556",10.3606,59.3916,3.67484,3.02521,3.33789,60.7613
"557",9.29519,-54.6891,4.10705,2.54731,35.8085,58.4605
"558",10.3601,59.3907,3.67468,3.02533,3.34257,60.7574
"559",9.25067,-54.8097,3.8903,2.30201,36.723,60.1386
"560",12.2602,27.1394,5.61632,2.02145,58.2027,73.6474
"561",8.97112,14.4704,2.71255,5.47681,38.7879,28.4116
"562",9.18916,-68.9598,1.26366,1.2428,11.4086,24.2496
"563",10.0065,-24.3752,3.30013,1.17337,32.4065,32.6919
"564",9.62926,-50.814,3.41645,2.20148,63.8274,35.906
"565",9.26339,30.73,1.38977,5.25031,47.2927,45.6202
"566",10.8427,-19.3464,1.24838,3.18261,97.4938,19.9722
"567",8.09525,-44.2487,0.430788,1.14953,84.8715,10.0811
"568",8.37722,-42.4598,0.381546,0.993565,80.5764,19.3487
"569",10.3456,55.8053,5.24151,2.8108,37.5275,84.7165
"570",11.3986,-17.2047,3.41658,0.0601491,72.2344,42.5301
"571",8.93022,24.5166,4.78985,5.57097,28.8897,26.5941
"572",9.47155,-46.5536,1.14226,4.67354,17.038,3.96893
"573",8.82103,-15.5913,2.27863,1.78411,42.3354,48.9377
"574",9.90181,24.5438,0.704605,5.67664,14.3613,24.3882
"575",8.56904,-41.9687,0.275306,3.34677,48.9604,25.7704
"576",8.45703,-32.9453,4.52531,3.8439,20.1945,68.3586
"577",8.40212,-42.1974,0.15545,2.44708,98.7201,12.4926
"578",8.46641,-43.0596,5.28065,1.56276,86.3646,8.88042
"579",8.10677,-48.5121,1.15348,1.31725,83.0091,23.3633
"580",8.19336,-33.045,4.8001,0.756522,64.3124,20.8282
"581",8.8612,-53.7951,2.59712,5.68022,11.556,86.2753
"582",10.2915,31.0028,2.60682,3.17453,65.5834,98.0233
"583",10.8221,48.7034,1.5769,2.39242,35.3545,47.5269
"584",9.78373,-20.2778,2.015,1.92293,58.8255,39.7046
"585",7.66526,-27.9351,1.21142,0.214868,15.6894,51.9137
"586",11.7953,-37.5044,3.82315,2.59434,35.6874,4.0602
"587",9.21464,24.5399,5.03647,1.66396,78.8401,67.5329
"588",7.45131,-46.6696,1.1387,0.821553,29.3981,59.1327
"589",8.56552,-50.8976,4.25642,2.42509,36.6996,69.1335
"590",7.38898,-28.0821,3.04023,0.840336,22.1323,90.5006
"591",9.25293,43.0179,3.98569,3.28571,84.4159,88.8483
"592",6.99256,-38.5058,5.64728,4.47068,34.4773,69.4509
"593",8.27028,-68.3812,5.5665,0.614437,20.4811,54.955
"594",6.35451,-37.7135,1.8132,2.13762,53.9388,53.0142
