Sequence,Design,Type,Mutant,Mutant Type,Sample,PercentGpA_transformed,std_adjusted,toxgreen_fluor,toxgreen_std,Position,WT_AA,mut_AA
LLLYFLLALLLGTLLGSLILI,ala,WT,LLLYFLLALLLITLLGSLILI,clash,G,0.2347768073376949,0.0200530735382006,5656.73827184067,393.5816742476784,11,G,I
LLLYFLLGTLLGALLGLLILI,ala,WT,LLLYFLLGTLLIALLGLLILI,clash,G,0.8132706398342039,0.0717244690839302,19595.03242984004,1407.7361546235431,11,G,I
LLLYVLLTLLLGALLGFLILI,ala,WT,LLLYVLLILLLGALLGFLILI,clash,G,0.2640233175990655,0.0834884293396926,6361.406913426673,1638.6274026762817,7,T,I
LLLYLLLGALLGFLLSTLILI,ala,WT,LLLYLLLGALLGFLLITLILI,clash,G,1.1114370953979995,0.1690684634853983,26779.08787216341,3318.3067327016724,15,S,I
LLLSSLLFLLLGVLLGTLILI,ala,WT,LLLSSLLFLLLIVLLGTLILI,clash,G,0.2967324523160666,0.0551745411344318,7149.504410296232,1082.910718829947,11,G,I
LLLALLLGLLLGVLLGSLILI,ala,WT,LLLALLLILLLGVLLGSLILI,clash,G,1.042691447820561,0.2057030932936745,25122.72266271962,4037.3346118922864,7,G,I
LLLTALLFLLLGLLLGSLILI,ala,WT,LLLTALLFLLLILLLGSLILI,clash,G,0.981963000952624,0.1039472272062146,23659.524770818625,2040.17222835701,11,G,I
LLLYALLFLLLGTLLGSLILI,ala,WT,LLLYALLFLLLITLLGSLILI,clash,G,0.2337736652364304,0.0221214542655208,5632.568455491084,434.1777828421196,11,G,I
LLLAFLLGTLLGVLLGLLILI,ala,WT,LLLAFLLITLLGVLLGLLILI,clash,G,1.3299063548579249,0.244265207184603,32042.91028784085,4794.193221172257,7,G,I
LLLYFLLGVLLGTLLGLLILI,ala,WT,LLLYFLLGVLLITLLGLLILI,clash,G,1.0719838542132274,0.0310012021741564,25828.49713079437,608.460595126643,11,G,I
LLLTFLLAVLLGILLGLLILI,ala,WT,LLLTFLLAVLLIILLGLLILI,clash,G,0.522408188129284,0.0574548720403362,12586.960461501963,1127.6667735167418,11,G,I
LLLAYLLGVLLGLLLGSLILI,ala,WT,LLLAYLLGVLLILLLGSLILI,clash,G,1.114185639511397,0.1202060489892129,26845.31159698896,2359.284123589556,11,G,I
LLLSYLLGVLLGTLLGFLILI,ala,WT,LLLSYLLGVLLITLLGFLILI,clash,G,0.7880524222900737,0.1152750512802575,18987.42191696766,2262.50343147794,11,G,I
LLLSYLLGVLLGLLLATLILI,ala,WT,LLLSYLLGVLLILLLATLILI,clash,G,1.0306914011618922,0.1126748049717276,24833.59221597122,2211.468397017981,11,G,I
LLLYILLGLLLGTLLAFLILI,ala,WT,LLLYILLGLLLITLLAFLILI,clash,G,0.2450441115681895,0.0874040053301502,5904.119831561773,1715.478412593998,11,G,I
LLLYALLALLLGTLLGFLILI,ala,WT,LLLYALLALLLITLLGFLILI,clash,G,0.1935891493008528,0.0315009967826481,4664.358299664633,618.2700637722958,11,G,I
LLLSYLLGLLLGFLLSTLILI,ala,WT,LLLSYLLGLLLIFLLSTLILI,clash,G,1.0871769040710502,0.1793333309863088,26194.56014852344,3519.775287068908,11,G,I
LLLTILLALLLGFLLGSLILI,ala,WT,LLLTILLALLLIFLLGSLILI,clash,G,0.7535418148964517,0.0905735274601864,18155.91953888008,1777.686623440695,11,G,I
LLLYLLLASLLGILLAFLILI,ala,WT,LLLYLLLASLLIILLAFLILI,clash,G,0.1501318517553222,0.0210501096445692,3617.293383015131,413.1505020842944,11,G,I
LLLALLLGLLLGTLLGFLILI,ala,WT,LLLALLLGLLLITLLGFLILI,clash,G,0.8092512387332291,0.0693695739630062,19498.18853674058,1361.516628210299,11,G,I
LLLAGLLFLLLGTLLGSLILI,ala,WT,LLLAGLLFLLLGTLLISLILI,clash,G,0.2355499974300311,0.049052150292772,5675.367599145182,962.7465537036936,15,G,I
LLLTALLFLLLGYLLGSLILI,ala,WT,LLLTALLFLLLGYLLISLILI,clash,G,1.0902176615987655,0.1162041563337594,26267.8244955396,2280.738976240116,15,G,I
LLLSYLLGLLLGTLLGFLILI,ala,WT,LLLSYLLGLLLITLLGFLILI,clash,G,0.8335459355085516,0.0569342645093901,20083.54763844576,1117.4488095676925,11,G,I
LLLLFLLGTLLGALLAYLILI,ala,WT,LLLLFLLITLLGALLAYLILI,clash,G,1.1525240018728395,0.1628936858792974,27769.04032509313,3197.114372541684,7,G,I
LLLYTLLAILLGLLLGFLILI,ala,WT,LLLYTLLAILLILLLGFLILI,clash,G,0.2350143560673,0.032225610708007,5662.461797111709,632.4920613291977,11,G,I
LLLTSLLLGLLFALLAYLILI,ala,WT,LLLTSLLLGLLFILLAYLILI,clash,G,0.2187356619880081,0.1326956886141717,5270.241147849244,2604.418280289968,12,A,I
LLLYILLTLLLGALLAFLILI,ala,WT,LLLYILLILLLGALLAFLILI,clash,G,0.2907833740884093,0.1438912581534327,7006.166663794641,2824.153723767795,7,T,I
LLLTSLLFALLGLLLGVLILI,ala,WT,LLLTSLLFALLILLLGVLILI,clash,G,0.3626130999490207,0.0553621135316149,8736.839995297903,1086.5922023074706,11,G,I
LLLTFLLAVLLGLLLGSLILI,ala,WT,LLLTFLLAVLLILLLGSLILI,clash,G,0.604671250222446,0.13786057807656,14569.015746078638,2705.789565855766,11,G,I
LLLATLLVGLLFLLLGLLILI,ala,WT,LLLATLLVGLLFILLGLLILI,clash,G,0.4866158121228585,0.0832826899483783,11724.57500920519,1634.5893555620255,12,L,I
LLLYSLLALLLGTLLGFLILI,ala,WT,LLLYSLLALLLITLLGFLILI,clash,G,0.1520575643345895,0.0459761731979039,3663.6917141444414,902.3743513081024,11,G,I
LLLTVLLALLLGFLLGSLILI,ala,WT,LLLTVLLALLLGFLLISLILI,clash,G,0.7769629407095923,0.069986458157335,18720.230725533205,1373.6242141732926,15,G,I
LLLSYLLGVLLGLLLGTLILI,ala,WT,LLLSYLLGVLLILLLGTLILI,clash,G,0.948457483182146,0.08395691113129,22852.239132891365,1647.8222947345412,11,G,I
LLLVLLLTGLLFALLAYLILI,ala,WT,LLLVLLLTGLLFILLAYLILI,clash,G,0.2468305415725857,0.0692795769584406,5947.16227297864,1359.7502569335409,12,A,I
LLLYTLLVGLLFALLGLLILI,ala,WT,LLLITLLVGLLFALLGLLILI,clash,G,0.2537809908380077,0.0107287755609473,6114.627163611076,210.5736780070101,3,Y,I
LLLFSLLTALLGLLLGVLILI,ala,WT,LLLFILLTALLGLLLGVLILI,clash,G,0.2726479021992302,0.045520481478546,6569.2086053426,893.4304899099309,4,S,I
LLLYVLLFTLLGALLGLLILI,ala,WT,LLLYVLLFTLLIALLGLLILI,clash,G,0.2175874534664736,0.0301735276267705,5242.57608516619,592.2158267094811,11,G,I
LLLASLLVGLLFLLLGLLILI,ala,WT,LLLASLLVGLLFILLGLLILI,clash,G,0.4503867403751588,0.024428359380412,10851.66776156874,479.45540958095296,12,L,I
LLLASLLFLLLGYLLGTLILI,ala,WT,LLLASLLFLLLIYLLGTLILI,clash,G,0.7164021724377071,0.0715440813870646,17261.07290017743,1404.1956853424992,11,G,I
LLLYLLLGALLGTLLSFLILI,ala,WT,LLLYLLLGALLITLLSFLILI,clash,G,0.5342682977449534,0.0402377811082326,12872.719249716043,789.7469298067471,11,G,I
LLLFYLLGVLLGLLLASLILI,ala,WT,LLLFYLLGVLLILLLASLILI,clash,G,0.915985816518316,0.0986695968589388,22069.86321746521,1936.5881774398288,11,G,I
LLLYGLLFLLLGVLLASLILI,ala,WT,LLLYGLLILLLGVLLASLILI,clash,G,0.321794384109403,0.0569513361383224,7753.349357083277,1117.7838744052838,7,F,I
LLLSTLLGLLLGVLLAILILI,ala,WT,LLLSTLLGLLLIVLLAILILI,clash,G,0.903852166506932,0.1278256612746515,21777.51371679377,2508.834253702948,11,G,I
LLLYLLLGTLLGILLAFLILI,ala,WT,LLLYLLLGTLLGILLIFLILI,clash,G,0.4345279325817713,0.0737585293956083,10469.563898733046,1447.6586564585202,15,A,I
LLLASLLTLLLGYLLGVLILI,ala,WT,LLLASLLTLLLIYLLGVLILI,clash,G,0.4053385646185308,0.0542304374065315,9766.272049973966,1064.3807949604768,11,G,I
LLLYFLLAVLLGLLLGSLILI,ala,WT,LLLYFLLIVLLGLLLGSLILI,clash,G,0.2482032078757476,0.1485974147502411,5980.235446166506,2916.521459268598,7,A,I
LLLATLLVGLLFGLLFLLILI,ala,WT,LLLATLLVGLLFILLFLLILI,clash,G,0.4871155090470615,0.0538736962196867,11736.614761955923,1057.3790357023067,12,G,I
LLLTFLLGLLLGYLLASLILI,ala,WT,LLLTFLLGLLLIYLLASLILI,clash,G,1.231156146588345,0.0840129033933076,29663.61188621728,1648.9212548823175,11,G,I
LLLYTLLVALLALLLGLLILI,ala,WT,LLLYTLLVALLILLLGLLILI,clash,G,0.3255135585569228,0.0494402413440817,7842.959556132526,970.3636168313218,11,A,I
LLLSFLLVLLLGTLLAYLILI,ala,WT,LLLSFLLILLLGTLLAYLILI,clash,G,0.1916859057710097,0.0663124986745951,4618.5013402964205,1301.515411409334,7,V,I
LLLYLLLGALLGILLSTLILI,ala,WT,LLLYLLLGALLIILLSTLILI,clash,G,0.7516594976922882,0.075409967656349,18110.566780691945,1480.07143512557,11,G,I
LLLSTLLGALLGLLLAVLILI,ala,WT,LLLSTLLGALLILLLAVLILI,clash,G,0.9142891795702252,0.0912106640106731,22028.98425985168,1790.1917024690074,11,G,I
LLLTALLFLLLGVLLASLILI,ala,WT,LLLTALLFLLLIVLLASLILI,clash,G,0.8197424357000297,0.1079198890631077,19750.964592706445,2118.143662551448,11,G,I
LLLLFLLATLLGYLLSILILI,ala,WT,LLLLFLLATLLIYLLSILILI,clash,G,0.4210287457461025,0.0386143851351464,10144.313003330148,757.8845370434868,11,G,I
LLLYLLLGALLAFLLSTLILI,ala,WT,LLLYLLLGILLAFLLSTLILI,clash,G,0.1807469725871981,0.0147027438719324,4354.937478543326,288.5707538720789,8,A,I
LLLYILLGLLLGTLLASLILI,ala,WT,LLLYILLGLLLITLLASLILI,clash,G,0.3110963154796226,0.0391529499413401,7495.58891245463,768.4549484490796,11,G,I
LLLTLLLGLLLGVLLGSLILI,ala,WT,LLLTLLLGLLLIVLLGSLILI,clash,G,0.9090597279285144,0.210188212776299,21902.985275617568,4125.364052005791,11,G,I
LLLTFLLALLLGYLLGSLILI,ala,WT,LLLTFLLALLLIYLLGSLILI,clash,G,0.949728993425309,0.13591835155224,22882.875040810468,2667.6694857716902,11,G,I
LLLFVLLTILLGALLSLLILI,ala,WT,LLLFVLLTILLGALLILLILI,clash,G,0.2535314576268745,0.047269607921474,6108.614882922881,927.7605946449723,15,S,I
LLLYALLFLLLGTLLSILILI,ala,WT,LLLYALLFLLLITLLSILILI,clash,G,0.1746995731000189,0.0506733681333736,4209.230768792123,994.5661963359436,11,G,I
LLLTSLLVGLLAYLLGLLILI,ala,WT,LLLTSLLVGLLIYLLGLLILI,clash,G,0.4143455028383026,0.0159055734562648,9983.286212129744,312.1786901813396,11,A,I
LLLYSLLFALLGALLTLLILI,ala,WT,LLLYSLLFALLGALLILLILI,clash,G,0.3555501115155777,0.0399474503545405,8566.663573554319,784.0486080659302,15,T,I
LLLYLLLTTLLAGLLFSLILI,ala,WT,LLLYLLLTILLAGLLFSLILI,clash,G,0.174431807643187,0.1047531264968925,4202.779198357907,2055.9896137510027,8,T,I
LLLYALLTALLGGLLFLLILI,ala,WT,LLLYALLTALLGILLFLLILI,clash,G,0.2240670697682089,0.0614323142216392,5398.696674478894,1205.7320312255488,12,G,I
LLLALLLTVLLGGLLFSLILI,ala,WT,LLLALLLTVLLGILLFSLILI,clash,G,0.2630132087232955,0.0446755985385851,6337.0692388612,876.8479724394355,12,G,I
LLLLYFLLALLAVLTSLLILI,ala,WT,LLLLYFLLALLAVLTILLILI,clash,L,0.2658435478276716,0.0918800631865285,6246.069859005688,1803.3299999456813,15,S,I
LLLYALLFLLTSLLFSLLILI,ala,WT,LLLYALLFLLTILLFSLLILI,clash,L,0.1447472876608557,0.083733279199911,3400.878742941331,1643.433070627344,11,S,I
LLLLAYLLALLFLLTSLLILI,ala,WT,LLLLAYLLILLFLLTSLLILI,clash,L,0.31884100289049,0.0725200855044992,7491.260157300556,1423.351717986219,8,A,I
LLLLYALLFLLTALLFSLILI,ala,WT,LLLLYALLFLLTILLFSLILI,clash,L,0.4464800913992793,0.1424038691415677,10490.17688840007,2794.960739327977,12,A,I
LLLLYVLIALLLLLTSLLILI,ala,WT,LLLLYVLIALLLLLTILLILI,clash,L,0.3636252592873391,0.2887359644582338,8543.479014115243,5667.020773813171,15,S,I
LLLVALLLLLTALLFSLLILI,ala,WT,LLLVALLLLLTILLFSLLILI,clash,L,0.3487616364924825,0.0634688089710667,8194.253963989244,1245.7023135425843,11,A,I
LLLLFWLLAVLTALLYLLILI,ala,WT,LLLLFWLLIVLTALLYLLILI,clash,L,0.3798959989370928,0.062989351852171,8925.764675472581,1236.2920086322013,8,A,I
LLLLYVLLATLLLLLFSLILI,ala,WT,LLLLYVLLITLLLLLFSLILI,clash,L,0.5470065004284402,0.127822022121112,12852.073494513252,2508.762827888504,8,A,I
LLLLYWLLTILAFLLSLLILI,ala,WT,LLLLYWLLIILAFLLSLLILI,clash,L,0.3964565953945984,0.1294969710805861,9314.86060504264,2541.6370511241284,8,T,I
LLLLWYLVSLLILLTFLLILI,ala,WT,LLLLWYLVILLILLTFLLILI,clash,L,0.4839377338485668,0.156334889030689,11370.25486420832,3068.384866665805,8,S,I
LLLLYLLLAVLLSLLFTLILI,ala,WT,LLLLYLLLAVLISLLFTLILI,clash,L,0.2630329333349438,0.0758696495065031,6180.03367115158,1489.093610643572,11,L,I
LLLLVFLLALLYLLTSLLILI,ala,WT,LLLLVFLLILLYLLTSLLILI,clash,L,0.5051258620227645,0.0515968866750498,11868.075969198751,1012.6920946644832,8,A,I
LLLLLVLTALLYILFLLLILI,ala,WT,LLLLLVLTALLYILFILLILI,clash,L,0.7964246442645592,0.1612548720051863,18712.223808404506,3164.9493725212774,15,L,I
LLLLSTLTSLLAVLLFLLILI,ala,WT,LLLLSTLTILLAVLLFLLILI,clash,L,0.4286622432460446,0.0563007340395199,10071.541472218489,1105.0145068444033,8,S,I
LLLLYWLLTLLVALLSFLILI,ala,WT,LLLLYWLLTLLVILLSFLILI,clash,L,0.4231225448264484,0.0580350747162382,9941.38468035215,1139.0544113458066,12,A,I
LLLFALLLLLVTLLYSLLILI,ala,WT,LLLFALLILLVTLLYSLLILI,clash,L,0.2909034480058005,0.0700959629177419,6834.859349768737,1375.7734639757402,7,L,I
LLLLYFLLATLVALLLSLILI,ala,WT,LLLLYFLLATLVILLLSLILI,clash,L,0.4701504804448865,0.1270877927894377,11046.319419429476,2494.3521087768827,12,A,I
LLLFALLLVLITLLYSLLILI,ala,WT,LLLFALLLVLIILLYSLLILI,clash,L,0.5289427776460768,0.1097478565002366,12427.661183877206,2154.02117929372,11,T,I
LLLYALLFTLVALLLSLLILI,ala,WT,LLLYALLFTLVILLLSLLILI,clash,L,0.5503208065568177,0.0539006261829164,12929.944060768512,1057.907589979338,11,A,I
LLLLSTLLAVLFLLLYILILI,ala,WT,LLLLSTLLIVLFLLLYILILI,clash,L,0.3272524647149183,0.18171929495009,7688.889848125273,3566.604601549303,8,A,I
LLLYALLFLLVILLWSLLILI,ala,WT,LLLYALLILLVILLWSLLILI,clash,L,0.2609589924084327,0.1052131596973571,6131.305838510593,2065.0186850827176,7,F,I
LLLLLLLTALLFVLISLLILI,ala,WT,LLLLLLLTALLIVLISLLILI,clash,L,0.2460067907776187,0.1739141612884342,5779.999603394444,3413.4132431952903,11,F,I
LLLLLFLTALLYVLISLLILI,ala,WT,LLLLLFLTILLYVLISLLILI,clash,L,0.277417416157173,0.2714129501573596,6518.001191211042,5327.021972120665,8,A,I
LLLLYWLLAVLLSLLFTLILI,ala,WT,LLLLYWLLAVLLILLFTLILI,clash,L,0.4057259684356041,0.0624328065767083,9532.647164190868,1225.368694556527,12,S,I
LLLLLALLFVLTSLLYLLILI,ala,WT,LLLLLALLFVLTILLYLLILI,clash,L,0.4123189305094241,0.0399132634247023,9687.55068552812,783.377621169925,12,S,I
LLLLVALLLLLTALLFSLILI,ala,WT,LLLLVILLLLLTALLFSLILI,clash,L,0.4196961907727624,0.1034148745906237,9860.881516179094,2029.7237433532207,5,A,I
LLLLSYLLAVLFTLLLILILI,ala,WT,LLLLIYLLAVLFTLLLILILI,clash,L,0.3430007126070402,0.0759345573666593,8058.899416822996,1490.367557236396,4,S,I
LLLLWYLLSTLVALLFLLILI,ala,WT,LLLLWYLLITLVALLFLLILI,clash,L,0.5646892869504803,0.132390261991116,13267.535599210683,2598.4236718101283,8,S,I
LLLLYSLTALLFVLLLLLILI,ala,WT,LLLLYSLTALLIVLLLLLILI,clash,L,0.2705415935930952,0.0647191728572358,6356.45178207458,1270.2432055670392,11,F,I
LLLTALLLLLVALLFSLLILI,ala,WT,LLLTILLLLLVALLFSLLILI,clash,L,0.4562920865217518,0.1098802932055407,10720.71250787717,2156.6205144963046,4,A,I
LLLVALLLFLTALLLSLLILI,ala,WT,LLLVILLLFLTALLLSLLILI,clash,L,0.5544413195395645,0.1023340206106908,13026.756686663,2008.5098223061327,4,A,I
LLLLYVLLALLFTLISLLILI,ala,WT,LLLLYVLLALLFTLIILLILI,clash,L,0.1780756075906074,0.115363299501613,4183.937110289976,2264.235478989838,15,S,I
LLLLYLLLAVLTALLFSLILI,ala,WT,LLLLYLLLAVLTILLFSLILI,clash,L,0.2723360928222335,0.0883725999175182,6398.6140524761,1734.4890183577818,12,A,I
LLLLAYLLLTLAVLLFSLILI,ala,WT,LLLLIYLLLTLAVLLFSLILI,clash,L,0.4452641757908888,0.0127746864260903,10461.608604929002,250.7287704652796,4,A,I
LLLLYVLLLALTILLFSLILI,ala,WT,LLLLYVLLIALTILLFSLILI,clash,L,0.1946904687024882,0.1053443400257718,4574.308003365338,2067.593361426153,8,L,I
LLLLYVLLATLLALLSFLILI,ala,WT,LLLLYILLATLLALLSFLILI,clash,L,0.2820644032390065,0.0816815801847604,6627.183475957848,1603.16437407685,5,V,I
LLLYLLLFVLIALLLTLLILI,ala,WT,LLLYLLLFVLIILLLTLLILI,clash,L,0.2619100050857949,0.1655906020800658,6153.650152158666,3250.0467466974824,11,A,I
LLLFALLLVLISLLLTLLILI,ala,WT,LLLFILLLVLISLLLTLLILI,clash,L,0.5229947264078872,0.1741429272221502,12287.910026261516,3417.903232200936,4,A,I
LLLFSLLLLLVALLLTLLILI,ala,WT,LLLFSLLLLLVILLLTLLILI,clash,L,0.55551575260327,0.098662773830955,13052.000797454552,1936.4542617625752,11,A,I
LLLTSLLAVLLALLFSLLILI,ala,WT,LLLTSLLIVLLALLFSLLILI,clash,L,0.1641401624574589,0.0234976454047875,3856.519858607068,461.188286345822,7,A,I
LLLYTLLAVLIALLLSLLILI,ala,WT,LLLYTLLAVLIILLLSLLILI,clash,L,0.4360548381140274,0.0881817424520611,10245.23259376555,1730.7430588859809,11,A,I
LLLVSLLILLTALLFLLLILI,ala,WT,LLLVILLILLTALLFLLLILI,clash,L,0.3479003631985211,0.1086666018799091,8174.018102693164,2132.799394860429,4,S,I
LLLYALLLLLVTLLFSLLILI,ala,WT,LLLYALLLLLVILLFSLLILI,clash,L,0.2201297391706713,0.076285210661504,5172.010907119737,1497.2498294296097,11,T,I
LLLLLWLLTVLIALLSFLILI,ala,WT,LLLLLWLLTVLIILLSFLILI,clash,L,0.5477163199280739,0.1280674351900474,12868.750905780536,2513.579550192896,12,A,I
LLLLYVLLALLFTLLSILILI,ala,WT,LLLLYVLLALLFTLLIILILI,clash,L,0.2337843996632842,0.0702310382411438,5492.831043704721,1378.4245873391355,15,S,I
LLLLFILLAVLLTLLLSLILI,ala,WT,LLLLIILLAVLLTLLLSLILI,clash,L,0.2237199640146594,0.1253155358650257,5256.364262189408,2459.568022084157,4,F,I
LLLYALLFVLLILLFSLLILI,ala,WT,LLLYALLIVLLILLFSLLILI,clash,L,0.1442778890918603,0.0475010018511251,3389.850089886548,932.3021632777692,7,F,I
LLLYALLLVLITLLFSLLILI,ala,WT,LLLYALLLVLIILLFSLLILI,clash,L,0.3519428781762889,0.115986596365152,8268.998143251638,2276.4689265767865,11,T,I
LLLALLLTVLTSLLFLLLILI,ala,WT,LLLAILLTVLTSLLFLLLILI,clash,L,0.331758146995305,0.1495591425926983,7794.752136342332,2935.3972912982395,4,L,I
LLLYFLLAVLITLLLSLLILI,ala,WT,LLLYFLLAVLIILLLSLLILI,clash,L,0.1760623711781554,0.094624574324065,4136.635547485588,1857.196519986483,11,T,I
LLLTSLLAVLIALLFLLLILI,ala,WT,LLLTSLLAVLIILLFLLLILI,clash,L,0.3865228798610335,0.0789299590535665,9081.465129851998,1549.1583061652198,11,A,I
LLLYLLLTVLALLLFSLLILI,ala,WT,LLLYLLLIVLALLLFSLLILI,clash,L,0.2250267850248009,0.0626010140764925,5287.068393941227,1228.670103149096,7,T,I
LLLALLLLTLIVLLFSLLILI,ala,WT,LLLALLLLTLIVLLISLLILI,clash,L,0.377504322258315,0.1196278952195118,8869.571550857463,2347.9366991712686,14,F,I
LLLVALLFLLTSLLYLLLILI,ala,WT,LLLVALLFLLTILLYLLLILI,clash,L,0.2111733292392644,0.066358811152018,4961.577505349331,1302.424386260998,11,S,I
LLLVALLLLLTFLLASLLILI,ala,WT,LLLVALLLLLTFLLISLLILI,clash,L,0.3475101255509926,0.0340757410420464,8164.849358042021,668.8045693150004,14,A,I
LLLYALLLTLIVLLFSLLILI,ala,WT,LLLYILLLTLIVLLFSLLILI,clash,L,0.5467302561450024,0.2956173736297908,12845.583056422422,5802.082191570285,4,A,I
LLLVSLLLFLIALLLTLLILI,ala,WT,LLLVSLLLFLIILLLTLLILI,clash,L,0.5681741196530062,0.1942839011487074,13349.412735882468,3813.210127441247,11,A,I
LLLVTLLLALLLLLFSLLILI,ala,WT,LLLVILLLALLLLLFSLLILI,clash,L,0.2656651709544885,0.0636896724495455,6241.878843572853,1250.0372010253911,4,T,I
LLLFSLLVLLTALLYLLLILI,ala,WT,LLLFSLLILLTALLYLLLILI,clash,L,0.2328571130277147,0.0545525497042622,5471.044180145524,1070.7028928581656,7,V,I
LLLLFLLLAVLYLLLSTLILI,ala,WT,LLLLFLLLIVLYLLLSTLILI,clash,L,0.3180331352386317,0.1432489172861462,7472.279076772272,2811.5464992341817,8,A,I
LLLLVALLLTLIALLFSLILI,ala,WT,LLLLVALLLTLIILLFSLILI,clash,L,0.808650652885002,0.2039307657012831,18999.47736242676,4002.54913800132,12,A,I
LLLYALLFVLLLLLTSLLILI,ala,WT,LLLYALLFVLLLLLISLLILI,clash,L,0.1709683211863616,0.0664978960133944,4016.949392342393,1305.1542048285469,14,T,I
LLLLAYLVILLFTLLSLLILI,ala,WT,LLLLIYLVILLFTLLSLLILI,clash,L,0.3229442265615267,0.0564188338654369,7587.666565885283,1107.3324521164573,4,A,I
LLLYFLLAVLLTLLFSLLILI,ala,WT,LLLYFLLAVLLILLFSLLILI,clash,L,0.1599152027962839,0.0879059141783932,3757.253228276728,1725.329377304109,11,T,I
LLLLSYLVALLLTLFLLLILI,ala,WT,LLLLSYLVALLLTLFILLILI,clash,L,0.3747943620670714,0.2759571723399647,8805.900264493335,5416.211420859897,15,L,I
LLLLFVLLAILYTLLLSLILI,ala,WT,LLLLFVLLAILYILLLSLILI,clash,L,0.6024361274426235,0.0853152994707324,14154.40836537297,1674.4833825345013,12,T,I
LLLVALLLFLLSLLYTLLILI,ala,WT,LLLVILLLFLLSLLYTLLILI,clash,L,0.2731564654815684,0.0834048208492885,6417.888941720247,1636.9864185794788,4,A,I
LLLLAYLTVLLSILFLLLILI,ala,WT,LLLLIYLTVLLSILFLLLILI,clash,L,0.3829818367119701,0.0818476347819845,8998.267312720978,1606.4235276508284,4,A,I
LLLLFYLTALLILLVSLLILI,ala,WT,LLLLFYLTILLILLVSLLILI,clash,L,0.2831051503203073,0.1515255821248828,6651.636125007899,2973.99259998778,8,A,I
LLLLVSLLILLTALLFLLILI,ala,WT,LLLLVSLLILLTILLFLLILI,clash,L,0.4091012612036789,0.1127891664292333,9611.950628942006,2213.712969230453,12,A,I
LLLLYVLLATLLFLLSLLILI,ala,WT,LLLLYVLLATLLFLLILLILI,clash,L,0.4118828792739962,0.1582906954574472,9677.305537566686,3106.771479411974,15,S,I
LLLLAYLTLLLWFLVSLLILI,ala,WT,LLLLAYLILLLWFLVSLLILI,clash,L,0.7931047802796414,0.2223924827272119,18634.22265871873,4364.897258030277,7,T,I
LLLVALLLLLFLLLTSLLILI,ala,WT,LLLVALLLLLFILLTSLLILI,clash,L,0.4832054130222447,0.2303359421918085,11353.04877787892,4520.803536874088,11,L,I
LLLLVLLLAILTFLLSLLILI,ala,WT,LLLLVLLLAILTFLLILLILI,clash,L,0.4002055808195305,0.0453045014349724,9402.94408516621,889.19144955584,15,S,I
LLLLFVLLITLALLLLSLILI,ala,WT,LLLLIVLLITLALLLLSLILI,clash,L,0.3101520904049907,0.087015817324251,7287.11168418682,1707.859446429548,4,F,I
LLLLTYLLAILFVLLLSLILI,ala,WT,LLLLIYLLAILFVLLLSLILI,clash,L,0.2504442966023945,0.1197925712952224,5884.260066376325,2351.1687964857574,4,T,I
LLLLAVLIFLLATLLSLLILI,ala,WT,LLLLIVLIFLLATLLSLLILI,clash,L,0.2891067285670576,0.0251636427786561,6792.644914914926,493.88681670943873,4,A,I
LLLYSLLLLLTFLLAVLLILI,ala,WT,LLLYSLLLLLTFLLIVLLILI,clash,L,0.2039093562540319,0.1774285728644375,4790.908391574251,3482.3905991898014,14,A,I
LLLLYVLIALLTLLFSLLILI,ala,WT,LLLLYVLIALLTLLFILLILI,clash,L,0.2788012295326536,0.051332049599306,6550.51428050418,1007.4941373157934,15,S,I
LLLYTLLAVLLLLLASLLILI,ala,WT,LLLYTLLAVLLILLASLLILI,clash,L,0.1500666352664328,0.0514336505572891,3525.858329662351,1009.4882594560328,11,L,I
LLLVWLLTALLIALLSLLILI,ala,WT,LLLVWLLTALLIILLSLLILI,clash,R,0.4094878586750171,0.0051850562821198,9391.954148058256,101.76709964393284,12,A,I
LLLSYLLFTLLAILLTLLILI,ala,WT,LLLSYLLFILLAILLTLLILI,clash,R,0.3027908717271223,0.0903743008644306,6944.767527343657,1773.7764029870343,8,T,I
LLLVYLLTALLISLLFLLILI,ala,WT,LLLVYLLTALLIILLFLLILI,clash,R,0.373019045613606,0.0688693514400565,8555.510739953026,1351.6987606582638,12,S,I
LLLYWLLVALLITLLFLLILI,ala,WT,LLLYWLLVILLITLLFLLILI,clash,R,0.3855811048931499,0.0327978721014524,8843.632309987233,643.723835719938,8,A,I
LLLYWLLVALLLALLSTLILI,ala,WT,LLLYWLLVALLLILLSTLILI,clash,R,0.3619464516793907,0.0069208119590082,8301.551331091981,135.83477630598233,12,A,I
LLLYWLLTALLLSLLFVLILI,ala,WT,LLLYWLLTALLLILLFVLILI,clash,R,0.2101598378014844,0.0496151904903922,4820.1955654644535,973.7973437157476,12,S,I
LLLSYLLFVLLALLLATLILI,ala,WT,LLLIYLLFVLLALLLATLILI,clash,R,0.335430202421042,0.0290554491009157,7693.378483172048,570.2712994728097,3,S,I
LLLYWLLVALLISLLTLLILI,ala,WT,LLLYWLLVALLIILLTLLILI,clash,R,0.3172276150977483,0.0250746204352553,7275.886579844624,492.1395752704194,12,S,I
LLLSYLLVFLLALLLATLILI,ala,WT,LLLSYLLVFLLILLLATLILI,clash,R,0.4804725381656786,0.0683456826493842,11020.048463508285,1341.4207133083237,11,A,I
LLLVSLLLTLLFALLAYLILI,ala,WT,LLLVSLLLTLLFALLIYLILI,clash,R,0.2947790190219543,0.0328557850704887,6761.008835477475,644.8604935495941,15,A,I
LLLSYLLVLLLAFLLTILILI,ala,WT,LLLSYLLVLLLIFLLTILILI,clash,R,0.3480951139266753,0.0793491240926039,7983.8590569476355,1557.3852585185684,11,A,I
LLLSYLLVALLTLLLSFLILI,ala,WT,LLLSYLLIALLTLLLSFLILI,clash,R,0.5397618733103992,0.0267391688112188,12379.900056958872,524.8096662380427,7,V,I
LLLSYLLVFLLATLLSLLILI,ala,WT,LLLSYLLVFLLITLLSLLILI,clash,R,0.3928931703728303,0.0567216273911117,9011.34078352248,1113.2753807612837,11,A,I
LLLVYLLTALLLALLSFLILI,ala,WT,LLLVYLLTALLLILLSFLILI,clash,R,0.3277753367057553,0.0729536780287248,7517.807593144437,1431.8618386055423,12,A,I
LLLSYLLFVLLALLLSTLILI,ala,WT,LLLSYLLFILLALLLSTLILI,clash,R,0.3863195047190251,0.0671477872763881,8860.568141322548,1317.9096208173382,8,V,I
LLLFYLLVALLTALLSLLILI,ala,WT,LLLFYLLVILLTALLSLLILI,clash,R,0.3913163365829181,0.0286341821514663,8975.174752370736,562.0030930615254,8,A,I
LLLVYLLTALLIALLSLLILI,ala,WT,LLLVYLLTALLIILLSLLILI,clash,R,0.3697610832954457,0.0534590957252377,8480.786588655634,1049.2416717516903,12,A,I
LLLLYLLVALLISLLFTLILI,ala,WT,LLLLYLLVALLIILLFTLILI,clash,R,0.3938442778063488,0.181758233547389,9033.155245704858,3567.36884970171,12,S,I
LLLLYLLTALLIALLFVLILI,ala,WT,LLLLYLLTALLIILLFVLILI,clash,R,0.2697418819948348,0.0612234948731959,6186.760691208484,1201.63353383257,12,A,I
LLLYSLLLALLFALLTILILI,ala,WT,LLLYSLLLILLFALLTILILI,clash,R,0.44599809465675,0.0612552333834532,10229.347626258335,1202.256465570964,8,A,I
LLLYILLATLLAFLLSLLILI,ala,WT,LLLYILLATLLIFLLSLLILI,clash,R,0.2677811296574004,0.1202052056780544,6141.789159926254,2359.2675717403254,11,A,I
LLLVSLLLTLLAYLLALLILI,ala,WT,LLLVSLLLTLLIYLLALLILI,clash,R,0.6367444558404579,0.0625306361336337,14604.278506614197,1227.2887953450702,11,A,I
LLLAVLLLTLLFALLSYLILI,ala,WT,LLLIVLLLTLLFALLSYLILI,clash,R,0.2563971996722877,0.0565748938900732,5880.688992546665,1110.3954423236505,3,A,I
LLLYALLLSLLFALLTILILI,ala,WT,LLLYALLLSLLFILLTILILI,clash,R,0.4877069730133564,0.0773995771688211,11185.976412122423,1519.1215010368903,12,A,I
LLLTLLLAVLLAYLLSFLILI,ala,WT,LLLTLLLAVLLIYLLSFLILI,clash,R,0.4228172568701873,0.0362964880691663,9697.67529219383,712.3911713040495,11,A,I
LLLFYLLTALLIALLSLLILI,ala,WT,LLLFYLLTALLIILLSLLILI,clash,R,0.3803055263662925,0.0256199058165614,8722.632405898506,502.8418914348699,12,A,I
LLLSYLLTLLLAFLLSILILI,ala,WT,LLLSYLLTLLLIFLLSILILI,clash,R,0.5482380655386433,0.0829677797788773,12574.30877278764,1628.4086136599303,11,A,I
LLLYILLSTLLALLLAFLILI,ala,WT,LLLYILLSTLLILLLAFLILI,clash,R,0.2126900541084314,0.0370885240828018,4878.2282397800045,727.9364621293334,11,A,I
LLLYSLLVALLFALLTLLILI,ala,WT,LLLYILLVALLFALLTLLILI,clash,R,0.3717096328557634,0.0682548376379669,8525.478238810605,1339.6376982842428,4,S,I
LLLFSLLLTLLAALLSYLILI,ala,WT,LLLFILLLTLLAALLSYLILI,clash,R,0.2123853959761257,0.0741213273361689,4871.240645037199,1454.7792915533787,4,S,I
LLLYTLLIALLFVLLSLLILI,ala,WT,LLLYTLLIALLFILLSLLILI,clash,R,0.2806669356071058,0.0397836966415588,6437.336136640896,780.8346139398591,12,V,I
LLLVYLLTTLLAFLLSLLILI,ala,WT,LLLVYLLTTLLAFLLILLILI,clash,R,0.6437183757059807,0.0975300458858102,14764.23132137659,1914.2222105270985,15,S,I
LLLYVLLLTLLFALLSLLILI,ala,WT,LLLYVLLLTLLFILLSLLILI,clash,R,0.3035528348914836,0.1114617757165804,6962.243803990933,2187.660271894944,12,A,I
LLLYILLTVLLALLLSFLILI,ala,WT,LLLYILLTVLLALLLIFLILI,clash,R,0.2594919611357981,0.0490575004730585,5951.669992708651,962.8515617324967,15,S,I
LLLYSLLVALLFTLLFLLILI,ala,WT,LLLYSLLVILLFTLLFLLILI,clash,R,0.230972273024855,0.1011248308039845,5297.546561781757,1984.7770540994848,8,A,I
LLLVYLLLALLFTLLSLLILI,ala,WT,LLLVYLLLALLFILLSLLILI,clash,R,0.4654650087519614,0.0631648302175392,10675.837945087356,1239.7361226324388,12,T,I
LLLAILLVTLLFTLLSLLILI,ala,WT,LLLAILLVTLLFILLSLLILI,clash,R,0.3556953758306322,0.0862816276777146,8158.177561880191,1693.449506368452,12,T,I
LLLAYLLVTLLFTLLSLLILI,ala,WT,LLLAYLLVTLLFILLSLLILI,clash,R,0.51813061337719,0.0996446511505522,11883.768615835148,1955.725568059403,12,T,I
LLLYSLLLTLLFALLVILILI,ala,WT,LLLYSLLLILLFALLVILILI,clash,R,0.357225059024701,0.0213113700431958,8193.262153803198,418.2782598275915,8,T,I
LLLYLLLATLLAVLLSFLILI,ala,WT,LLLYLLLATLLIVLLSFLILI,clash,R,0.2511537766371708,0.0714967031404669,5760.426602152728,1403.265792468543,11,A,I
LLLAVLLITLLFTLLSLLILI,ala,WT,LLLAVLLITLLFILLSLLILI,clash,R,0.3739928035540225,0.0936851752655555,8577.844710869716,1838.758934870836,12,T,I
LLLYWLLLALLVALLSTLILI,ala,WT,LLLYWLLLILLVALLSTLILI,clash,R,0.3032614846815326,0.0361948233291978,6955.56143782074,710.3957974443933,8,A,I
LLLYILLVALLATLLTLLILI,ala,WT,LLLYILLVALLATLLILLILI,clash,R,0.344330473667694,0.1133244243824686,7897.513813877311,2224.21847726148,15,T,I
LLLYVLLIALLFTLLSLLILI,ala,WT,LLLYVLLIILLFTLLSLLILI,clash,R,0.2578444250151666,0.0736941888532598,5913.882343152772,1446.395844552382,8,A,I
LLLTILLAVLLAYLLSLLILI,ala,WT,LLLTILLAVLLIYLLSLLILI,clash,R,0.4837765454281304,0.0732197138783376,11095.82869497366,1437.0833242338465,11,A,I
LLLYLLLFTLLAALLTSLILI,ala,WT,LLLYLLLFILLAALLTSLILI,clash,R,0.1226355210299279,0.0630855014993265,2812.750527721511,1238.1791378595096,8,T,I
LLLYTLLVLLLAFLLSILILI,ala,WT,LLLYTLLVLLLIFLLSILILI,clash,R,0.3021955969146628,0.0656611575253648,6931.114390563535,1288.731538688848,11,A,I
LLLAVLLLTLLFTLLSYLILI,ala,WT,LLLAVLLLTLLFILLSYLILI,clash,R,0.2061143215648629,0.1124319785934783,4727.408191697923,2206.7024437525088,12,T,I
LLLYLLLATLLFVLLSILILI,ala,WT,LLLYLLLATLLFILLSILILI,clash,R,0.3145985717562715,0.032913610942399,7215.587222997336,645.9954419420553,12,V,I
LLLSYLLVILLTLLLAFLILI,ala,WT,LLLSYLLVILLILLLAFLILI,clash,R,0.3760712685347261,0.0959401661696704,8625.516082275304,1883.017641336335,11,T,I
LLLSYLLIALLTVLLWLLILI,ala,WT,LLLSYLLIALLIVLLWLLILI,clash,R,0.6835640602178552,0.0411701871954647,15678.126163397035,808.0472640502426,11,T,I
LLLFSLLLTLLVALLSYLILI,ala,WT,LLLFSLLLTLLVILLSYLILI,clash,R,0.2576957832835193,0.0760069723922894,5910.473117949951,1491.788847071338,12,A,I
LLLSYLLVALLTILLWLLILI,ala,WT,LLLSYLLVALLIILLWLLILI,clash,R,0.6634874919404089,0.1955430759464249,15217.65290464434,3837.9239514559495,11,T,I
LLLYSLLLALLATLLVFLILI,ala,WT,LLLYILLLALLATLLVFLILI,clash,R,0.2438072367780761,0.0656270929009686,5591.927429251181,1288.0629523019943,4,S,I
LLLYVLLTALLFALLSLLILI,ala,WT,LLLYVLLTALLFILLSLLILI,clash,R,0.315501517952316,0.0576014163996304,7236.297066015781,1130.5429996297564,12,A,I
LLLYTLLVALLFALLSLLILI,ala,WT,LLLYTLLVILLFALLSLLILI,clash,R,0.3009088222890971,0.0657620644098246,6901.601114343544,1290.7120381120594,8,A,I
LLLYILLLTLLVALLSFLILI,ala,WT,LLLYILLLILLVALLSFLILI,clash,R,0.2774286261290539,0.0108334657894469,6363.062740031299,212.62843305591213,8,T,I
LLLYSLLIALLFVLLTLLILI,ala,WT,LLLYSLLIILLFVLLTLLILI,clash,R,0.2788300299183599,0.1041868243922647,6395.205134130253,2044.8748022608963,8,A,I
LLLYSLLVALLFLLLATLILI,ala,WT,LLLYSLLVALLFILLATLILI,clash,R,0.2759344749773465,0.1019013198647699,6328.79310588364,2000.017204896679,12,L,I
LLLYSLLLTLLATLLVFLILI,ala,WT,LLLYSLLLILLATLLVFLILI,clash,R,0.2095891967933434,0.081817833873163,4807.107426052426,1605.8386253487974,8,T,I
LLLYILLTALLVALLSLLILI,ala,WT,LLLYILLTALLVILLSLLILI,clash,R,0.3149586070563672,0.0513550234983643,7223.8449404335,1007.9450461558928,12,A,I
LLLYSLLVALLFTLLILLILI,ala,WT,LLLYSLLVALLFILLILLILI,clash,R,0.2785481811846701,0.1159287524752117,6388.740692441672,2275.3336247497864,12,T,I
LLLLVLLITLLFALLSYLILI,ala,WT,LLLLVLLITLLFILLSYLILI,clash,R,0.3233197652878896,0.0640238030629769,7415.615253198009,1256.5951826581406,12,A,I
LLLFALLTTLLAYLLSLLILI,ala,WT,LLLFILLTTLLAYLLSLLILI,clash,R,0.4801328375437156,0.0780094604849104,11012.257139304937,1531.0916808780978,4,A,I
LLLAYLLVFLLALLLSTLILI,ala,WT,LLLIYLLVFLLALLLSTLILI,clash,R,0.4423814675517835,0.0552650036758463,10146.397191419288,1084.6862271026691,3,A,I
LLLYSLLLILLAVLLTFLILI,ala,WT,LLLYSLLLILLAVLLIFLILI,clash,R,0.2432258356955973,0.0658357687978801,5578.592498331119,1292.158634131086,15,T,I
LLLTWLLVALLLALLFSLILI,ala,WT,LLLTWLLVALLLILLFSLILI,clash,R,0.5885567865343436,0.0678799680300892,13499.05311100722,1332.280132475344,12,A,I
LLLYLLLTTLLVALLSFLILI,ala,WT,LLLYLLLTTLLVILLSFLILI,clash,R,0.4404290338052924,0.0520842339054733,10101.616454128532,1022.257258822882,12,A,I
LLLSYLLVALLTILLFLLILI,ala,WT,LLLSYLLVILLTILLFLLILI,clash,R,0.4722126912317236,0.0595956848561794,10830.60181197335,1169.6845066329329,8,A,I
LLLSYLLFTLLALLLSILILI,ala,WT,LLLSYLLFILLALLLSILILI,clash,R,0.478836515315747,0.0637809123647353,10982.524880660734,1251.8279669335654,8,T,I
LLLSTLLVALLFYLLALLILI,ala,WT,LLLSTLLVALLFYLLILLILI,clash,R,0.3484498307379005,0.0575388270382358,7991.994790297896,1129.314558227532,15,A,I
LLLYFLLVALLTLLLSILILI,ala,WT,LLLYFLLVALLILLLSILILI,clash,R,0.268088084483379,0.0888194903004709,6148.829431302908,1743.2601360475535,11,T,I
LLLYLLLSTLLAFLLAILILI,ala,WT,LLLYLLLSTLLAFLLIILILI,clash,R,0.2753881424257376,0.0426643779960546,6316.262501700662,837.3737468821037,15,A,I
LLLFYLLITLLVALLSLLILI,ala,WT,LLLFYLLIILLVALLSLLILI,clash,R,0.3410840575084896,0.0938209749732638,7823.054483600875,1841.424275737321,8,T,I
LLLFSLLTTLLAYLLALLILI,ala,WT,LLLFSLLTTLLIYLLALLILI,clash,R,0.7501389033008627,0.247358152491895,17205.07711045639,4854.898458773466,11,A,I
LLLYLLLATLLAILLFSLILI,ala,WT,LLLYLLLATLLIILLFSLILI,clash,R,0.1388141063754508,0.057304892804204,3183.820215181788,1124.7231310041395,11,A,I
LLLYVLLTTLLFALLSLLILI,ala,WT,LLLYVLLTTLLFILLSLLILI,clash,R,0.2839499497509282,0.0779272282773622,6512.634872981957,1529.4777093281282,12,A,I
LLLYTLLISLLFVLLALLILI,ala,WT,LLLYTLLIILLFVLLALLILI,clash,R,0.3085420079763309,0.0823773445367144,7076.674754392097,1616.820141157025,8,S,I
LLLFTLLVALLAYLLSLLILI,ala,WT,LLLFTLLVALLIYLLSLLILI,clash,R,0.4346724315603784,0.048892514122358,9969.58385979145,959.6133746445792,11,A,I
LLLVYLLIALLFSLLTLLILI,ala,WT,LLLVYLLIALLFILLTLLILI,clash,R,0.3367826570913883,0.0447060371400418,7724.398187375202,877.4453909031968,12,S,I
LLLAILLLTLLFVLLSLLILI,ala,WT,LLLAILLLILLFVLLSLLILI,clash,R,0.327137806930995,0.0565318945383342,7503.185302677016,1109.551494051503,8,T,I
LLLYSLLLTLLALLLAFLILI,ala,WT,LLLYSLLLTLLALLLIFLILI,clash,R,0.3048589953645481,0.079166577940685,6992.20171119427,1553.8024251782529,15,A,I
LLLYTLLVSLLFALLILLILI,ala,WT,LLLYTLLVSLLFILLILLILI,clash,R,0.2269686154331596,0.058314840826902,5205.719251819294,1144.5453808479492,12,A,I
LLLFYLLVALLISLLTLLILI,ala,WT,LLLFYLLVALLIILLTLLILI,clash,R,0.3411288343599403,0.0455361386643477,7824.081478976109,893.7377935205675,12,S,I
LLLYSLLLALLFVLLTILILI,ala,WT,LLLYSLLLILLFVLLTILILI,clash,R,0.3044140874659151,0.0565984262371973,6981.997368147223,1110.8573117074193,8,A,I
LLLYSLLLALLAVLLTILILI,ala,WT,LLLYILLLALLAVLLTILILI,clash,R,0.3084404531848474,0.2248656151006553,7074.34550841586,4413.437427424324,4,S,I
LLLYSLLLTLLAALLVFLILI,ala,WT,LLLYSLLLILLAALLVFLILI,clash,R,0.2280139605475869,0.075881395728814,5229.695135779836,1489.3241538996797,8,T,I
LLLYVLLTILLALLLAFLILI,ala,WT,LLLYVLLIILLALLLAFLILI,clash,R,0.3237240355458253,0.0942842748804362,7424.887537213134,1850.5174629984424,7,T,I
LLLYSLLLALLFALLVTLILI,ala,WT,LLLYSLLLALLFILLVTLILI,clash,R,0.26853883072183,0.0546008962022518,6159.167681665244,1071.6517897059657,12,A,I
LLLYTLLVSLLAILLTLLILI,ala,WT,LLLYTLLVSLLAILLILLILI,clash,R,0.3304546616410851,0.0946145656407432,7579.260201337597,1857.0000797519128,15,T,I
LLLTYLLVFLLALLLASLILI,ala,WT,LLLTYLLVFLLALLLISLILI,clash,R,0.435523328063288,0.0777189830221769,9989.099898595676,1525.3904797183452,15,A,I
LLLYILLLTLLAVLLSFLILI,ala,WT,LLLYILLLTLLIVLLSFLILI,clash,R,0.2445417706913724,0.0420930706293999,5608.77459257083,826.1606972107295,11,A,I
LLLLVLLTILLAYLLSFLILI,ala,WT,LLLLVLLTILLIYLLSFLILI,clash,R,0.3313777775388423,0.0483989390574324,7600.432653709071,949.9259768329028,11,A,I
LLLYALLVALLTALLSLLILI,ala,WT,LLLYILLVALLTALLSLLILI,clash,R,0.3532724351533851,0.0752659449641459,8102.605345854223,1477.244701750702,4,A,I
LLLTYLLVFLLALLLSILILI,ala,WT,LLLTYLLVFLLILLLSILILI,clash,R,0.3351675387447105,0.0901485863792274,7687.35406717927,1769.346304796593,11,A,I
LLLYVLLTILLALLLSFLILI,ala,WT,LLLYVLLTILLILLLSFLILI,clash,R,0.3441953985473803,0.1341452838817552,7894.415750505036,2632.86948663868,11,A,I
LLLTSLLVALLALLLFILILI,ala,WT,LLLTSLLVALLILLLFILILI,clash,R,0.4982654574068454,0.0643022176598718,11428.144279109656,1262.0596259616975,11,A,I
LLLTYLLVALLIALLFLLILI,ala,WT,LLLTYLLVALLIILLFLLILI,clash,R,0.3672657213451165,0.0523099288449735,8423.553328809083,1026.686973395928,12,A,I
LLLYALLLTLLSILLVFLILI,ala,WT,LLLYALLLTLLIILLVFLILI,clash,R,0.2187432874023988,0.0394043021283386,5017.064320842681,773.3882378331471,11,S,I
LLLYSLLVALLTLLLFILILI,ala,WT,LLLYSLLVILLTLLLFILILI,clash,R,0.313733174805172,0.1253176208379907,7195.738604019137,2459.608944085245,8,A,I
LLLLTLLIALLFVLLYSLILI,ala,WT,LLLLTLLIALLFILLYSLILI,clash,R,0.4284309187992441,0.0583587566077283,9826.429428172049,1145.407315895572,12,V,I
LLLYSLLLTLLVALLIFLILI,ala,WT,LLLYSLLLILLVALLIFLILI,clash,R,0.2382596486956209,0.1063081118057433,5464.68875343811,2086.509310316512,8,T,I
LLLYLLLATLLFVLLSLLILI,ala,WT,LLLYLLLATLLFILLSLLILI,clash,R,0.2100946945232517,0.1166276334395289,4818.701448685694,2289.050561413242,12,V,I
LLLTYLLIALLLALLFVLILI,ala,WT,LLLTYLLIALLLILLFVLILI,clash,R,0.3973483122020521,0.0092937707859989,9113.523270486186,182.40883920304583,12,A,I
LLLYLLLAVLLAFLLTSLILI,ala,WT,LLLYLLLIVLLAFLLTSLILI,clash,R,0.239874839420465,0.0924299487434318,5501.73453368736,1814.122603902255,7,A,I
LLLLILLATLLAYLLSFLILI,ala,WT,LLLLILLATLLIYLLSFLILI,clash,R,0.3669785232561343,0.0524168170357968,8416.966195087467,1028.7848679143572,11,A,I
LLLYILLATLLTLLLSFLILI,ala,WT,LLLYILLITLLTLLLSFLILI,clash,R,0.213944412708072,0.1125319523593461,4906.998026732547,2208.664628855674,7,A,I
LLLYTLLIALLAVLLSLLILI,ala,WT,LLLYILLIALLAVLLSLLILI,clash,R,0.3652012428005174,0.0545150179424776,8376.202748275175,1069.966257115833,4,T,I
LLLTYLLLALLISLLFVLILI,ala,WT,LLLTYLLLALLIILLFVLILI,clash,R,0.4074091545534421,0.0755211544516564,9344.277291752893,1482.253698372872,12,S,I
LLLYSLLITLLFVLLALLILI,ala,WT,LLLYSLLITLLFILLALLILI,clash,R,0.2473848161034442,0.0913755452100622,5673.982269881549,1793.4278257548558,12,V,I
LLLYLLLTVLLAFLLSILILI,ala,WT,LLLYLLLTVLLIFLLSILILI,clash,R,0.2707042918687682,0.0503469705069562,6208.834384522288,988.1599900869252,11,A,I
LLLYSLLLTLLATLLAFLILI,ala,WT,LLLYILLLTLLATLLAFLILI,clash,R,0.2096281393491477,0.0770723254968909,4808.000606865279,1512.6985324513562,4,S,I
LLLYVLLAILLTLLLSFLILI,ala,WT,LLLYVLLIILLTLLLSFLILI,clash,R,0.2667045770031056,0.0981471759823833,6117.097504354994,1926.334622920304,7,A,I
LLLYALLVALLLTLLSWLILI,ala,WT,LLLYILLVALLLTLLSWLILI,clash,R,0.2700844346913545,0.0448398830278826,6194.617430185071,880.0723841401392,4,A,I
LLLTYLLTILLAFLLSLLILI,ala,WT,LLLTYLLTILLIFLLSLLILI,clash,R,0.4117416403708849,0.0451695797952961,9443.646558217188,886.5433426124276,11,A,I
LLLYTLLIALLVLLLFSLILI,ala,WT,LLLYILLIALLVLLLFSLILI,clash,R,0.3104440043376948,0.1844681047903402,7120.298667136786,3620.555492572617,4,T,I
LLLFVLLTTLLAILLSLLILI,ala,WT,LLLFVLLTTLLAILLILLILI,clash,R,0.2156223560473265,0.0194477291135871,4945.483091841283,381.70057931636194,15,S,I
LLLYLLLATLLAVLLSILILI,ala,WT,LLLYLLLAILLAVLLSILILI,clash,R,0.2369451859436531,0.0721533199353821,5434.540426365699,1416.15321030081,8,T,I
LLLYTLLVSLLALLLAFLILI,ala,WT,LLLYTLLVSLLILLLAFLILI,clash,R,0.3082984403527738,0.0700534618634686,7071.088322699263,1374.939295931075,11,A,I
LLLAYLLFTLLAVLLSLLILI,ala,WT,LLLIYLLFTLLAVLLSLLILI,clash,R,0.4180383494086419,0.0214463432821627,9588.06696363578,420.9273795769575,3,A,I
LLLYSLLVALLATLLFLLILI,ala,WT,LLLYSLLVALLAILLFLLILI,clash,R,0.2646908914317006,0.0677235566924469,6070.911904089481,1329.2102471370356,12,T,I
LLLYSLLLTLLFVLLALLILI,ala,WT,LLLYSLLLTLLFILLALLILI,clash,R,0.2964238837750764,0.130856986294616,6798.73521493994,2568.330069895983,12,V,I
LLLYLLLVALLATLLSFLILI,ala,WT,LLLYLLLVALLITLLSFLILI,clash,R,0.2205497412258177,0.0770870717370508,5058.496883788448,1512.987956907751,11,A,I
LLLTSLLLALLFVLLILLILI,ala,WT,LLLTILLLALLFVLLILLILI,clash,R,0.3927374207733644,0.0683383468896998,9007.768533290937,1341.2767343662283,4,S,I
LLLYSLLVALLATLLTLLILI,ala,WT,LLLYSLLVILLATLLTLLILI,clash,R,0.3902408711533063,0.0415392278579561,8950.50803322703,815.2904251421498,8,A,I
LLLYTLLVALLSTLLFLLILI,ala,WT,LLLYILLVALLSTLLFLLILI,clash,R,0.2283007565180744,0.0913963785314544,5236.273046570613,1793.8367213603658,4,T,I
LLLYSLLFVLLAILLTLLILI,ala,WT,LLLYSLLFILLAILLTLLILI,clash,R,0.2474505478420937,0.0989916758878994,5675.489883506815,1942.909622563828,8,V,I
LLLTALLIALLFLLLSVLILI,ala,WT,LLLTALLIALLFILLSVLILI,clash,R,0.3995265144741676,0.0420946479331895,9163.482201944002,826.1916549466637,12,L,I
LLLYFLLAILLAVLLTLLILI,ala,WT,LLLYFLLAILLIVLLTLLILI,clash,R,0.2375520332997598,0.0550338254515702,5448.458989326912,1080.1488920792656,11,A,I
LLLWTLLVFLLAILLSLLILI,ala,WT,LLLWTLLVFLLIILLSLLILI,clash,R,0.2853837129108432,0.059646931965451,6545.51945690935,1170.6903336288956,11,A,I
LLLYSLLFTLLAVLLALLILI,ala,WT,LLLYSLLFTLLIVLLALLILI,clash,R,0.3243568105141075,0.0972020045575961,7439.400772124603,1907.7837433774712,11,A,I
LLLSYLLVALLITLLFLLILI,ala,WT,LLLSYLLVALLIILLFLLILI,clash,R,0.4371717636510976,0.146491137578969,10026.908178197504,2875.181557162862,12,T,I
LLLYALLVALLITLLFLLILI,ala,WT,LLLYALLVALLITLLFILILI,clash,R,0.3007436970258206,0.0702935769207843,6897.813825250311,1379.6520341620158,16,L,I
LLLYALLFALLTVLLSLLILI,ala,WT,LLLYALLFALLTILLSLLILI,clash,R,0.3305932790763339,0.0822854126187168,7582.439510728826,1615.0157934094093,12,V,I
LLLYSLLLTLLAVLLFSLILI,ala,WT,LLLYSLLLILLAVLLFSLILI,clash,R,0.2103306344517324,0.0971285921591518,4824.112932671537,1906.3428782172884,8,T,I
LLLAYLLFALLTVLLSLLILI,ala,WT,LLLAYLLFALLTVLLILLILI,clash,R,0.4189594508541035,0.0546336932609367,9609.193212819737,1072.295497597079,15,S,I
LLLYSLLLTLLVALLSFLILI,ala,WT,LLLYSLLLTLLVILLSFLILI,clash,R,0.2934342414918311,0.1046187631074059,6730.16521305018,2053.352463428738,12,A,I
LLLYVLLFALLTVLLSLLILI,ala,WT,LLLYVLLFILLTVLLSLLILI,clash,R,0.2990447799939424,0.0216003648215692,6858.8477105604,423.9503603502577,8,A,I
LLLYLLLFTLLAVLLSILILI,ala,WT,LLLYLLLFILLAVLLSILILI,clash,R,0.2983323129282047,0.0569005173172986,6842.506669257194,1116.7864533309116,8,T,I
LLLAYLLGTLLGLLLGFLILI,leu,WT,LLLAYLLGTLLILLLGFLILI,clash,G,1.1386801607243464,0.1463825571168746,27435.4852906887,2873.0504483443965,11,G,I
LLLALLLGTLLGFLLSILILI,leu,WT,LLLALLLGTLLIFLLSILILI,clash,G,1.2611346853962473,0.0982354162398987,30385.918104280765,1928.0665143261776,11,G,I
LLLALLLGVLLGTLLGFLILI,leu,WT,LLLALLLIVLLGTLLGFLILI,clash,G,0.9535039402641506,0.1158297263954683,22973.829026010488,2273.390039906808,7,G,I
LLLTFLLGLLLGVLLAILILI,leu,WT,LLLTFLLGLLLIVLLAILILI,clash,G,1.2277294454404166,0.093660607693891,29581.04857107834,1838.276747018003,11,G,I
LLLTYLLGVLLGLLLGFLILI,leu,WT,LLLTYLLGVLLILLLGFLILI,clash,G,0.8739578372964241,0.1881578307292747,21057.23645404853,3692.9737436543146,11,G,I
LLLTVLLGILLGLLLAFLILI,leu,WT,LLLTVLLIILLGLLLAFLILI,clash,G,0.7089745901692849,0.0551422990273557,17082.111914381323,1082.2779029583146,7,G,I
LLLAYLLGLLLGFLLGTLILI,leu,WT,LLLAYLLGLLLIFLLGTLILI,clash,G,1.114143502271102,0.1090653876856554,26844.29633766161,2140.6263640701136,11,G,I
LLLALLLGFLLGTLLGVLILI,leu,WT,LLLALLLGFLLITLLGVLILI,clash,G,1.1125742776789744,0.1024783925869566,26806.48726737575,2011.34341114466,11,G,I
LLLYLLLGILLGTLLAFLILI,leu,WT,LLLYLLLGILLITLLAFLILI,clash,G,0.5332658155574717,0.0372322210285595,12848.56533340441,730.7568021199621,11,G,I
LLLVGLLFALLGILLTLLILI,leu,WT,LLLVGLLFALLIILLTLLILI,clash,G,0.3631424537499083,0.0507171799135641,8749.594304129409,995.4260900973208,11,G,I
LLLYVLLGALLGILLTLLILI,leu,WT,LLLYVLLIALLGILLTLLILI,clash,G,0.953808510676055,0.1021938767810482,22981.16737908615,2005.759219544127,7,G,I
LLLYVLLGLLLGTLLAFLILI,leu,WT,LLLYVLLGLLLITLLAFLILI,clash,G,0.3204342963131785,0.1435426277161302,7720.57925180664,2817.311154192924,11,G,I
LLLLTLLVGLLFALLSILILI,leu,WT,LLLLTLLVILLFALLSILILI,clash,G,0.3808768983206068,0.0831695302195591,9176.889966186402,1632.3683695868915,8,G,I
LLLYGLLFLLLGVLLATLILI,leu,WT,LLLYGLLFLLLGVLLITLILI,clash,G,0.4032417250365863,0.0368717175382193,9715.750565987191,723.6812001043033,15,A,I
LLLYFLLAVLLGLLLGTLILI,leu,WT,LLLYFLLAVLLILLLGTLILI,clash,G,0.2792245938330572,0.0559545630168217,6727.66813840063,1098.2202083411717,11,G,I
LLLYLLLGALLGALLTFLILI,leu,WT,LLLYLLLGALLIALLTFLILI,clash,G,1.1246958250012489,0.1739303256987258,27098.545164508385,3413.730502314813,11,G,I
LLLALLLGLLLGTLLSFLILI,leu,WT,LLLALLLGLLLITLLSFLILI,clash,G,1.036054566267427,0.0500862138232033,24962.81290712576,983.042118568478,11,G,I
LLLYFLLATLLGLLLGVLILI,leu,WT,LLLYFLLATLLILLLGVLILI,clash,G,0.3578126864744382,0.0243571439765109,8621.178303973275,478.057664863412,11,G,I
LLLYVLLGLLLGFLLSTLILI,leu,WT,LLLYVLLGLLLIFLLSTLILI,clash,G,1.0360635158181757,0.0534135912047247,24963.02853859114,1048.34855450345,11,G,I
LLLAYLLGVLLGLLLAFLILI,leu,WT,LLLAYLLGVLLILLLAFLILI,clash,G,1.120879346277354,0.0917568498201317,27006.59050553616,1800.911691454492,11,G,I
LLLVGLLFALLGILLSLLILI,leu,WT,LLLVGLLFALLGILLILLILI,clash,G,0.2970764942331332,0.0331201422642409,7157.793794167264,650.0490321708892,15,S,I
LLLVALLALLLGTLLSFLILI,leu,WT,LLLVALLALLLITLLSFLILI,clash,G,0.2833757423908669,0.0482568605688523,6827.686369270574,947.1374023528904,11,G,I
LLLVTLLLGLLFALLSTLILI,leu,WT,LLLVTLLLILLFALLSTLILI,clash,G,0.2488167381175646,0.0456723471270314,5995.017911436495,896.4111570680993,8,G,I
LLLLVLLTTLLGGLLFALILI,leu,WT,LLLLVLLTTLLGGLLFILILI,clash,G,0.2874766784963538,0.0432593669933621,6926.494775774819,849.0515959460035,16,A,I
LLLYVLLALLLGTLLGFLILI,leu,WT,LLLYVLLALLLITLLGFLILI,clash,G,0.1817335222054698,0.0253371324164494,4378.707513778295,497.29189783581984,11,G,I
LLLTALLVGLLGGLLFLLILI,leu,WT,LLLTALLVILLGGLLFLLILI,clash,G,0.2927183751261305,0.049911995629103,7052.78879208301,979.6227381361916,8,G,I
LLLYVLLATLLGLLLGFLILI,leu,WT,LLLYVLLITLLGLLLGFLILI,clash,G,0.3013161130094053,0.0605090416220812,7259.943636230136,1187.6109598476294,7,A,I
LLLLVLLIGLLFGLLFALILI,leu,WT,LLLLVLLIILLFGLLFALILI,clash,G,0.9102103626100748,0.0759034993901958,21930.70879447002,1489.7579824291588,8,G,I
LLLTVLLGLLLGFLLSALILI,leu,WT,LLLTVLLGLLLIFLLSALILI,clash,G,0.7242954406406281,0.0475690213605377,17451.25417420357,933.637182184778,11,G,I
LLLTSLLLALLFGLLFALILI,leu,WT,LLLTSLLLALLFILLFALILI,clash,G,0.3847777823639209,0.0508373572861769,9270.878296248871,997.7848114851612,12,G,I
LLLYGLLFALLGILLTLLILI,leu,WT,LLLYGLLFALLGILLILLILI,clash,G,0.2785539914114004,0.0063386402643147,6711.510569746516,124.40849253814942,15,T,I
LLLVTLLLGLLFGLLFALILI,leu,WT,LLLVTLLLGLLFILLFALILI,clash,G,0.8330505977064301,0.2273774113504676,20071.61291483627,4462.736452498793,12,G,I
LLLYVLLGILLGLLLAFLILI,leu,WT,LLLYVLLGILLILLLAFLILI,clash,G,0.8179140098103971,0.1003746087248744,19706.91029780685,1970.052445365901,11,G,I
LLLAGLLFLLLGVLLGTLILI,leu,WT,LLLAGLLILLLGVLLGTLILI,clash,G,0.2873356267927061,0.0940478661480626,6923.096260476221,1845.87746886976,7,F,I
LLLVALLLTLLGGLLFALILI,leu,WT,LLLVALLLTLLGGLLFILILI,clash,G,0.3221933303584929,0.039181710330604,7762.961611988697,769.0194285850745,16,A,I
LLLAYLLGVLLGLLLTFLILI,leu,WT,LLLAYLLIVLLGLLLTFLILI,clash,G,0.9025099537399858,0.0470466320786703,21745.17429447039,923.3842477395848,7,G,I
LLLAGLLFLLLGTLLSYLILI,leu,WT,LLLAGLLFLLLGTLLIYLILI,clash,G,0.1443257079800299,0.0212298609396535,3477.3995149820457,416.67848059426206,15,S,I
LLLTVLLLGLLFGLLFALILI,leu,WT,LLLTVLLLGLLFILLFALILI,clash,G,0.5027446996065807,0.0532086503273603,12113.186201841638,1044.3261799749882,12,G,I
LLLVTLLFSLLGALLSLLILI,leu,WT,LLLVILLFSLLGALLSLLILI,clash,G,0.4813591738498788,0.0486639257437906,11597.920987296138,955.1268705424122,4,T,I
LLLTVLLAILLGLLLGFLILI,leu,WT,LLLTVLLAILLILLLGFLILI,clash,G,0.3598664059511121,0.0331508814633321,8670.660847390785,650.6523505089598,11,G,I
LLLTFLLAILLGLLLGVLILI,leu,WT,LLLTFLLAILLILLLGVLILI,clash,G,0.6425695344396735,0.053199974953127,15482.141182898244,1044.1559083641357,11,G,I
LLLAVLLTSLLGGLLFLLILI,leu,WT,LLLAVLLTSLLGILLFLLILI,clash,G,0.2531151815964248,0.0428286392907938,6098.5850823691735,840.5977032794492,12,G,I
LLLYGLLFALLGTLLSLLILI,leu,WT,LLLYGLLFALLGTLLILLILI,clash,G,0.1883688123747047,0.0119823492959176,4538.578926412601,235.1775695508518,15,S,I
LLLTVLLGLLLGLLLGFLILI,leu,WT,LLLTVLLILLLGLLLGFLILI,clash,G,0.5449715112682374,0.0558801397018604,13130.603655990688,1096.7595019097637,7,G,I
LLLTVLLASLLGALLFGLILI,leu,WT,LLLTVLLASLLIALLFGLILI,clash,G,0.2462615491061175,0.1140111041841764,5933.452905795064,2237.695941716551,11,G,I
LLLYVLLATLLGGLLFLLILI,leu,WT,LLLYVLLATLLIGLLFLLILI,clash,G,0.2083232914117053,0.0599411079644732,5019.364343587005,1176.4641259520708,11,G,I
LLLAGLLFLLLGVLLATLILI,leu,WT,LLLAGLLILLLGVLLATLILI,clash,G,0.3324000850415377,0.0057828815157933,8008.884284240116,113.50061545389757,7,F,I
LLLLTLLVALLAGLLFSLILI,leu,WT,LLLLTLLVALLAILLFSLILI,clash,G,0.3054182076155709,0.027410511445628,7358.779955771632,537.9861081161108,12,G,I
LLLAALLALLLGVLLGTLILI,leu,WT,LLLAALLALLLGVLLITLILI,clash,G,0.3934623647315152,0.0379899208690685,9480.125580978993,745.6281768794147,15,G,I
LLLLTLLVGLLFALLYGLILI,leu,WT,LLLLTLLVILLFALLYGLILI,clash,G,0.2544020874378874,0.0211195345323055,6129.591933542072,414.51310428806863,8,G,I
LLLFALLASLLGTLLTLLILI,leu,WT,LLLFALLASLLITLLTLLILI,clash,G,0.2426994484890713,0.0769980052024809,5847.627260929187,1511.2398480327026,11,G,I
LLLVTLLLSLLAGLLFALILI,leu,WT,LLLVTLLLILLAGLLFALILI,clash,G,0.3436404169223676,0.0498472910466679,8279.710079418486,978.352781302552,8,S,I
LLLTFLLAVLLGLLLGILILI,leu,WT,LLLTFLLAVLLILLLGILILI,clash,G,0.6534981961413426,0.1084815535489231,15745.457562427231,2129.167451470015,11,G,I
LLLAVLLIGLLFGLLSTLILI,leu,WT,LLLAVLLIILLFGLLSTLILI,clash,G,0.4932352928165535,0.0344841536819128,11884.065506587856,676.8204842879757,8,G,I
LLLTALLFLLLGVLLGILILI,leu,WT,LLLTALLFLLLGVLLIILILI,clash,G,0.7184922217695758,0.0582048426511812,17311.430779130857,1142.3864466546663,15,G,I
LLLLVLLTGLLFGLLYALILI,leu,WT,LLLLVLLTGLLFILLYALILI,clash,G,0.3091627966956283,0.0790079419693036,7449.002497780824,1550.6888769375062,12,G,I
LLLLALLFALLGILLSTLILI,leu,WT,LLLLALLFALLIILLSTLILI,clash,G,0.2539229415259382,0.1217476980901206,6118.047339141584,2389.542070317649,11,G,I
LLLYFLLATLLGVLLGLLILI,leu,WT,LLLYFLLATLLIVLLGLLILI,clash,G,0.3416488033917348,0.045261062666267,8231.723923507801,888.338876884965,11,G,I
LLLTALLIGLLFGLLVLLILI,leu,WT,LLLTALLIGLLFILLVLLILI,clash,G,0.3900818195027355,0.064517524429987,9398.674351646012,1266.2854520128387,12,G,I
LLLAVLLLTLLGGLLFALILI,leu,WT,LLLIVLLLTLLGGLLFALILI,clash,G,0.277585325792872,0.0428809723662651,6688.171433580418,841.624844542816,3,A,I
LLLLVLLGALLGTLLSFLILI,leu,WT,LLLLVLLGALLITLLSFLILI,clash,G,0.4440430747062676,0.0672216648426352,10698.822781797331,1319.3596158168164,11,G,I
LLLTALLLALLFGLLFSLILI,leu,WT,LLLTALLLALLFILLFSLILI,clash,G,0.3783798777439612,0.0342571867847889,9116.72647720835,672.3658049905603,12,G,I
LLLVTLLLTLLGALLSALILI,leu,WT,LLLVTLLLTLLGALLIALILI,clash,G,0.2774458305655216,0.0297730988279529,6684.810420192461,584.3566106867469,15,S,I
LLLAVLLFSLLGLLLGTLILI,leu,WT,LLLAVLLFSLLGLLLITLILI,clash,G,0.2746642217850911,0.0379463750617226,6617.79003167121,744.7735032476113,15,G,I
LLLTALLAGLLFLLLSVLILI,leu,WT,LLLTALLIGLLFLLLSVLILI,clash,G,0.3140629644342067,0.0168762569997141,7567.0676793298435,331.2302960721602,7,A,I
LLLFALLASLLGILLTLLILI,leu,WT,LLLFALLASLLGILLILLILI,clash,G,0.1949067705022607,0.035112044024585,4696.105210111191,689.1440880004657,15,T,I
LLLYALLTALLGLLLGFLILI,leu,WT,LLLYALLTALLILLLGFLILI,clash,G,0.2295677345077746,0.0787908804663976,5531.230296974224,1546.4286107984474,11,G,I
LLLVALLFALLGLLLGTLILI,leu,WT,LLLVALLFALLILLLGTLILI,clash,G,0.3920708864422272,0.0416889555624354,9446.599149721827,818.2291307656984,11,G,I
LLLAALLFSLLGLLLGTLILI,leu,WT,LLLAALLFSLLGLLLITLILI,clash,G,0.2954221525036758,0.0948591501010888,7117.933902214111,1861.800538938048,15,G,I
LLLLVLLTTLLGALLFGLILI,leu,WT,LLLLVLLTTLLIALLFGLILI,clash,G,0.1584990618554216,0.0789119690531377,3818.8938653592095,1548.8052164929254,11,G,I
LLLYVLLFLLLGALLGTLILI,leu,WT,LLLYVLLFLLLIALLGTLILI,clash,G,0.1717606256627425,0.0220687171151931,4138.419445325069,433.1427108587344,11,G,I
LLLATLLVGLLFLLLGTLILI,leu,WT,LLLATLLVGLLFILLGTLILI,clash,G,0.3972871732390106,0.053696132807127,9572.280938710408,1053.8939985429568,12,L,I
LLLYVLLTLLLGGLLFALILI,leu,WT,LLLYVLLTLLLGGLLFILILI,clash,G,0.3154357263813125,0.038762302436034,7600.143156975107,760.7877099410013,16,A,I
LLLVGLLLALLGLLLGTLILI,leu,WT,LLLVGLLLALLILLLGTLILI,clash,G,0.3850661765377066,0.0476692976511334,9277.82689726964,935.6053049349356,11,G,I
LLLYLLLGALLGVLLSTLILI,leu,WT,LLLYLLLGALLIVLLSTLILI,clash,G,0.8428830201770091,0.2177016175794687,20308.516385488827,4272.829648123144,11,G,I
LLLVLLLATLLGSLLGTLILI,leu,WT,LLLVLLLATLLGSLLITLILI,clash,G,0.3094772069958224,0.0683013361637782,7456.577934203982,1340.5503247951265,15,G,I
LLLTALLVGLLGLLLGFLILI,leu,WT,LLLTALLVGLLILLLGFLILI,clash,G,0.2712027214111249,0.0162510759284749,6534.3882601536725,318.95986716642403,11,G,I
LLLLVLLATLLGGLLSILILI,leu,WT,LLLLVLLATLLGGLLIILILI,clash,G,0.2566716767435313,0.0465124413245594,6184.27566840957,912.8996859065315,15,S,I
LLLVGLLLILLGALLATLILI,leu,WT,LLLVGLLLILLIALLATLILI,clash,G,0.9554958050193876,0.1172668973806196,23021.821234941464,2301.5973947511657,11,G,I
LLLLFLLLAILYVLLSTLILI,leu,WT,LLLLFLLLAILYVLLITLILI,clash,L,0.1114086690249376,0.0779701342440405,2617.578404563585,1530.3198245881988,15,S,I
LLLLWVLLATLYLLLSFLILI,leu,WT,LLLLWVLLATLYLLLIFLILI,clash,L,0.776945678071766,0.0618896919763746,18254.559950860337,1214.7089843270844,15,S,I
LLLLYVLLATLFLLLSILILI,leu,WT,LLLLYVLLATLILLLSILILI,clash,L,0.1972840076825071,0.1682901852776865,4635.2439402505415,3303.0314660024324,11,F,I
LLLLLALLFVLTSLLAILILI,leu,WT,LLLLLALLFVLTILLAILILI,clash,L,0.4848901426643896,0.0919935338060806,11392.631980538245,1805.55708781946,12,S,I
LLLLLLLLAVLTALLFILILI,leu,WT,LLLLLILLAVLTALLFILILI,clash,L,0.2818805547741956,0.0566497645026323,6622.8639039192085,1111.8649277715033,5,L,I
LLLLVALLLLLTSLLFLLILI,leu,WT,LLLLVALLLLLTILLFLLILI,clash,L,0.4755068824986547,0.0453033897617508,11172.169610966384,889.1696307391711,12,S,I
LLLLLFLLAVLTYLLSLLILI,leu,WT,LLLLLFLLAVLTILLSLLILI,clash,L,0.3213803656906826,0.0386592394813058,7550.923209391144,758.764893236809,12,Y,I
LLLLVALLLLLTALLFILILI,leu,WT,LLLLVALLLLLTILLFILILI,clash,L,0.4291742835104064,0.1580786195957529,10083.572004043914,3102.6090664614603,12,A,I
LLLLVALLTILFYLLSLLILI,leu,WT,LLLLVALLTILFYLLILLILI,clash,L,0.5716956391682563,0.1017979492982152,13432.151839694408,1997.9883506536664,15,S,I
LLLLYVLTALLFLLISLLILI,leu,WT,LLLLYVLTALLILLISLLILI,clash,L,0.2630669585909435,0.1005751577238909,6180.833104232131,1973.9886203693104,11,F,I
LLLLALLLFVLTYLLSLLILI,leu,WT,LLLLALLLIVLTYLLSLLILI,clash,L,0.4992964579523624,0.0356902337387041,11731.112460584684,700.4922175021015,8,F,I
LLLLAFLLTVLLLLLSILILI,leu,WT,LLLLAFLLIVLLLLLSILILI,clash,L,0.4480591868548155,0.2337056851520358,10527.278185812416,4586.94148194999,8,T,I
LLLLFVLLAILYLLLSTLILI,leu,WT,LLLLFVLLIILYLLLSTLILI,clash,L,0.3475119451720111,0.0750592558597709,8164.892110559161,1473.1880145676992,8,A,I
LLLLVALLLILTLLLSFLILI,leu,WT,LLLLVILLLILTLLLSFLILI,clash,L,0.3164018174643149,0.1373444199892196,7433.950801136048,2695.658930779329,5,A,I
LLLLFALLLILTVLLSLLILI,leu,WT,LLLLFALLLILTVLLILLILI,clash,L,0.3636467422682398,0.0718640513238895,8543.983762882388,1410.4757351862163,15,S,I
LLLLAILTALLFVLLSLLILI,leu,WT,LLLLAILTALLFVLLILLILI,clash,L,0.421439402823683,0.0723185979324834,9901.83877971482,1419.397121437855,15,S,I
LLLLVALLLFLLYLLSTLILI,leu,WT,LLLLVALLLFLLYLLITLILI,clash,L,0.2698700002317778,0.0926456493525173,6340.672504818042,1818.3561596052352,15,S,I
LLLLVLLLLALTFLLSILILI,leu,WT,LLLLVLLLLALTFLLIILILI,clash,L,0.424646032054117,0.0796622582692469,9977.17944660366,1563.531142872602,15,S,I
LLLLVLLTALLFLLISLLILI,leu,WT,LLLLVLLTALLFLLIILLILI,clash,L,0.347494952502996,0.0828127404909188,8164.492862959433,1625.3656574149895,15,S,I
LLLLVALLLLLTSLIFLLILI,leu,WT,LLLLVALLLLLTILIFLLILI,clash,L,0.2701452454533112,0.1056952659268435,6347.13946968033,2074.4809840787,12,S,I
LLLLVLLLTILLFLLSALILI,leu,WT,LLLLVILLTILLFLLSALILI,clash,L,0.2105254511918758,0.0879648238343536,4946.355426137823,1726.4855971372326,5,L,I
LLLLLALLLILFVLLSTLILI,leu,WT,LLLLLALLLILFVLLITLILI,clash,L,0.3716022592391559,0.0730526264608117,8730.900899540373,1433.8038993576822,15,S,I
LLLLAILLAVLFLLLSTLILI,leu,WT,LLLLAILLAVLFLLLITLILI,clash,L,0.2511316338067168,0.110316589143727,5900.409249719008,2165.1836948129107,15,S,I
LLLLVALLLILTSLLFLLILI,leu,WT,LLLLVALLLILTSLLILLILI,clash,L,0.4810682454426725,0.1665032808565408,11302.835417005255,3267.95989300363,15,F,I
LLLLAVLTALLLLLFSLLILI,leu,WT,LLLLIVLTALLLLLFSLLILI,clash,L,0.210251483056393,0.1349968846007056,4939.918466784116,2649.583853687364,4,A,I
LLLLLALLFVLTWLLSLLILI,leu,WT,LLLLLILLFVLTWLLSLLILI,clash,L,0.659460824465937,0.0983056823669239,15494.219860333578,1929.4456276169296,5,A,I
LLLVLLLAILFLLLTSLLILI,leu,WT,LLLVLLLAILFLLLISLLILI,clash,L,0.2403895974918205,0.0864901903128004,5648.022047588551,1697.5429650134038,14,T,I
LLLLALLILLTSLLFVLLILI,leu,WT,LLLLILLILLTSLLFVLLILI,clash,L,0.344357688814867,0.0576872345285701,8090.781959236015,1132.2273519536316,4,A,I
LLLLALLFILTYLLAVLLILI,leu,WT,LLLLALLFILTILLAVLLILI,clash,L,0.6658012529884819,0.0898990572930774,15643.190033970495,1764.448797319828,11,Y,I
LLLLAILLALLFVLTSLLILI,leu,WT,LLLLAILLALLFVLTILLILI,clash,L,0.3006675280691506,0.1021613046684752,7064.269191286519,2005.119926450808,15,S,I
LLLLALLTALLYVLFSLLILI,leu,WT,LLLLILLTALLYVLFSLLILI,clash,L,0.6550591368011729,0.0947785254126409,15390.800955217846,1860.2181180804312,4,A,I
LLLLVALLTILLSLLFLLILI,leu,WT,LLLLVILLTILLSLLFLLILI,clash,L,0.3632520165640165,0.116368839676629,8534.709570072204,2283.971216036796,5,A,I
LLLLAILLLLLTVLFSLLILI,leu,WT,LLLLAILLLLLTVLFILLILI,clash,L,0.1784494234785166,0.0845728569252399,4192.720021020717,1659.9114626279836,15,S,I
LLLLALLLFVLTLLLSILILI,leu,WT,LLLLAILLFVLTLLLSILILI,clash,L,0.3915166806097955,0.0592309655060958,9198.795900480518,1162.526159859182,5,L,I
LLLLAVLLLILTLLLSFLILI,leu,WT,LLLLAVLLLILILLLSFLILI,clash,L,0.3754548007368989,0.1951460143790182,8821.417459082375,3830.130823786176,11,T,I
LLLLLLLLFVLATLLSILILI,leu,WT,LLLLLLLLFVLATLLIILILI,clash,L,0.2262551791312308,0.0716029226505182,5315.929863263078,1405.350562762933,15,S,I
LLLLAALVFLLTSLILLLILI,leu,WT,LLLLAALVFLLISLILLLILI,clash,L,0.4052141980341169,0.1105991021662939,9520.622972885523,2170.72857795594,11,T,I
LLLLTVLLALLFLLISLLILI,leu,WT,LLLLTVLLALLFLLIILLILI,clash,L,0.2038821568527142,0.1175184144618949,4790.269333892212,2306.5339203186904,15,S,I
LLLLVLLLLTLIALLSFLILI,leu,WT,LLLLVILLLTLIALLSFLILI,clash,L,0.2483512131695063,0.1084339859055372,5835.08247509263,2128.233841062397,5,L,I
LLLLALLFLLTSLLYVLLILI,leu,WT,LLLLALLILLTSLLYVLLILI,clash,L,0.3553745449946671,0.0390442384719252,8349.626132348796,766.3212683628675,7,F,I
LLLLVLLLAILFTLLSLLILI,leu,WT,LLLLVLLLAILFTLLILLILI,clash,L,0.2918779814549792,0.0667120245743522,6857.756290650344,1309.3569062225297,15,S,I
LLLLALLLLFLTVLLSILILI,leu,WT,LLLLILLLLFLTVLLSILILI,clash,L,0.2436058266429517,0.0728607767698604,5723.588267348013,1430.03846543521,4,A,I
LLLIALLLLLVSLLFTLLILI,leu,WT,LLLIALLILLVSLLFTLLILI,clash,L,0.4219385299960143,0.2056024580893352,9913.565914764784,4035.359444461616,7,L,I
LLLLALLFTLVSLLLILLILI,leu,WT,LLLLALLFTLVSLLIILLILI,clash,L,0.3577233058770449,0.0469522799710641,8404.810938111545,921.5323988831173,14,L,I
LLLLAILLAVLFTLLSLLILI,leu,WT,LLLLIILLAVLFTLLSLLILI,clash,L,0.3347402672239811,0.0826138548263316,7864.817900293202,1621.4621284962088,4,A,I
LLLLALLTVLLALLFSLLILI,leu,WT,LLLLALLTVLLILLFSLLILI,clash,L,0.3540761423438849,0.0260417678052284,8319.119792332414,511.1217766247812,11,A,I
LLLLILLLALLFVLTSLLILI,leu,WT,LLLLILLLILLFVLTSLLILI,clash,L,0.3473334633924118,0.1404403184244166,8160.69863032391,2756.42212939026,8,A,I
LLLLTVLLAILFLLLSLLILI,leu,WT,LLLLTVLLAILFLLLILLILI,clash,L,0.291743478391041,0.0866408671452595,6854.5961028771735,1700.5002992244863,15,S,I
LLLLFALLLILTLLLSVLILI,leu,WT,LLLLFALLLILILLLSVLILI,clash,L,0.4525146764328096,0.065233433885684,10631.961182175712,1280.336606710922,11,T,I
LLLLALLLFVLTWLLSLLILI,leu,WT,LLLLALLLFVLTWLLILLILI,clash,L,0.6243113054751505,0.0692585358534663,14668.371902434965,1359.3372830508022,15,S,I
LLLLVLLLATLYLLLAFLILI,leu,WT,LLLLVLLLATLYLLLIFLILI,clash,L,0.5897518905554682,0.1883497121035431,13856.38860774252,3696.73979905865,15,A,I
LLLVALLTILLALLFSLLILI,leu,WT,LLLVALLTILLILLFSLLILI,clash,L,0.4139352541657754,0.1480946016935084,9725.526670116797,2906.65274708922,11,A,I
LLLVALLLLLTSLLFSLLILI,leu,WT,LLLVILLLLLTSLLFSLLILI,clash,L,0.3706366558359637,0.1159812864890306,8708.213772622628,2276.3647096222016,4,A,I
LLLLIVLTWLLALLFSLLILI,leu,WT,LLLLIVLTWLLALLFILLILI,clash,L,0.6979678921394796,0.0596729977555771,16398.954380613184,1171.2019268402523,15,S,I
LLLLVALLFILLYLLSTLILI,leu,WT,LLLLVALLFILLILLSTLILI,clash,L,0.3024283821705239,0.1067982349331372,7105.640959816814,2096.1289567742792,12,Y,I
LLLLVALLLTLLALLFILILI,leu,WT,LLLLVALLLTLLILLFILILI,clash,L,0.4220116410956144,0.083769779489968,9915.283680859598,1644.1494618674776,12,A,I
LLLLTLLIALLFLLVSLLILI,leu,WT,LLLLTLLIALLFLLVILLILI,clash,L,0.3972298736941368,0.141017913178408,9333.028998892129,2767.758581646031,15,S,I
LLLLFVLTILLALLYSLLILI,leu,WT,LLLLFVLTILLILLYSLLILI,clash,L,0.1910181710051354,0.0999807314493092,4488.02632324682,1962.3218158584943,11,A,I
LLLLLLLLAVLYTLLSFLILI,leu,WT,LLLLLLLLIVLYTLLSFLILI,clash,L,0.2346080687700884,0.0418189398333169,5512.183383904317,820.7803320759224,8,A,I
LLLLIVLLFTLALLLSLLILI,leu,WT,LLLLIVLLFTLILLLSLLILI,clash,L,0.4482291724770192,0.081474838296991,10531.272046390191,1599.1066510654102,11,A,I
LLLLAVLLLTLALLLSFLILI,leu,WT,LLLLAVLLLTLILLLSFLILI,clash,L,0.2586089573014327,0.0327947196814534,6076.091094459189,643.6619631527572,11,A,I
LLLLLVLTLLLAILFSLLILI,leu,WT,LLLLLVLTLLLAILFILLILI,clash,L,0.2355289097937324,0.1563819276586506,5533.818805988424,3069.308093783224,15,S,I
LLLYALLFVLTALLLSLLILI,leu,WT,LLLYILLFVLTALLLSLLILI,clash,L,0.4932051884088022,0.0805043265039245,11587.996348090766,1580.0584161199463,4,A,I
LLLLIFLLAVLYLLLSTLILI,leu,WT,LLLLIFLLAVLYLLLITLILI,clash,L,0.3150165198891753,0.0899763816291759,7401.402840124681,1765.9664419864932,15,S,I
LLLLALLFILVTLLLSLLILI,leu,WT,LLLLALLFILVTLLISLLILI,clash,L,0.3304618875376136,0.2114007120265968,7764.296151255236,4149.16177447731,14,L,I
LLLLALLWFLTSLLYVLLILI,leu,WT,LLLLALLWFLTILLYVLLILI,clash,L,0.7695756368097457,0.1312599775367323,18081.398732698624,2576.2395788219555,11,S,I
LLLLALLYVLTFLLASLLILI,leu,WT,LLLLALLYVLTFLLISLLILI,clash,L,0.7244185212917809,0.188161786541464,17020.419444637202,3693.0513840524,14,A,I
LLLLWTLIALLLVLFSLLILI,leu,WT,LLLLWTLIALLLVLFILLILI,clash,L,0.3171432654947678,0.0836506676348085,7451.371333738022,1641.8116534465537,15,S,I
LLLLTILLLVLALLLSFLILI,leu,WT,LLLLIILLLVLALLLSFLILI,clash,L,0.2284694418827446,0.191814108145178,5367.954597168019,3764.735500091596,4,T,I
LLLLFVLLWTLALLLSILILI,leu,WT,LLLLFVLLWTLALLLIILILI,clash,L,0.6355339096672543,0.0112510894278883,14932.0501836837,220.8251321564529,15,S,I
LLLLAVLLFILALLLSTLILI,leu,WT,LLLLAVLLFILILLLSTLILI,clash,L,0.3991667027287908,0.0459872725225821,9378.535348590762,902.5921976993188,11,A,I
LLLYWLLTVLFLLLASLLILI,leu,WT,LLLYWLLTVLFLLLISLLILI,clash,L,0.2849559956150963,0.0281801834621097,6695.122262239049,553.0924607717626,14,A,I
LLLLFVLLLLLATLISLLILI,leu,WT,LLLLFVLLILLATLISLLILI,clash,L,0.2731697342845414,0.0770558801313105,6418.200696020186,1512.375759141858,8,L,I
LLLLYLLLFILAVLLSTLILI,leu,WT,LLLLYLLLFILIVLLSTLILI,clash,L,0.208001048700334,0.0895091535674584,4887.043870744356,1756.7961568443184,11,A,I
LLLYFLLAILVTLLLSLLILI,leu,WT,LLLYFLLAILVILLLSLLILI,clash,L,0.1908250644670308,0.1059726543182424,4483.489230145213,2079.925285991543,11,T,I
LLLLAVLLALLLILLSTLILI,leu,WT,LLLLIVLLALLLILLSTLILI,clash,L,0.2036399558891191,0.0208588850116236,4784.578753272177,409.3973360562247,4,A,I
LLLLLVLLAILLFLLSTLILI,leu,WT,LLLLLVLLIILLFLLSTLILI,clash,L,0.2431306535962523,0.0958899563502003,5712.42394129886,1882.0321730703,8,A,I
LLLLWVLLSTLLALLLFLILI,leu,WT,LLLLWVLLITLLALLLFLILI,clash,L,0.4177476607487663,0.0804436838128596,9815.10024840386,1578.868181988566,8,S,I
LLLVTLLFLLYLLLASLLILI,leu,WT,LLLVTLLFLLYILLASLLILI,clash,L,0.4518795729251329,0.2666059627170524,10617.039244432875,5232.675229652173,11,L,I
LLLLYILLALLFVLLSTLILI,leu,WT,LLLLYILLALLFVLLITLILI,clash,L,0.2194484437771761,0.0154541166149088,5156.003677837924,303.3179467077649,15,S,I
LLLLLLLTALLIFLVSLLILI,leu,WT,LLLLLLLTALLIFLVILLILI,clash,L,0.2273920810618147,0.0908699109548847,5342.641697870006,1783.5037421485715,15,S,I
LLLLLLLLFILAVLLSTLILI,leu,WT,LLLLLLLLFILIVLLSTLILI,clash,L,0.163653342918805,0.0525998057152546,3845.0818949227055,1032.376386633945,11,A,I
LLLLLALLLILVTLLSFLILI,leu,WT,LLLLLALLLILVILLSFLILI,clash,L,0.3212868401436215,0.1016614216433384,7548.725800044135,1995.3087223261723,12,T,I
LLLLLVLASLLFTLLILLILI,leu,WT,LLLLLVLASLLITLLILLILI,clash,L,0.3185264008574785,0.1393067232117571,7483.868492940146,2734.173056185791,11,F,I
LLLLIFLLATLYVLLLLLILI,leu,WT,LLLLIFLLATLYILLLLLILI,clash,L,0.5989141724457618,0.1475168929709841,14071.659029811895,2895.3140580304494,12,V,I
LLLLFALLTILVALLSLLILI,leu,WT,LLLLFALLTILVILLSLLILI,clash,L,0.3641510127643595,0.0462394538129596,8555.831741782267,907.5417599062306,12,A,I
LLLVALLLLLISLLFTLLILI,leu,WT,LLLVILLLLLISLLFTLLILI,clash,L,0.3689411635247032,0.1862649273449691,8668.37769792426,3655.821728623055,4,A,I
LLLLVALLLILFLLLSTLILI,leu,WT,LLLLVALLLILFLLLITLILI,clash,L,0.2788306490385795,0.0795425023744492,6551.2055001587605,1561.180693972113,15,S,I
LLLLTLLVALLLFLISLLILI,leu,WT,LLLLILLVALLLFLISLLILI,clash,L,0.4061344678973271,0.2599559625604659,9542.24497535604,5102.155676649086,4,T,I
LLLFALLLVLITLLLSLLILI,leu,WT,LLLFALLLVLIILLLSLLILI,clash,L,0.5154352817560895,0.0992071691272951,12110.298721561749,1947.139108232622,11,T,I
LLLLLTLLAVLISLLFLLILI,leu,WT,LLLLLTLLAVLIILLFLLILI,clash,L,0.4141836384853429,0.2150631719100299,9731.362530444503,4221.044874569509,12,S,I
LLLLWALLFVLATLLSLLILI,leu,WT,LLLLWILLFVLATLLSLLILI,clash,L,0.3273677471312062,0.0892880173754743,7691.598441307552,1752.4559168471294,5,A,I
LLLLFLLLLALTVLLSILILI,leu,WT,LLLLFLLLLALTVLLIILILI,clash,L,0.3262062663271896,0.0982443385077641,7664.309119085198,1928.241631627047,15,S,I
LLLAALLLLLVTLLFSLLILI,leu,WT,LLLAALLLLLVILLFSLLILI,clash,L,0.5303505165341788,0.0784489677786736,12460.73640993764,1539.717890421943,11,T,I
LLLLTLLLALIVLLFSLLILI,leu,WT,LLLLTLLLALIVLLISLLILI,clash,L,0.4710476516003077,0.1208201484631422,11067.398711197086,2371.337053618756,14,F,I
LLLLAILLTLLAVLFSLLILI,leu,WT,LLLLAILLTLLIVLFSLLILI,clash,L,0.6123529835581133,0.0592332107004116,14387.407723736877,1162.5702262951622,11,A,I
LLLLVALLLTLISLLFLLILI,leu,WT,LLLLVALLLTLIILLFLLILI,clash,L,0.6005901549214439,0.1174081269414536,14111.036715340497,2304.3693072287824,12,S,I
LLLTALLFLLVALLLSLLILI,leu,WT,LLLTALLFLLVILLLSLLILI,clash,L,0.5305128706703193,0.1513389615403334,12464.550966609326,2970.32979781019,11,A,I
LLLLALLLYVLFLLLSTLILI,leu,WT,LLLLALLLYVLFILLSTLILI,clash,L,0.8025065857416279,0.0672629591329791,18855.12075529773,1320.1700987647646,12,L,I
LLLLFVLLALLTILLSLLILI,leu,WT,LLLLFVLLILLTILLSLLILI,clash,L,0.1468544675489525,0.0505133239901925,3450.3875344528874,991.4250097728358,8,A,I
LLLLTLLLFILALLLSVLILI,leu,WT,LLLLILLLFILALLLSVLILI,clash,L,0.4943586613758822,0.1445699674530048,11615.097523932714,2837.4747508850805,4,T,I
LLLLVTLLAILLYLLSLLILI,leu,WT,LLLLVTLLIILLYLLSLLILI,clash,L,0.2996831858122144,0.1628432753750138,7041.14178964298,3196.124965454701,8,A,I
LLLLFLLLAILLVLLSTLILI,leu,WT,LLLLFLLLAILLVLLITLILI,clash,L,0.2106958873408767,0.0461777168384003,4950.3598719859865,906.3300482396348,15,S,I
LLLLLFLLAILYVLLLTLILI,leu,WT,LLLLLFLLAILYVLLITLILI,clash,L,0.5728140330784954,0.1600176635597974,13458.42882307491,3140.666682355443,15,L,I
LLLLFALLALLYVLTSLLILI,leu,WT,LLLLFALLALLYILTSLLILI,clash,L,0.5305323586120013,0.1080356359722691,12465.008841346207,2120.415426988628,12,V,I
LLLYLLLAVLTSLLFLLLILI,leu,WT,LLLYLLLAVLTSLLILLLILI,clash,L,0.1433214732096657,0.1013117749612663,3367.378826399119,1988.446206860121,14,F,I
LLLFALLLILTALLYVLLILI,leu,WT,LLLFALLLILTILLYVLLILI,clash,L,0.3675024804193403,0.120449410583399,8634.575428714788,2364.0605812301164,11,A,I
LLLLAVLLFLLATLISLLILI,leu,WT,LLLLIVLLFLLATLISLLILI,clash,L,0.2235284985070161,0.0508021631626747,5251.865725557303,997.0940562387946,4,A,I
LLLVALLLILTFLLASLLILI,leu,WT,LLLVILLLILTFLLASLLILI,clash,L,0.3538700599820559,0.0629562202064526,8314.277828556298,1235.6417338536446,4,A,I
LLLLLLLLTVLTALLFILILI,leu,WT,LLLLLLLLTVLTILLFILILI,clash,L,0.2563075272949954,0.0678140343337077,6022.018341108175,1330.9860516843537,12,A,I
LLLLAVLLFLLALLTSLLILI,leu,WT,LLLLAVLLFLLILLTSLLILI,clash,L,0.4138067387141984,0.0842987337361154,9722.507162982993,1654.5312468220473,11,A,I
LLLLALLTILLFVLASLLILI,leu,WT,LLLLILLTILLFVLASLLILI,clash,L,0.2733771855086322,0.0893890062929034,6423.074821605974,1754.4380262806428,4,A,I
LLLLLILTALLFVLLSLLILI,leu,WT,LLLLLILTILLFVLLSLLILI,clash,L,0.3980767474746917,0.090958096308689,9352.926539529268,1785.2345560154988,8,A,I
LLLLLFLLATLLILLSVLILI,leu,WT,LLLLLFLLITLLILLSVLILI,clash,L,0.24585171063512,0.0488478239340648,5776.35595127979,958.7362401901844,8,A,I
LLLLVLLLTILFLLLSALILI,leu,WT,LLLLVLLLTILFILLSALILI,clash,L,0.2275597308819422,0.0392970229470322,5346.580678142665,771.2826692281046,12,L,I
LLLLFLLLTALLVLLSILILI,leu,WT,LLLLFLLLTALLVLLIILILI,clash,L,0.3130518098429855,0.1038754030507357,7355.241418113842,2038.7625354197032,15,S,I
LLLLVALLTILFLLLSLLILI,leu,WT,LLLLVALLTILFILLSLLILI,clash,L,0.4681781296755204,0.0257000540446882,10999.978476443712,504.4149606679522,12,L,I
LLLVALLILLTYLLFSLLILI,leu,WT,LLLVILLILLTYLLFSLLILI,clash,L,0.415128302345905,0.0261248862506641,9753.557676826487,512.7531424045317,4,A,I
LLLSYLLFTLLALLLAVLILI,leu,WT,LLLSYLLFTLLILLLAVLILI,clash,R,0.3848636778761553,0.0262559247478239,8827.177507959746,515.3250350009423,11,A,I
LLLASLLLALLFVLLYTLILI,leu,WT,LLLASLLLALLFILLYTLILI,clash,R,0.352100873458901,0.0428007265228887,8075.734576713717,840.0498594382677,12,V,I
LLLWYLLLVLLATLLSFLILI,leu,WT,LLLWYLLLVLLATLLIFLILI,clash,R,0.3517145548524386,0.0703213559316487,8066.874029177648,1380.197252810547,15,S,I
LLLYTLLISLLVALLFLLILI,leu,WT,LLLYTLLISLLVILLFLLILI,clash,R,0.2510696995168516,0.1031774975524058,5758.498221514009,2025.064744369109,12,A,I
LLLLSLLFALLIALLVTLILI,leu,WT,LLLLSLLFILLIALLVTLILI,clash,R,0.2904907011825438,0.0342854839212053,6662.652599353704,672.9211928863386,8,A,I
LLLYALLLALLVSLLFTLILI,leu,WT,LLLYILLLALLVSLLFTLILI,clash,R,0.3765887115117715,0.0646511617029871,8637.384079363697,1268.9083506902095,4,A,I
LLLSYLLTILLAVLLSLLILI,leu,WT,LLLSYLLTILLAVLLILLILI,clash,R,0.4853479997760164,0.1172581486774184,11131.871344026247,2301.4256840046733,15,S,I
LLLATLLISLLFTLLVLLILI,leu,WT,LLLATLLIILLFTLLVLLILI,clash,R,0.4260548682665441,0.0946302400814416,9771.932677700976,1857.307722005828,8,S,I
LLLTYLLFTLLAVLLSLLILI,leu,WT,LLLTYLLFTLLIVLLSLLILI,clash,R,0.3574005734249185,0.0446927869289078,8197.287726637596,877.1853290112444,11,A,I
LLLLYLLITLLFSLLVALILI,leu,WT,LLLLYLLITLLFILLVALILI,clash,R,0.3004075963973027,0.0535818485243825,6890.105069969762,1051.6509409451187,12,S,I
LLLVYLLLALLTALLSILILI,leu,WT,LLLVYLLLALLTILLSILILI,clash,R,0.362458622508735,0.1112152138955623,8313.298406969445,2182.821003039436,12,A,I
LLLTYLLVALLAILLSLLILI,leu,WT,LLLTYLLVALLAILLILLILI,clash,R,0.2773785507786964,0.0245571680113642,6361.914219056142,481.9835365598109,15,S,I
LLLTYLLFVLLAILLSLLILI,leu,WT,LLLTYLLFVLLIILLSLLILI,clash,R,0.288919472035843,0.1001590621356712,6626.6151154892,1965.8219124516263,11,A,I
LLLAYLLLSLLITLLFVLILI,leu,WT,LLLAYLLLILLITLLFVLILI,clash,R,0.4779971043919633,0.1177810828317535,10963.272273431074,2311.689312652573,8,S,I
LLLTYLLFTLLALLLSVLILI,leu,WT,LLLTYLLFILLALLLSVLILI,clash,R,0.3974254519708863,0.04580529736634,9115.292537039915,899.0205713685579,8,T,I
LLLTLLLATLLAYLLSFLILI,leu,WT,LLLTLLLATLLIYLLSFLILI,clash,R,0.3763081875606745,0.0707946002814974,8630.950022697418,1389.4856196748128,11,A,I
LLLVYLLITLLFALLSLLILI,leu,WT,LLLVYLLITLLFILLSLLILI,clash,R,0.4264050850045764,0.0428968065983464,9779.965198021318,841.9356230691981,12,A,I
LLLTALLFALLAYLLSLLILI,leu,WT,LLLTILLFALLAYLLSLLILI,clash,R,0.3724107120086116,0.0586998937667976,8541.558088599355,1152.102814927495,4,A,I
LLLLYLLVTLLFALLSILILI,leu,WT,LLLLYLLVTLLFILLSILILI,clash,R,0.370715648456049,0.0687879548079153,8502.680356758625,1350.1011889583344,12,A,I
LLLFYLLTALLITLLVLLILI,leu,WT,LLLFYLLTALLIILLVLLILI,clash,R,0.3064114904301511,0.0884605328782535,7027.809512895983,1736.2148787264068,12,T,I
LLLTYLLVALLTFLLSLLILI,leu,WT,LLLTYLLVALLIFLLSLLILI,clash,R,0.5886977549001953,0.2507101361092754,13502.286341016714,4920.6878412421975,11,T,I
LLLFVLLATLLAYLLSLLILI,leu,WT,LLLFVLLATLLIYLLSLLILI,clash,R,0.3626661616595171,0.025298845130284,8318.058494833082,496.5404333444917,11,A,I
LLLLYLLIALLVALLSTLILI,leu,WT,LLLLYLLIALLVILLSTLILI,clash,R,0.2974547523143755,0.0496108322402922,6822.37906627141,973.7118043302328,12,A,I
LLLATLLVSLLFTLLILLILI,leu,WT,LLLATLLVILLFTLLILLILI,clash,R,0.5290563119836152,0.1583751018084632,12134.358854754706,3108.428123083966,8,S,I
LLLTYLLTVLLAFLLSLLILI,leu,WT,LLLTYLLTVLLAFLLILLILI,clash,R,0.4930377821637277,0.0372874673951985,11308.24307778615,731.8411225382698,15,S,I
LLLYALLVALLFTLLSLLILI,leu,WT,LLLYALLVALLFILLSLLILI,clash,R,0.25601400628371,0.0522655416259922,5871.900124552271,1025.8157854393576,12,T,I
LLLLALLVALLFALLSTLILI,leu,WT,LLLLALLVALLFILLSTLILI,clash,R,0.4235526016996204,0.040886183009569,9714.541054571486,802.473113893312,12,A,I
LLLVYLLTILLALLLSFLILI,leu,WT,LLLVYLLTILLALLLIFLILI,clash,R,0.406561291277068,0.0677568684049604,9324.830822593583,1329.864056135736,15,S,I
LLLYVLLATLLAFLLSLLILI,leu,WT,LLLYVLLATLLIFLLSLLILI,clash,R,0.2897554452517929,0.0649659800043083,6645.7888759458,1275.087289482514,11,A,I
LLLYTLLVALLFLLLSLLILI,leu,WT,LLLYTLLVALLFILLSLLILI,clash,R,0.27276866498466,0.0993386337765105,6256.182546956305,1949.7193650535016,12,L,I
LLLYALLVTLLFTLLSLLILI,leu,WT,LLLYALLVTLLFILLSLLILI,clash,R,0.266983808802516,0.0448286079843794,6123.501924412972,879.8510888705208,12,T,I
LLLFYLLLTLLVALLSILILI,leu,WT,LLLFYLLLTLLVILLSILILI,clash,R,0.480313473505898,0.0625164924562223,11016.400179535309,1227.0111973966073,12,A,I
LLLYALLTSLLVALLFLLILI,leu,WT,LLLYALLTSLLVILLFLLILI,clash,R,0.3374679242114635,0.015433676330535,7740.115374670764,302.91676531656566,12,A,I
LLLLILLTTLLAYLLSFLILI,leu,WT,LLLLILLTTLLAYLLIFLILI,clash,R,0.3689398192280326,0.0577702430099362,8461.95019509503,1133.8565595049383,15,S,I
LLLYALLTILLTFLLSLLILI,leu,WT,LLLYALLTILLIFLLSLLILI,clash,R,0.2824148670673652,0.1467980238940763,6477.426439154097,2881.20481485097,11,T,I
LLLTYLLLALLVSLLFILILI,leu,WT,LLLTYLLLALLVILLFILILI,clash,R,0.4656694005540557,0.0935246131324334,10680.525845820564,1835.607581883076,12,S,I
LLLTALLVALLAYLLSFLILI,leu,WT,LLLTALLVALLIYLLSFLILI,clash,R,0.5026564388465041,0.0429674318138298,11528.855192679155,843.3217841801828,11,A,I
LLLLVLLIALLFTLLSYLILI,leu,WT,LLLLVLLIALLFILLSYLILI,clash,R,0.3323553813388555,0.042181887768362,7622.854832703295,827.90391120193,12,T,I
LLLFYLLVALLLTLLSLLILI,leu,WT,LLLFYLLVALLLTLLILLILI,clash,R,0.3995117068824044,0.0802815780873234,9163.142577165683,1575.6865330571432,15,S,I
LLLTALLIALLFVLLSLLILI,leu,WT,LLLTILLIALLFVLLSLLILI,clash,R,0.3304089907144147,0.0084549106181465,7578.212699583812,165.944530695616,4,A,I
LLLYALLLALLTVLLSILILI,leu,WT,LLLYALLLALLTILLSILILI,clash,R,0.4246373171572001,0.0435332519363454,9739.419931011216,854.427135729518,12,V,I
LLLAYLLTVLLAFLLSLLILI,leu,WT,LLLAYLLTVLLAFLLILLILI,clash,R,0.5592382233300143,0.0212607456192549,12826.60679678073,417.2846542508321,15,S,I
LLLAYLLVALLTLLLSFLILI,leu,WT,LLLAYLLVALLILLLSFLILI,clash,R,0.5364122879751344,0.0145501599812491,12303.074453425685,285.57598994107065,11,T,I
LLLYVLLLTLLATLLSFLILI,leu,WT,LLLYVLLLTLLATLLIFLILI,clash,R,0.2184909038736525,0.11732746512549,5011.275688827807,2302.786157914896,15,S,I
LLLTALLVALLFALLSLLILI,leu,WT,LLLTALLVALLFILLSLLILI,clash,R,0.4409403511178994,0.0279826623331706,10113.343953864784,549.2157135909638,12,A,I
LLLFALLTILLAYLLSLLILI,leu,WT,LLLFILLTILLAYLLSLLILI,clash,R,0.3955784087751212,0.0580220013626678,9072.929022137176,1138.7978206970265,4,A,I
LLLVYLLLALLFTLLSILILI,leu,WT,LLLVYLLLALLFILLSILILI,clash,R,0.3867372654652003,0.08836785008014,8870.149841217704,1734.3957934525456,12,T,I
LLLLALLFALLVSLLTWLILI,leu,WT,LLLLALLFALLVSLLIWLILI,clash,R,0.3033671855601618,0.0047673713769634,6957.9857778445885,93.5691980009231,15,T,I
LLLLTLLATLLAVLLSFLILI,leu,WT,LLLLTLLAILLAVLLSFLILI,clash,R,0.3650609827167947,0.027400260235841,8372.985763333527,537.7849076300819,8,T,I
LLLALLLVTLLTFLLSILILI,leu,WT,LLLALLLVTLLTFLLIILILI,clash,R,0.4322542328126367,0.056738079407161,9914.120403974232,1113.598284478518,15,S,I
LLLALLLVTLLAYLLSFLILI,leu,WT,LLLALLLVTLLIYLLSFLILI,clash,R,0.4925151391910126,0.0184481199243734,11296.25581435237,362.08124974094846,11,A,I
LLLYTLLATLLFLLLSVLILI,leu,WT,LLLYTLLAILLFLLLSVLILI,clash,R,0.2743777064786165,0.1082920701565144,6293.087289341606,2125.448460868453,8,T,I
LLLYTLLATLLVLLLSFLILI,leu,WT,LLLYILLATLLVLLLSFLILI,clash,R,0.2525269330088341,0.0697554583380206,5791.921117574447,1369.0903807329616,4,T,I
LLLALLLLTLLFVLLSILILI,leu,WT,LLLALLLLTLLFILLSILILI,clash,R,0.3350635934409482,0.0667669955639895,7684.969992766681,1310.4358218759585,12,V,I
LLLTVLLLALLFALLSILILI,leu,WT,LLLTVLLLALLFILLSILILI,clash,R,0.3567940454427866,0.0561842402145029,8183.376488790299,1102.7280826423655,12,A,I
LLLFYLLVALLTLLLSILILI,leu,WT,LLLFYLLVALLTLLLIILILI,clash,R,0.3888838107115516,0.15179227690195,8919.382691723342,2979.227018635675,15,S,I
LLLAYLLLTLLVALLSILILI,leu,WT,LLLAYLLLTLLIALLSILILI,clash,R,0.4020507766612606,0.0365180958560485,9221.378313427003,716.7406673403196,11,V,I
LLLTYLLTILLAVLLSLLILI,leu,WT,LLLTYLLTILLAVLLILLILI,clash,R,0.4307748320783112,0.0486992378841504,9880.18908325586,955.819941911602,15,S,I
LLLYALLLALLFSLLVTLILI,leu,WT,LLLYILLLALLFSLLVTLILI,clash,R,0.2963240741485817,0.1029057927784134,6796.445995816379,2019.731994783443,4,A,I
LLLATLLVALLFLLLSILILI,leu,WT,LLLAILLVALLFLLLSILILI,clash,R,0.4339753953435311,0.0630890162624125,9953.59673819906,1238.248122132476,4,T,I
LLLAYLLIALLLTLLFVLILI,leu,WT,LLLAYLLIALLLILLFVLILI,clash,R,0.4741649803273366,0.0742890128725239,10875.379231571813,1458.0704556007386,12,T,I
LLLYALLTALLFVLLSLLILI,leu,WT,LLLYALLTALLFILLSLLILI,clash,R,0.3164559670765985,0.0066624310236711,7258.188172727394,130.76353368487352,12,V,I
LLLLALLIALLFVLLSTLILI,leu,WT,LLLLALLIALLFILLSTLILI,clash,R,0.2676020249730015,0.0521051058153091,6137.681240854636,1022.6669117825268,12,V,I
LLLFYLLVILLALLLSTLILI,leu,WT,LLLFYLLVILLALLLITLILI,clash,R,0.2868465505450592,0.1356697571862223,6579.070888765716,2662.7903241827776,15,S,I
LLLYLLLVTLLAILLSFLILI,leu,WT,LLLYLLLVTLLAILLIFLILI,clash,R,0.173093253494821,0.0906869575252741,3970.041762761252,1779.912915263417,15,S,I
LLLYALLTALLSVLLFLLILI,leu,WT,LLLYALLTALLSILLFLLILI,clash,R,0.3657949800598902,0.0311414789174544,8389.820619959188,611.2138066918545,12,V,I
LLLYVLLFILLALLLSTLILI,leu,WT,LLLYVLLFILLALLLITLILI,clash,R,0.2160853230867104,0.0977618729080631,4956.1016367274815,1918.7722794765853,15,S,I
LLLAFLLVTLLAYLLSLLILI,leu,WT,LLLAFLLVTLLIYLLSLLILI,clash,R,0.3823650028910997,0.0421155223472408,8769.868260830808,826.6013570724203,11,A,I
LLLYALLLSLLFTLLVILILI,leu,WT,LLLYALLLSLLFILLVILILI,clash,R,0.2623638527538069,0.0407186608870878,6017.539282408511,799.1851572183419,12,T,I
LLLATLLFALLVLLLSLLILI,leu,WT,LLLATLLFALLILLLSLLILI,clash,R,0.4381517658840317,0.0521410512185681,10049.385367307104,1023.3724122305268,11,V,I
LLLYALLIALLFTLLVLLILI,leu,WT,LLLYALLIALLFILLVLLILI,clash,R,0.2993461323957245,0.0263465886622674,6865.759485550625,517.1044956449579,12,T,I
LLLVALLIALLLSLLFTLILI,leu,WT,LLLVALLIALLLILLFTLILI,clash,R,0.3724122912776725,0.0744591948838971,8541.594310487277,1461.4106179305738,12,S,I
LLLTALLVALLSLLLFILILI,leu,WT,LLLTILLVALLSLLLFILILI,clash,R,0.518910518007488,0.0054356433857453,11901.656395344537,106.68537272783264,4,A,I
LLLLTLLIALLVALLSFLILI,leu,WT,LLLLTLLIALLVILLSFLILI,clash,R,0.3415876717066756,0.0700403151113251,7834.605305826891,1374.6812646283656,12,A,I
LLLVALLLALLFTLLSILILI,leu,WT,LLLVALLLALLFILLSILILI,clash,R,0.6098054771901172,0.0485262306986908,13986.409998660143,952.4243298884288,12,T,I
LLLYALLTTLLSVLLFLLILI,leu,WT,LLLYALLTTLLIVLLFLLILI,clash,R,0.4401443630290336,0.0741685990676933,10095.087286482072,1455.7070938489771,11,S,I
LLLLVLLIALLFALLSTLILI,leu,WT,LLLLVLLIALLFILLSTLILI,clash,R,0.3282837414980629,0.0222882128395525,7529.468291735541,437.4507533883275,12,A,I
LLLYILLFTLLVALLSLLILI,leu,WT,LLLYILLFILLVALLSLLILI,clash,R,0.1900846817620346,0.0592269377951837,4359.7546976044,1162.4471080428114,8,T,I
LLLTYLLIVLLALLLSFLILI,leu,WT,LLLTYLLIVLLALLLIFLILI,clash,R,0.4050627632131107,0.0172447837720938,9290.460800218942,338.4633710749713,15,S,I
LLLLALLFALLTVLLSILILI,leu,WT,LLLLALLFALLTILLSILILI,clash,R,0.4415465813381909,0.022548799017516,10127.24836228888,442.56527830008383,12,V,I
LLLAILLYTLLAVLLSLLILI,leu,WT,LLLAILLYILLAVLLSLLILI,clash,R,0.653620468769232,0.0754197525660967,14991.344291992058,1480.2634835565182,8,T,I
LLLYVLLIALLATLLSLLILI,leu,WT,LLLYVLLIALLAILLSLLILI,clash,R,0.3282504612063602,0.0621501469501735,7528.704979792758,1219.8209341360669,12,T,I
LLLYILLSVLLALLLTFLILI,leu,WT,LLLYILLSVLLILLLTFLILI,clash,R,0.1925142195420049,0.0766696411386093,4415.47822382424,1504.7950465504966,11,A,I
LLLTALLIALLSVLLFLLILI,leu,WT,LLLTALLIILLSVLLFLLILI,clash,R,0.3717090588176965,0.0575678199901583,8525.465072758903,1129.8836029079016,8,A,I
LLLYALLLALLVSLLTILILI,leu,WT,LLLYALLLALLVILLTILILI,clash,R,0.5890111901800485,0.041230628430543,13509.475247133729,809.2335441735478,12,S,I
LLLAYLLLTLLATLLSFLILI,leu,WT,LLLAYLLLTLLITLLSFLILI,clash,R,0.3982084968737538,0.0519204664406643,9133.252341381509,1019.0429947966294,11,A,I
LLLAALLLSLLFTLLVFLILI,leu,WT,LLLAALLLSLLFILLVFLILI,clash,R,0.4559585252514497,0.0467310737341776,10457.79861803786,917.190784143313,12,T,I
LLLTYLLVALLIALLSLLILI,leu,WT,LLLTYLLVILLIALLSLLILI,clash,R,0.3565068309248765,0.0151924925176705,8176.7889782542525,298.18305064489635,8,A,I
LLLAALLFSLLTTLLVLLILI,leu,WT,LLLAALLFSLLTILLVLLILI,clash,R,0.4755325726561391,0.0796804460744633,10906.746130912774,1563.8881150505586,12,T,I
LLLAYLLTTLLALLLSFLILI,leu,WT,LLLAYLLTTLLILLLSFLILI,clash,R,0.5604297492183382,0.0567914403130288,12853.935461774474,1114.6455989813535,11,A,I
LLLYALLFALLLSLLVTLILI,leu,WT,LLLYILLFALLLSLLVTLILI,clash,R,0.2658405147356145,0.0202676283040193,6097.279497480206,397.79274072092375,4,A,I
LLLYILLFALLTVLLSLLILI,leu,WT,LLLYILLFALLTVLLILLILI,clash,R,0.2554486983419557,0.0645827731538533,5858.934303575315,1267.5660886265853,15,S,I
LLLAALLLSLLFTLLVYLILI,leu,WT,LLLAALLLSLLFILLVYLILI,clash,R,0.3159729050510937,0.0769486903218691,7247.108732160733,1510.2719448789474,12,T,I
LLLYSLLTALLVALLFLLILI,leu,WT,LLLYSLLTALLVILLFLLILI,clash,R,0.2860052972035071,0.0797317003506082,6559.776024109327,1564.894082721176,12,A,I
LLLVALLLTLLAILLSFLILI,leu,WT,LLLVILLLTLLAILLSFLILI,clash,R,0.2796699441950968,0.050938385480379,6414.469286187338,999.7676917707596,4,A,I
LLLLALLVALLSTLLIFLILI,leu,WT,LLLLILLVALLSTLLIFLILI,clash,R,0.3918784134653277,0.062362641514107,8988.066466238999,1223.99156495327,4,A,I
LLLLTLLVALLSTLLIFLILI,leu,WT,LLLLTLLVALLSILLIFLILI,clash,R,0.4000633121950605,0.0339616011731595,9175.794116627809,666.5643462073306,12,T,I
LLLYALLLTLLVALLSFLILI,leu,WT,LLLYALLLTLLVILLSFLILI,clash,R,0.2514289347775367,0.0791944898837576,5766.737589360358,1554.350252873816,12,A,I
LLLTALLIALLLVLLSFLILI,leu,WT,LLLTALLIILLLVLLSFLILI,clash,R,0.4092413272370779,0.0425750690535467,9386.299738746777,835.6208802815911,8,A,I
LLLYVLLATLLSLLLFILILI,leu,WT,LLLYVLLAILLSLLLFILILI,clash,R,0.2761258857707305,0.0969544216533002,6333.183276085099,1902.9244337046,8,T,I
LLLVYLLLALLTSLLFILILI,leu,WT,LLLVYLLLILLTSLLFILILI,clash,R,0.3902941427433798,0.0276424335585899,8951.72986269172,542.5380434447343,8,A,I
LLLYFLLVALLLALLSTLILI,leu,WT,LLLYFLLVILLLALLSTLILI,clash,R,0.3174421654388616,0.0314419544140774,7280.807475357838,617.1112392560331,8,A,I
LLLLILLSVLLAYLLTFLILI,leu,WT,LLLLILLSVLLIYLLTFLILI,clash,R,0.4025338727181304,0.0286696242796554,9232.45853453511,562.6987157129246,11,A,I
LLLLALLTTLLAFLLSILILI,leu,WT,LLLLALLTTLLIFLLSILILI,clash,R,0.451292864493692,0.0226314131339308,10350.787699453878,444.18674556530834,11,A,I
LLLALLLVTLLAILLSFLILI,leu,WT,LLLALLLVILLAILLSFLILI,clash,R,0.1724575533669037,0.0706669348779381,3955.461436808933,1386.9799307756523,8,T,I
LLLAVLLISLLTTLLFLLILI,leu,WT,LLLAVLLIILLTTLLFLLILI,clash,R,0.4157831005583675,0.0567616779041499,9536.340903033151,1114.0614521850378,8,S,I
LLLFYLLVALLLTLLSTLILI,leu,WT,LLLFYLLVILLLTLLSTLILI,clash,R,0.3889674597393176,0.0279261606473628,8921.301253691552,548.1067550036043,8,A,I
LLLTYLLLVLLAILLSFLILI,leu,WT,LLLTYLLLVLLIILLSFLILI,clash,R,0.1949146231157279,0.1191551359773674,4470.533532115185,2338.657853722044,11,A,I
LLLYALLVALLSLLLFTLILI,leu,WT,LLLYILLVALLSLLLFTLILI,clash,R,0.3464401542178255,0.0256894800016477,7945.901141051666,504.2074239633324,4,A,I
LLLTALLLALLAVLLSFLILI,leu,WT,LLLTALLLALLAILLSFLILI,clash,R,0.3975927611139234,0.0637912186773891,9119.12991528202,1252.030248931292,12,V,I
LLLYALLLTLLSVLLFILILI,leu,WT,LLLYALLLILLSVLLFILILI,clash,R,0.3038835158662648,0.0687860857765653,6969.828254874461,1350.0645054778656,8,T,I
LLLAILLLTLLTVLLSFLILI,leu,WT,LLLAILLLILLTVLLSFLILI,clash,R,0.3244823248349914,0.0585857391952662,7442.279550387426,1149.8623031416223,8,T,I
LLLYILLLALLTVLLSFLILI,leu,WT,LLLYILLLILLTVLLSFLILI,clash,R,0.203809129085516,0.0727619712118837,4674.536631259884,1428.0992089101935,8,A,I
LLLLILLSTLLATLLVFLILI,leu,WT,LLLLILLSTLLITLLVFLILI,clash,R,0.2324100083667339,0.0519070312731541,5330.522251097789,1018.779302741201,11,A,I
LLLAYLLLTLLAVLLSILILI,leu,WT,LLLAYLLLTLLAVLLIILILI,clash,R,0.4534051089236374,0.0390437233367819,10399.233831408766,766.3111578998245,15,S,I
LLLYTLLVALLATLLSLLILI,leu,WT,LLLYTLLVALLAILLSLLILI,clash,R,0.3817579828168396,0.0696688441570757,8755.945736431842,1367.3904042118916,12,T,I
LLLFILLTALLAVLLSLLILI,leu,WT,LLLFILLTALLAVLLILLILI,clash,R,0.3012335606085078,0.0394501062371703,6909.049265346115,774.2872350867332,15,S,I
LLLVALLLALLFALLSTLILI,leu,WT,LLLVALLLALLFILLSTLILI,clash,R,0.3570150921892813,0.04012306427214,8188.446384914566,787.4953824308477,12,A,I
LLLALLLVTLLFILLSLLILI,leu,WT,LLLALLLVILLFILLSLLILI,clash,R,0.3091218108726864,0.0369033474170735,7089.973029545376,724.301999730778,8,T,I
LLLYVLLATLLALLLSFLILI,leu,WT,LLLYVLLATLLALLLIFLILI,clash,R,0.2609181153434192,0.0317259667712325,5984.380058809431,622.6855497862175,15,S,I
LLLFVLLIALLLTLLSLLILI,leu,WT,LLLFVLLIILLLTLLSLLILI,clash,R,0.3461764344174946,0.045950176872323,7939.852501953294,901.8641214299272,8,A,I
LLLYALLLSLLTALLVFLILI,leu,WT,LLLYALLLILLTALLVFLILI,clash,R,0.2775900847180019,0.0934550837180261,6366.765930818972,1834.2429280511951,8,S,I
LLLTALLIALLLSLLFVLILI,leu,WT,LLLTALLIALLLILLFVLILI,clash,R,0.4065794612839586,0.0386488587682519,9325.247567238148,758.5611510138114,12,S,I
LLLTVLLALLLAFLLSILILI,leu,WT,LLLTVLLILLLAFLLSILILI,clash,R,0.3481643002096687,0.0608377368508262,7985.445903502099,1194.0622611417764,7,A,I
LLLLALLVSLLIALLFTLILI,leu,WT,LLLLALLVSLLIILLFTLILI,clash,R,0.3544417989448759,0.0451691083044997,8129.425704208615,886.5340886529744,12,A,I
LLLYALLLTLLVALLSILILI,leu,WT,LLLYALLLTLLVILLSILILI,clash,R,0.3318023264148587,0.0529027403650216,7610.170045166541,1038.3220850937514,12,A,I
LLLTILLAVLLALLLFLLILI,leu,WT,LLLTILLAVLLILLLFLLILI,clash,R,0.6333012215675877,0.1790371314568757,14525.304984622975,3513.961778973713,11,A,I
LLLYVLLFTLLAALLSLLILI,leu,WT,LLLYVLLFTLLAALLILLILI,clash,R,0.2812137711563238,0.0600468186504431,6449.878277503226,1178.538909593009,15,S,I
LLLAYLLVLLLATLLSFLILI,leu,WT,LLLAYLLILLLATLLSFLILI,clash,R,0.3365466915408409,0.0745173949699596,7718.986115726034,1462.5529110111238,7,V,I
LLLAILLFTLLAYLLSLLILI,leu,WT,LLLAILLFTLLIYLLSLLILI,clash,R,0.4466476675164221,0.0671296219875972,10244.24613517343,1317.5530907035627,11,A,I
LLLYVLLATLLTFLLSLLILI,leu,WT,LLLYVLLITLLTFLLSLLILI,clash,R,0.2924266825816374,0.0221980359684884,6707.055987989515,435.6808519397885,7,A,I
LLLLVLLIALLATLLSFLILI,leu,WT,LLLLVLLIALLAILLSFLILI,clash,R,0.3048691965798953,0.1025088881896917,6992.435684792011,2011.94194841292,12,T,I
LLLFALLVALLTLLLSILILI,leu,WT,LLLFALLVALLILLLSILILI,clash,R,0.4838408984293019,0.0218671014423246,11097.304686075857,429.1855999911351,11,T,I
LLLVALLIALLFTLLSLLILI,leu,WT,LLLVALLIALLFILLSLLILI,clash,R,0.4975629325997571,0.062881299313579,11412.031272006208,1234.1712615804452,12,T,I
LLLAYLLIALLVSLLTLLILI,leu,WT,LLLAYLLIALLVILLTLLILI,clash,R,0.6198796897495411,0.1514192886789121,14217.470677077208,2971.9063787892383,12,S,I
LLLTALLIALLLVLLSWLILI,leu,WT,LLLTALLIALLLILLSWLILI,clash,R,0.3553233768887984,0.0255340848691767,8149.645448094748,501.1574836977898,12,V,I
LLLTYLLAVLLAILLFLLILI,leu,WT,LLLTYLLAVLLIILLFLLILI,clash,R,0.3154723259159051,0.0674301773257557,7235.62752170417,1323.45209031194,11,A,I
LLLVALLIALLLTLLSLLILI,leu,WT,LLLVALLIALLLILLSLLILI,clash,R,0.8965741756668895,0.0494660014759822,20563.69528316249,970.8692109375398,12,T,I
