Sequence,RotamerValues,Interface
LLLSYLLVLLLGFLLGTLILI,133002300220021003201,000110011001100110000
LLLSYLLVLLLGALLGFLILI,133002300120022003211,000110011001100110000
LLLYFLLGTLLGLLLGSLILI,033002200310021003312,000110011001100110000
LLLYFLLGLLLGVLLGSLILI,033002200310021003312,000110011001100110000
LLLSYLLALLLGFLLGTLILI,133002200210031003212,000110011001100110000
LLLYFLLGLLLGVLLSTLILI,133003200310021003212,000110011001100110000
LLLYFLLGVLLGLLLGSLILI,133002200310021003212,000110011001100110000
LLLYLLLGTLLGFLLSILILI,133002200210031003312,000110011001100110000
LLLAYLLFLLLGTLLGSLILI,133002200220031003201,000110011001100110000
LLLYFLLGLLLGVLLASLILI,133003200310021003212,000110011001100110000
LLLTLLLGILLGFLLSVLILI,133002300210021003312,000110011001100110000
LLLSYLLVLLLGALLAFLILI,133001200220032003211,000110011001100110000
LLLLYLLTALLFLLTSLLILI,103300200330020023022,000011011001101100000
LLLTFLLGILLGLLLGSLILI,133002300210021003212,000110011001100110000
LLLYFLLALLLGTLLGSLILI,133002300220031003212,000110011001100110000
LLLYLLLALLLGFLLGTLILI,123002200230031003201,000110011001100110000
LLLYILLATLLGLLLGFLILI,133002300220021003201,000110011001100110000
LLLYVLLGILLGLLLSFLILI,133002200310031003212,000110011001100110000
LLLYFLLGTLLGALLGLLILI,123003300220021003211,000110011001100110000
LLLAYLLVFLLGLLLGSLILI,133002200230021003211,000110011001100110000
LLLVILLTLLLGALLGFLILI,123003300220021003211,000110011001100110000
LLLYVLLTLLLGALLGFLILI,123003300220021003211,000110011001100110000
LLLSYLLAVLLGILLGLLILI,133002200220031003201,000110011001100110000
LLLTFLLGVLLGLLLGSLILI,133002200310031003202,000110011001100110000
LLLYLLLGILLGFLLSTLILI,033002300210031003212,000110011001100110000
LLLLYVLTSLLAILLFLLILI,103300200330020023022,000011011001101100000
LLLYLLLGALLGFLLSTLILI,133002200310021003312,000110011001100110000
LLLSYLLTVLLGILLGLLILI,133002300220021003201,000110011001100110000
LLLAYLLFLLLGVLLGSLILI,133002300220021003201,000110011001100110000
LLLAYLLGVLLGLLLGFLILI,133002200310031003212,000110011001100110000
LLLSSLLFLLLGVLLGTLILI,033002300320021003211,000110011001100110000
LLLSTLLGFLLGVLLGLLILI,133002300210031003202,000110011001100110000
LLLYFLLATLLGLLLGSLILI,133002200220031003301,000110011001100110000
LLLALLLGLLLGVLLGSLILI,033002200210031003312,000110011001100110000
LLLYILLGVLLGLLLSFLILI,133003200210031003212,000110011001100110000
LLLTYLLALLLGFLLGSLILI,133002200220031003201,000110011001100110000
LLLLYVLTSLLFALLLLLILI,103300200330020023022,000011011001101100000
LLLSYLLGVLLGLLLGFLILI,133002300210021003212,000110011001100110000
LLLSYLLVLLLGTLLAFLILI,133002200220021003301,000110011001100110000
LLLTYLLFLLLGVLLGSLILI,133002200220031003201,000110011001100110000
LLLLYVLIALLFLLTSLLILI,103300200220030033022,000011011001101100000
LLLSYLLVALLGLLLGFLILI,133002200320021003201,000110011001100110000
LLLAFLLGVLLGTLLGLLILI,133002300220031003212,000110011001100110000
LLLYFLLGVLLGLLLSTLILI,133002200310031003212,000110011001100110000
LLLTALLFLLLGLLLGSLILI,133002200220031003211,000110011001100110000
LLLYALLFLLLGTLLGSLILI,133002200220031003211,000110011001100110000
LLLYFLLGALLGILLTLLILI,133002200320032003211,000110011001100110000
LLLAFLLGTLLGVLLGLLILI,033002300220021003112,000110011001100110000
LLLYFLLGVLLGTLLGLLILI,133002300310020003212,000110011001100110000
LLLTFLLAVLLGILLGLLILI,133002300210021003202,000110011001100110000
LLLTLLLGALLGFLLSILILI,133002200310021003312,000110011001100110000
LLLSYLLVALLGALLGLLILI,133002300120022003211,000110011001100110000
LLLSYLLVLLLGLLLGTLILI,123002300220031003102,000110011001100110000
LLLLYFLLALLAVLTSLLILI,103300200220030033022,000011011001101100000
LLLSYLLILLLGTLLAFLILI,133002200220021003301,000110011001100110000
LLLYLLLGFLLGTLLGSLILI,033002200310021003312,000110011001100110000
LLLSYLLVLLLGFLLATLILI,133002200220031003201,000110011001100110000
LLLLYYLVILLFALLTLLILI,103300300220030023022,000011011001101100000
LLLTFLLGVLLGLLLSILILI,133002200210031003312,000110011001100110000
LLLYALLTLLLGFLLGILILI,133003200220021003201,000110011001100110000
LLLYFLLGALLGILLSLLILI,033002200210032003312,000110011001100110000
LLLLYYLIVLLLTLFLLLILI,103300300220030023022,000011011001101100000
LLLAYLLGVLLGLLLGSLILI,133002200310031003212,000110011001100110000
LLLLYYLTALLFVLLLLLILI,103300300220030023022,000011011001101100000
LLLSYLLGVLLGTLLGFLILI,133002300210031003202,000110011001100110000
LLLSYLLGVLLGLLLATLILI,133002200210031003312,000110011001100110000
LLLSTLLGLLLGVLLGILILI,033002200220031003312,000110011001100110000
LLLYALLFLLTSLLFSLLILI,13003200200230021032,000110011011001100000
LLLTYLLAVLLGLLLGFLILI,133002300210031003202,000110011001100110000
LLLSYLLGLLLGFLLGTLILI,133002300210031003212,000110011001100110000
LLLYILLGLLLGTLLAFLILI,123002200230021003311,000110011001100110000
LLLTYLLAFLLGVLLGLLILI,133002200220031003201,000110011001100110000
LLLLAYLLALLFLLTSLLILI,103300200230030023022,000011011001101100000
LLLYALLALLLGTLLGFLILI,133002300220031003201,000110011001100110000
LLLSYLLFVLLGILLALLILI,133002200220031003201,000110011001100110000
LLLSYLLGVLLGLLLAFLILI,133002200310021003312,000110011001100110000
LLLLYILLFTLAVLLLSLILI,103300310020031003022,000011001101100110000
LLLSYLLGLLLGFLLSTLILI,133002200300021003221,000110011001100110000
LLLVYLLATLLGILLALLILI,133002200320021003312,000110011001100110000
LLLTILLALLLGFLLGSLILI,133002200220031003211,000110011001100110000
LLLYLLLASLLGILLAFLILI,133002200320021003211,000110011001100110000
LLLYFLLATLLGILLALLILI,133002200210031003212,000110011001100110000
LLLSSLLALLLGTLLGFLILI,033002200220031003312,000110011001100110000
LLLALLLGLLLGTLLGFLILI,123002200320031003201,000110011001100110000
LLLLYYLTALLFVLLILLILI,103300300220030023022,000011011001101100000
LLLLYLLLAVLTSLLFSLILI,102300330020032003102,000011001101100110000
LLLLYLLTSLLAVLFLLLILI,103300200320030023022,000011011001101100000
LLLTVLLAYLLGLLLGFLILI,133002300220021003201,000110011001100110000
LLLLYLLVALLLFLTSLLILI,103300300220020033012,000011011001101100000
LLLLYALLFLLTALLFSLILI,102300320030032003102,000011001101100110000
LLLFALLLLLTSLLYSLLILI,13002300200220031032,000110011011001100000
LLLTLLLGILLGVLLSLLILI,133002200300021003221,000110011001100110000
LLLSYLLAILLGLLLGFLILI,133002200220031003211,000110011001100110000
LLLVWLLTALLIALLSLLILI,123002200120023003301,000110011001100110000
LLLAGLLFLLLGTLLGSLILI,133002200210031003202,000110011001100110000
LLLSYLLGLLLGFLLATLILI,133002200310021003312,000110011001100110000
LLLTFLLGVLLGILLALLILI,133002200310021003312,000110011001100110000
LLLLYLLLFTLAVLLLSLILI,103300310020031003022,000011001101100110000
LLLTALLFLLLGYLLGSLILI,133002200220031003211,000110011001100110000
LLLSYLLGLLLGVLLGTLILI,133002200210021003312,000110011001100110000
LLLSYLLFLLLGVLLGSLILI,133002200220031003211,000110011001100110000
LLLLYVLIALLLLLTSLLILI,103300200220030033022,000011011001101100000
LLLTYLLFALLGLLLGSLILI,123002300220031003211,000110011001100110000
LLLSYLLGLLLGTLLGFLILI,133002300210031003202,000110011001100110000
LLLLFLLGTLLGALLAYLILI,123002300220031003211,000110011001100110000
LLLLYLLAVLTSLLFSLLILI,13002300300220021032,000110011011001100000
LLLYTLLAILLGLLLGFLILI,133002200210031003201,000110011001100110000
LLLSYLLFTLLAILLTLLILI,133002200320021003211,000110011001100110000
LLLTSLLLGLLFALLAYLILI,133002200220031003201,000110011001100110000
LLLYILLTLLLGALLAFLILI,133002200230021003211,000110011001100110000
LLLTSLLFALLGLLLGVLILI,123002200320031003211,000110011001100110000
LLLYLLLAILLGFLLSTLILI,133002200320021003211,000110011001100110000
LLLTFLLAVLLGLLLGSLILI,133002200220031003211,000110011001100110000
LLLATLLVGLLFLLLGLLILI,133002200120032003201,000110011001100110000
LLLTALLAFLLGVLLGLLILI,133002300210031003202,000110011001100110000
LLLSSLLALLLGVLLGTLILI,133002300210031003202,000110011001100110000
LLLTYLLAVLLGILLGLLILI,123002300210031003212,000110011001100110000
LLLYSLLALLLGTLLGFLILI,033002200220031003312,000110011001100110000
LLLYVLLTLLLGALLAFLILI,123003300220021003211,000110011001100110000
LLLTVLLALLLGFLLGSLILI,123002200320031003201,000110011001100110000
LLLYALLFLLTSLLLSLLILI,13002300200230021032,000110011011001100000
LLLSYLLGVLLGLLLGTLILI,133002200210031003212,000110011001100110000
LLLTFLLGLLLGVLLGSLILI,033002300220021003112,000110011001100110000
LLLVALLLLLTALLFSLLILI,13002200200230032031,000110011011001100000
LLLLYILLLVLATLLFSLILI,103300310020021003022,000011001101100110000
LLLVLLLTGLLFALLAYLILI,133001200220022003311,000110011001100110000
LLLGYLLFLLLGVLLASLILI,133002200220031003211,000110011001100110000
LLLTFLLGLLLGVLLSILILI,133002200210031003212,000110011001100110000
LLLYTLLVGLLFALLGLLILI,133002200120032003201,000110011001100110000
LLLTYLLALLLGVLLGSLILI,133002200210031003202,000110011001100110000
LLLLYYLTFLLAVLLILLILI,103300300220030023022,000011011001101100000
LLLTFLLGLLLGYLLSILILI,133002300210031003212,000110011001100110000
LLLLYLLTALLFVLISLLILI,103300200330020023012,000011011001101100000
LLLLFWLLAVLTALLYLLILI,102300320030032003102,000011001101100110000
LLLLYALVFLLTSLLFLLILI,102300200130030013102,000011011001101100000
LLLFSLLTALLGLLLGVLILI,133002200320021003211,000110011001100110000
LLLSYLLGVLLGTLLGLLILI,133002300210021003212,000110011001100110000
LLLLYVLLATLLLLLFSLILI,103300210030031003022,000011001101100110000
LLLLYWLLTILAFLLSLLILI,102300320020033003102,000011001101100110000
LLLLWYLVSLLILLTFLLILI,103300200220030033011,000011011001101100000
LLLYVLLFTLLGALLGLLILI,133001200220032003211,000110011001100110000
LLLYFLLGVLLGTLLSLLILI,133002200210031003212,000110011001100110000
LLLASLLVGLLFLLLGLLILI,133001200220032003201,000110011001100110000
LLLVYLLTALLISLLFLLILI,123001200130032003201,000110011001100110000
LLLLYLLLAVLLSLLFTLILI,103300210020032003012,000011001101100110000
LLLSYLLTVLLGILLALLILI,133002200220031003211,000110011001100110000
LLLYWLLVALLITLLFLLILI,133002200120032003211,000110011001100110000
LLLTLLLFYLLGVLLGSLILI,133002300220021003201,000110011001100110000
LLLAYLLFLLLGTLLSILILI,133002200220031003211,000110011001100110000
LLLLYWLLTILVALLLSLILI,102300320020033003102,000011001101100110000
LLLYWLLVALLLALLSTLILI,123003200130022003201,000110011001100110000
LLLLVFLLALLYLLTSLLILI,103300300220030023022,000011011001101100000
LLLYFLLATLLGILLSLLILI,133002300210031003212,000110011001100110000
LLLLYVLIALLLTLFLLLILI,103300200220030033022,000011011001101100000
LLLWSLLTLLLGVLLAFLILI,133002200220021003301,000110011001100110000
LLLASLLFLLLGYLLGTLILI,133003200220021003201,000110011001100110000
LLLYLLLGALLGTLLSFLILI,123002200230021003311,000110011001100110000
LLLLYLLLFVLATLLLSLILI,103300310020031003022,000011001101100110000
LLLTSLLVGLLFALLAYLILI,133001200220032003211,000110011001100110000
LLLYFLLTILLGVLLALLILI,133002100220032003211,000110011001100110000
LLLLYVLLFTLALLLLSLILI,103300210020031003022,000011001101100110000
LLLLYILLLLLAVLTFLLILI,103300200220030033022,000011011001101100000
LLLYWLLTALLLSLLFVLILI,123003200130022003201,000110011001100110000
LLLSYLLFTLLALLLAILILI,133002200320021003211,000110011001100110000
LLLLLVLTALLYILFLLLILI,103300300230020023022,000011011001101100000
LLLLSTLTSLLAVLLFLLILI,103300200230020033022,000011011001101100000
LLLSYLLFVLLALLLATLILI,133002200220021003301,000110011001100110000
LLLTLLLGLLLGVLLASLILI,133002200310021003212,000110011001100110000
LLLYWLLVALLISLLTLLILI,123002200120023003301,000110011001100110000
LLLLYWLLTLLVALLSFLILI,112300320020032003102,000011001101100110000
LLLLFWLLTILVALLLSLILI,102300320020033003102,000011001101100110000
LLLTSLLFLLLGALLAYLILI,133002200320021003211,000110011001100110000
LLLSYLLVILLAFLLTLLILI,033001200320022003211,000110011001100110000
LLLFYLLGVLLGLLLASLILI,033002300210021003312,000110011001100110000
LLLSYLLVFLLALLLATLILI,133002300220021003211,000110011001100110000
LLLFALLLLLVTLLYSLLILI,13002200200230031032,000110011011001100000
LLLLYFLLATLVALLLSLILI,102300320030032003102,000011001101100110000
LLLLILLTALLYVLLFLLILI,103300300220030023012,000011011001101100000
LLLFALLLVLITLLYSLLILI,13002200300230021131,000110011011001100000
LLLYGLLFLLLGVLLASLILI,133002200320021003312,000110011001100110000
LLLVSLLLTLLFALLAYLILI,133001200220032003201,000110011001100110000
LLLTYLLGVLLGILLALLILI,133002200220031003211,000110011001100110000
LLLSYLLVILLTFLLSLLILI,123001300230022003201,000110011001100110000
LLLSTLLGLLLGVLLAILILI,033002300220032003211,000110011001100110000
LLLYALLFTLVALLLSLLILI,13002300200230021032,000110011011001100000
LLLLSTLLAVLFLLLYILILI,103300310020021003022,000011001101100110000
LLLLYVLLATLFILLLSLILI,103300310020031003022,000011001101100110000
LLLYTLLVILLAFLLSLLILI,133002200220021003311,000110011001100110000
LLLSYLLVLLLAFLLTILILI,023001300130022003211,000110011001100110000
LLLFALLLLLVSLLLTLLILI,13002200200230031032,000110011011001100000
LLLLFLLGTLLGVLLASLILI,133002300310021003212,000110011001100110000
LLLYLLLGTLLGILLAFLILI,133002200220021003311,000110011001100110000
LLLSYLLFVLLATLLSLLILI,133002200220021003311,000110011001100110000
LLLLYILTFLLAVLLLLLILI,103300200230030023022,000011011001101100000
LLLASLLTLLLGYLLGVLILI,133003200220021003201,000110011001100110000
LLLTYLLALLLGFLLASLILI,133002300220021003211,000110011001100110000
LLLYWLLTILLALLFSLLILI,13002200200230031032,000110011011001100000
LLLAYLLTILLGLLLGSLILI,133002200230021003211,000110011001100110000
LLLYFLLAVLLGLLLGSLILI,133002300310021003202,000110011001100110000
LLLLFLLGILLGTLLASLILI,133002300310021003212,000110011001100110000
LLLATLLVGLLFGLLFLLILI,133001200220032003201,000110011001100110000
LLLVYLLIALLTALLSLLILI,123002200120032003311,000110011001100110000
LLLTFLLGLLLGYLLASLILI,133002200210031003312,000110011001100110000
LLLYALLFLLVILLWSLLILI,13002200200230031131,000110011011001100000
LLLLYFLLLVLATLLLSLILI,103300310020021003022,000011001101100110000
LLLLYVLLATLLFLLLSLILI,103300210020031003022,000011001101100110000
LLLSYLLVALLTLLLSFLILI,133001300210022003211,000110011001100110000
LLLSYLLVFLLATLLSLLILI,133002200220031003201,000110011001100110000
LLLVYLLTALLLALLSFLILI,123002200130022003301,000110011001100110000
LLLLLLLTALLFVLISLLILI,103300200320030023022,000011011001101100000
LLLSYLLFVLLALLLSTLILI,123001300230022003211,000110011001100110000
LLLLLFLTALLYVLISLLILI,103300200320030023022,000011011001101100000
LLLAYLLGVLLGLLLSTLILI,133002200310031003122,000110011001100110000
LLLYFLLAVLTSLLLSLLILI,13002200300220031032,000110011011001100000
LLLLYVLLLILATLLFSLILI,103300310020021003022,000011001101100110000
LLLLYWLLAVLLSLLFTLILI,102300220030033003102,000011001101100110000
LLLYSLLLTLLFALLTLLILI,133001200220032003201,000110011001100110000
LLLYWLLTILVALLLSLLILI,13002300200230021032,000110011011001100000
LLLYTLLVALLALLLGLLILI,133001200220032003201,000110011001100110000
LLLLWILTYLLAVLLFLLILI,103300300320020023022,000011011001101100000
LLLLLALLFVLTSLLYLLILI,101300230020033003102,000011001101100110000
LLLFYLLVALLTALLSLLILI,123002200120032003311,000110011001100110000
LLLSFLLVLLLGTLLAYLILI,133002200220021003311,000110011001100110000
LLLLYLLLFVLTALLLSLILI,102300320030032003102,000011001101100110000
LLLLYVLLLILATLLLSLILI,103300210020021003032,000011001101100110000
LLLVYLLTALLIALLSLLILI,123002300120032003201,000110011001100110000
LLLLVALLLLLTALLFSLILI,101300220030033003202,000011001101100110000
LLLLYVLLFLLATLLILLILI,103300200230030023022,000011011001101100000
LLLALLLFVLTSLLYLLLILI,13002200300230021032,000110011011001100000
LLLLYILTFLLAVLLSLLILI,103300200230030023022,000011011001101100000
LLLSTLLGALLGILLALLILI,033002300220032003211,000110011001100110000
LLLLYLLVALLISLLFTLILI,133002300120012003201,000110011001100110000
LLLLSYLLAVLFTLLLILILI,103300210020021003022,000011001101100110000
LLLLILLLYLLAVLTFLLILI,103300200220030033022,000011011001101100000
LLLLYLLTALLIALLFVLILI,133002300120022003211,000110011001100110000
LLLYLLLGALLGILLSTLILI,133002200210033003211,000110011001100110000
LLLYSLLLALLFALLTILILI,033001200220032003211,000110011001100110000
LLLVALLLFLISLLLTLLILI,13002300200220031032,000110011011001100000
LLLLFLLATLLGILLASLILI,133002300210031003212,000110011001100110000
LLLVSLLFLLLYLLATLLILI,13002200300220031032,000110011011001100000
LLLSYLLTILLAFLLSLLILI,123001300220032003211,000110011001100110000
LLLYILLATLLAFLLSLLILI,033001200220022003311,000110011001100110000
LLLVSLLLTLLAYLLALLILI,133001200220032003201,000110011001100110000
LLLLWYLLSTLVALLFLLILI,103300220020032003111,000011001101100110000
LLLLYSLTALLFVLLLLLILI,103300200220030033022,000011011001101100000
LLLTALLLLLVALLFSLLILI,13002200200230031032,000110011011001100000
LLLSTLLGALLGLLLAVLILI,033002300220032003211,000110011001100110000
LLLALLLGLLLGVLLSTLILI,123002200310031003122,000110011001100110000
LLLGYLLALLLGTLLSFLILI,133002200220031003312,000110011001100110000
LLLAVLLLTLLFALLSYLILI,123001300220022003301,000110011001100110000
LLLYALLLSLLFALLTILILI,033001200220032003211,000110011001100110000
LLLTLLLAVLLAYLLSFLILI,033001200230022003211,000110011001100110000
LLLYLLLTILVALLLSLLILI,13002300300230021022,000110011011001100000
LLLLYILVTLLLALLFLLILI,103300300220020033022,000011011001101100000
LLLLYLLVALLILLTFLLILI,103300200220030033011,000011011001101100000
LLLFYLLTALLIALLSLLILI,133002300120022003211,000110011001100110000
LLLTALLFLLLGVLLASLILI,133002300220021003211,000110011001100110000
LLLYSLLTLLLGALLAFLILI,133002200220021003311,000110011001100110000
LLLYILLTVLLGFLLALLILI,133002200230021003201,000110011001100110000
LLLVALLLFLTALLLSLLILI,13002300200230021032,000110011011001100000
LLLSYLLGTLLGLLLAFLILI,133002200320031003212,000110011001100110000
LLLLSYLLFVLATLLLILILI,103300310020021003022,000011001101100110000
LLLTYLLGVLLGLLLASLILI,133002200210031003312,000110011001100110000
LLLSYLLTLLLAFLLSILILI,133002200220031003201,000110011001100110000
LLLFILLTTLLAYLLALLILI,133002200220031003201,000110011001100110000
LLLYVLLTLLLGTLLAFLILI,133002200230021003201,000110011001100110000
LLLLIVLTALLYFLLLLLILI,103300200330020023022,000011011001101100000
LLLLYVLLALLFTLISLLILI,103300200220030033022,000011011001101100000
LLLYLLLFVLTALLLSLLILI,13002200300230021032,000110011011001100000
LLLLYVLLATLILLLFSLILI,103300320030021003012,000011001101100110000
LLLLSILFVLLATLYLLLILI,113300200310020023031,000011011001101100000
LLLFYLLVTLLIALLSLLILI,133002100220032003211,000110011001100110000
LLLYILLSTLLALLLAFLILI,133002100220022003301,000110011001100110000
LLLYTLLAILVALLLSLLILI,13002200300230021032,000110011011001100000
LLLYALLVLLLGTLLAFLILI,133002200220021003311,000110011001100110000
LLLLFLLATLLGYLLSILILI,033002200220031003311,000110011001100110000
LLLLYLLLAVLTALLFSLILI,102300320020033003102,000011001101100110000
LLLLAYLLLTLAVLLFSLILI,103300310020021003022,000011001101100110000
LLLLYVLLLALTILLFSLILI,103300210030021003022,000011001101100110000
LLLYLLLAVLITLLFSLLILI,13002300200220031032,000110011011001100000
LLLYSLLVALLFALLTLLILI,133001200220032003201,000110011001100110000
LLLLYVLLATLLALLSFLILI,103300220020031003012,000011001101100110000
LLLASLLTLLLGVLLGFLILI,133002200220031003201,000110011001100110000
LLLFSLLLTLLAALLSYLILI,133002300120022003201,000110011001100110000
LLLYLLLGALLAFLLSTLILI,033003200320022003211,000110011001100110000
LLLYTLLIALLFVLLSLLILI,133001300220022003211,000110011001100110000
LLLTILLGLLLGFLLASLILI,033002200310021003221,000110011001100110000
LLLLAYLIFLLWTLVLLLILI,113300200310020032031,000011011001101100000
LLLSYLLTALLGALLGFLILI,133002300120022003211,000110011001100110000
LLLLYFLLAVLTALLLSLILI,102300230030032003102,000011001101100110000
LLLVYLLTTLLAFLLSLLILI,123001300230022003211,000110011001100110000
LLLYLLLFVLIALLLTLLILI,13002300200330021022,000110011011001100000
LLLFYLLVALLTTLLSLLILI,123002200230031003211,000110011001100110000
LLLYWLLTVLALLLFSLLILI,13002300200230021032,000110011011001100000
LLLYLLLGALLGTLLFSLILI,123002300320032003211,000110011001100110000
LLLYVLLLTLLFALLSLLILI,133002200210032003211,000110011001100110000
LLLLYLLVTLLAILLFLLILI,103300200230030023022,000011011001101100000
LLLYWLLVALLAFLLSLLILI,033001200320032003211,000110011001100110000
LLLSYLLGFLLGTLLGLLILI,033002300210021003312,000110011001100110000
LLLSYLLAVLLGLLLGTLILI,133002300320021003102,000110011001100110000
LLLYILLTVLLALLLSFLILI,133001200230022003211,000110011001100110000
LLLYSLLVALLFTLLFLLILI,133001200220032003211,000110011001100110000
LLLLFILLAVLYTLLLSLILI,103300210020031003022,000011001101100110000
LLLVYLLLALLFTLLSLLILI,133002200120022003301,000110011001100110000
LLLYLLLAILVTLLFSLLILI,13002200200230031032,000110011011001100000
LLLAILLVTLLFTLLSLLILI,133002200120032003211,000110011001100110000
LLLYLLLATLLAFLLSILILI,033001200320032003211,000110011001100110000
LLLYYLLVFLLATLLSLLILI,023002300220031003211,000110011001100110000
LLLFALLLVLISLLLTLLILI,13002300200230021032,000110011011001100000
LLLFSLLLLLVALLLTLLILI,13002300200230021032,000110011011001100000
LLLAYLLVTLLFTLLSLLILI,133002200120022003301,000110011001100110000
LLLLYLLIALLLVLTFLLILI,103300300220020033022,000011011001101100000
LLLYSLLLTLLFALLVILILI,123002200130022003311,000110011001100110000
LLLYLLLATLLAVLLSFLILI,133001300220022003211,000110011001100110000
LLLAVLLITLLFTLLSLLILI,133002300120022003211,000110011001100110000
LLLTSLLAVLLALLFSLLILI,13002300300220021032,000110011011001100000
LLLLVILTALLYLLLFLLILI,103300200220030033012,000011011001101100000
LLLYILLGLLLGTLLASLILI,133002200310021003212,000110011001100110000
LLLYWLLLALLVALLSTLILI,133002200130022003201,000110011001100110000
LLLYILLVALLATLLTLLILI,133001200320022003211,000110011001100110000
LLLYVLLIALLFTLLSLLILI,133002200120032003211,000110011001100110000
LLLYLLLAFLLGVLLGSLILI,033002300220031003212,000110011001100110000
LLLLYLLLTVLIALLFSLILI,102300320020033003102,000011001101100110000
LLLTILLAVLLAYLLSLLILI,033001200220022003311,000110011001100110000
LLLYLLLFTLLAALLTSLILI,133001200220032003201,000110011001100110000
LLLYSLLFVLLLLLATLLILI,13002200300230021032,000110011011001100000
LLLYTLLAVLIALLLSLLILI,13002300200230021032,000110011011001100000
LLLLLFLLATLYVLLSILILI,103300220020031003012,000011001101100110000
LLLLYVLLLLLATLFSLLILI,103300200230030023022,000011011001101100000
LLLYTLLVLLLAFLLSILILI,133001300210022003211,000110011001100110000
LLLSYLLVALLTFLLTLLILI,033002200220021003311,000110011001100110000
LLLVSLLILLTALLFLLLILI,13002300200230021032,000110011011001100000
LLLYALLLLLVTLLFSLLILI,13002200200330021032,000110011011001100000
LLLAVLLLTLLFTLLSYLILI,133001200220032003201,000110011001100110000
LLLYLLLATLLFVLLSILILI,123001200230032003211,000110011001100110000
LLLLTILLFLLAVLYLLLILI,103300200220030033022,000011011001101100000
LLLSYLLVILLTLLLAFLILI,123001300230022003201,000110011001100110000
LLLYVLLFTLLATLLSLLILI,133002200120022003311,000110011001100110000
LLLSYLLIALLTVLLWLLILI,033001100220022003331,000110011001100110000
LLLLLWLLTVLIALLSFLILI,102300320020033003102,000011001101100110000
LLLLYVLLALLFTLLSILILI,103300320020031003012,000011001101100110000
LLLFSLLLTLLVALLSYLILI,133001200220023003201,000110011001100110000
LLLYLLLATLVILLFSLLILI,13002300300230021121,000110011011001100000
LLLTLLLGLLLGVLLGSLILI,033002300220021003112,000110011001100110000
LLLYSLLTLLLGFLLAILILI,133001200220022003311,000110011001100110000
LLLSYLLVALLTILLWLLILI,033002200220021003311,000110011001100110000
LLLLYLLVTLLALLFILLILI,103300200220030033022,000011011001101100000
LLLLFILLAVLLTLLLSLILI,103300210030021003022,000011001101100110000
LLLYALLFVLLILLFSLLILI,13002200200230031131,000110011011001100000
LLLSYLLTILLAFLLTLLILI,033002200230032003211,000110011001100110000
LLLYALLLVLITLLFSLLILI,13002200200330021131,000110011011001100000
LLLLYLLLAVLTILLSLLILI,103300220030021003012,000011001101100110000
LLLALLLTVLTSLLFLLLILI,13002300200230021032,000110011011001100000
LLLYSLLLALLATLLVFLILI,133001200220022003311,000110011001100110000
LLLYVLLTALLFALLSLLILI,133002200120032003211,000110011001100110000
LLLYTLLVALLFALLSLLILI,133001200220032003201,000110011001100110000
LLLYILLLTLLVALLSFLILI,133002200220031003201,000110011001100110000
LLLYSLLIALLFVLLTLLILI,133001200220032003211,000110011001100110000
LLLAFLLGTLLGVLLSLLILI,133002200220031003312,000110011001100110000
LLLYSLLVALLFLLLATLILI,133001200220022003301,000110011001100110000
LLLYSLLLTLLATLLVFLILI,133002200230021003211,000110011001100110000
LLLYILLTALLVALLSLLILI,133002200120032003211,000110011001100110000
LLLLLALLYVLTALLFSLILI,101300220030033003202,000011001101100110000
LLLYFLLAVLITLLLSLLILI,13002300200230021032,000110011011001100000
LLLYSLLVALLFTLLILLILI,033001200220032003211,000110011001100110000
LLLLVLLITLLFALLSYLILI,123001300220022003301,000110011001100110000
LLLFALLTTLLAYLLSLLILI,033001300220022003211,000110011001100110000
LLLFLLLTILVALLLSLLILI,13002300200230021032,000110011011001100000
LLLTSLLAVLIALLFLLLILI,13002300300230021022,000110011011001100000
LLLYLLLTVLALLLFSLLILI,13002300200230021032,000110011011001100000
LLLSYLLTVLLALLLSFLILI,133001300120022003201,000110011001100110000
LLLTFLLALLLGYLLGSLILI,133002200210031003312,000110011001100110000
LLLAYLLVFLLALLLSTLILI,033001200320032003211,000110011001100110000
LLLYFLLATLVSLLLILLILI,13002300200230021032,000110011011001100000
LLLYSLLLILLAVLLTFLILI,133002200220031003201,000110011001100110000
LLLTWLLVALLLALLFSLILI,133002200120022003301,000110011001100110000
LLLFVLLTILLGALLSLLILI,133002200230021003211,000110011001100110000
LLLLYVLTFLLAILLSLLILI,103300300230020023022,000011011001101100000
LLLSYLLTVLLGTLLAFLILI,133002200220021003311,000110011001100110000
LLLYALLFLLLGTLLSILILI,133002300220021003211,000110011001100110000
LLLYLLLTTLLVALLSFLILI,123002200130032003211,000110011001100110000
LLLYLLLTVLLALLFSLLILI,13002300200230021032,000110011011001100000
LLLTSLLVGLLAYLLGLLILI,133003200220021003201,000110011001100110000
LLLYVLLTLLLGALLSFLILI,133002200230021003211,000110011001100110000
LLLYILLFTLLAVLLSLLILI,133001200220032003211,000110011001100110000
LLLSYLLVLLLTALLFILILI,023002300220031003211,000110011001100110000
LLLALLLLTLIVLLFSLLILI,13002300200230021131,000110011011001100000
LLLVALLFLLTSLLYLLLILI,13002300200230022031,000110011011001100000
LLLSYLLVALLTILLFLLILI,133001200220032003211,000110011001100110000
LLLTYLLGVLLGLLLSFLILI,133002200200031003221,000110011001100110000
LLLVALLLLLTFLLASLLILI,13002300200220031032,000110011011001100000
LLLSYLLFTLLALLLSILILI,133001200320022003211,000110011001100110000
LLLSTLLVALLFYLLALLILI,133002100220022003301,000110011001100110000
LLLYFLLVALLTLLLSILILI,023002300220031003211,000110011001100110000
LLLYLLLSTLLAFLLAILILI,133001200320022003201,000110011001100110000
LLLLYLLLAILTVLLSLLILI,103300220030022003011,000011001101100110000
LLLLYLLVILLATLLFLLILI,103300200230020033022,000011011001101100000
LLLFYLLITLLVALLSLLILI,133002200120032003211,000110011001100110000
LLLFSLLTTLLAYLLALLILI,133002200220031003201,000110011001100110000
LLLYALLLTLIVLLFSLLILI,13002200200230031131,000110011011001100000
LLLYWLLTLLVALLLSLLILI,13002300200230022031,000110011011001100000
LLLYSLLFALLGALLTLLILI,123001200230032003211,000110011001100110000
LLLYLLLATLLAILLFSLILI,133002200230021003211,000110011001100110000
LLLYLLLTTLLAGLLFSLILI,133002200120032003211,000110011001100110000
LLLYVLLTTLLFALLSLLILI,133001200320022003201,000110011001100110000
LLLYTLLISLLFVLLALLILI,133002300220021003211,000110011001100110000
LLLLYVLTALLILLLFLLILI,103300200230020033012,000011011001101100000
LLLVSLLLFLIALLLTLLILI,13002300200230021032,000110011011001100000
LLLFTLLVALLAYLLSLLILI,133001200220032003201,000110011001100110000
LLLVYLLIALLFSLLTLLILI,133002300120022003211,000110011001100110000
LLLAILLLTLLFVLLSLLILI,133002300120022003211,000110011001100110000
LLLVTLLLALLLLLFSLLILI,13002300200230021032,000110011011001100000
LLLFSLLVLLTALLYLLLILI,13002300200230032021,000110011011001100000
LLLYSLLLTLLALLLAFLILI,133002200220031003201,000110011001100110000
LLLYTLLVSLLFALLILLILI,133001300220022003211,000110011001100110000
LLLFYLLVALLISLLTLLILI,133002300120022003201,000110011001100110000
LLLYSLLLALLFVLLTILILI,023001300230022003211,000110011001100110000
LLLYSLLLALLAVLLTILILI,133001200220032003211,000110011001100110000
LLLYSLLLTLLAALLVFLILI,133001200220023003211,000110011001100110000
LLLVSLLILLLALLFTLLILI,13002300200320021032,000110011011001100000
LLLVALLLFLTLLLYSLLILI,13002200200230031032,000110011011001100000
LLLYVLLTILLALLLAFLILI,133002100220032003211,000110011001100110000
LLLYSLLLALLFALLVTLILI,133002100220032003211,000110011001100110000
LLLYTLLVSLLAILLTLLILI,133002200220031003211,000110011001100110000
LLLTYLLVFLLALLLASLILI,133002200220031003201,000110011001100110000
LLLSYLLTTLLALLLSFLILI,133002200220021003311,000110011001100110000
LLLLFLLLAVLYLLLSTLILI,103300320020031003012,000011001101100110000
LLLSYLLTVLLAILLSLLILI,133002200220031003201,000110011001100110000
LLLFSLLTILVALLLSLLILI,13002200200330021032,000110011011001100000
LLLLVALLLTLIALLFSLILI,103300320020032003102,000011001101100110000
LLLYALLFVLLLLLTSLLILI,13002200200230031032,000110011011001100000
LLLLAYLVILLFTLLSLLILI,113300300210020032031,000011011001101100000
LLLYILLLTLLAVLLSFLILI,133002300120022003211,000110011001100110000
LLLYYLLVLLLATLLSFLILI,033002200210033003211,000110011001100110000
LLLLYLLVALLTILFSLLILI,103300200220030033012,000011011001101100000
LLLFYLLLTLLAVLLSILILI,133001200220032003211,000110011001100110000
LLLLVLLTILLAYLLSFLILI,123001200230022003311,000110011001100110000
LLLLAYLILLLFVLFTLLILI,113300200210030023031,000011011001101100000
LLLAYLLFTLLTLLLSILILI,033002200220031003311,000110011001100110000
LLLYFLLAVLLTLLFSLLILI,13002200200330021132,000110011011001100000
LLLLSYLVALLLTLFLLLILI,103300300220030023022,000011011001101100000
LLLLYLLIALLTVLFSLLILI,103300300220030023012,000011011001101100000
LLLLFVLLAILYTLLLSLILI,103300210030021003022,000011001101100110000
LLLFALLTVLLSLLYLLLILI,13002200200320032031,000110011011001100000
LLLYALLVALLTALLSLLILI,133002200120032003211,000110011001100110000
LLLVALLLFLLSLLYTLLILI,13002300200230021032,000110011011001100000
LLLTYLLVFLLALLLSILILI,033001200220032003211,000110011001100110000
LLLYVLLTILLALLLSFLILI,123001200230022003311,000110011001100110000
LLLVYLLFALLTTLLSLLILI,133002300120022003201,000110011001100110000
LLLLAYLTVLLSILFLLLILI,13300200210030032031,000011011001101100000
LLLTSLLVALLALLLFILILI,133001200230022003211,000110011001100110000
LLLLFYLTALLILLVSLLILI,103300200320030023012,000011011001101100000
LLLTYLLVALLIALLFLLILI,133002200130022003201,000110011001100110000
LLLLVSLLLLLTALLFILILI,102300320030032003102,000011001101100110000
LLLYALLLTLLSILLVFLILI,123001200230022003311,000110011001100110000
LLLLVSLLILLTALLFLLILI,101300220020033003102,000011001101100110000
LLLYSLLVALLTLLLFILILI,123001200230022003311,000110011001100110000
LLLLTLLIALLFVLLYSLILI,133001200220032003211,000110011001100110000
LLLYSLLLTLLVALLIFLILI,123002300230021003211,000110011001100110000
LLLYLLLATLLFVLLSLLILI,133002200120032003211,000110011001100110000
LLLLYVLLATLLFLLSLLILI,103300320030021003012,000011001101100110000
LLLLAYLTLLLWFLVSLLILI,13300300210030022031,000011011001101100000
LLLVALLLLLFLLLTSLLILI,13002200300320021032,000110011011001100000
LLLTYLLIALLLALLFVLILI,123003200130022003201,000110011001100110000
LLLYLLLAVLLAFLLTSLILI,033002200210032003311,000110011001100110000
LLLTFLLGILLGVLLSLLILI,033002200310031003122,000110011001100110000
LLLYSLLFTLLVALLILLILI,133001200220032003201,000110011001100110000
LLLLYALLLLLTVLFILLILI,103300200320020033022,000011011001101100000
LLLLTYLLAVLFILLLSLILI,103300210030021003022,000011001101100110000
LLLYLLLAILLAFLLTSLILI,033001300220032003211,000110011001100110000
LLLLILLATLLAYLLSFLILI,023001300320022003211,000110011001100110000
LLLYILLATLLTLLLSFLILI,033001200220032003211,000110011001100110000
LLLTSLLFALLGILLALLILI,123001200230032003211,000110011001100110000
LLLYTLLIALLAVLLSLLILI,133001200230022003211,000110011001100110000
LLLTYLLLALLISLLFVLILI,113002300120032003201,000110011001100110000
LLLLYLLLTVLLALLFSLILI,102300230020033003102,000011001101100110000
LLLYSLLITLLFVLLALLILI,133002200220031003201,000110011001100110000
LLLYLLLAVLLGTLLSFLILI,133002200220021003311,000110011001100110000
LLLYLLLTVLLAFLLSILILI,123001300220032003201,000110011001100110000
LLLYFLLTTLLAVLLSLLILI,133002200230021003211,000110011001100110000
LLLLVLLLAILTFLLSLLILI,102300330030022003102,000011001101100110000
LLLLFVLLITLALLLLSLILI,103300210030021003022,000011001101100110000
LLLYSLLLTLLATLLAFLILI,133002300120022003201,000110011001100110000
LLLLTYLLAILFVLLLSLILI,103300210020031003022,000011001101100110000
LLLYILLTTLLALLLSFLILI,133002200320021003211,000110011001100110000
LLLYVLLAILLTLLLSFLILI,033002300210032003211,000110011001100110000
LLLYALLTALLGGLLFLLILI,133002200120032003211,000110011001100110000
LLLYALLVALLLTLLSWLILI,133002200120032003211,000110011001100110000
LLLTYLLTILLAFLLSLLILI,023002200230031003211,000110011001100110000
LLLLYLLTFLLAVLLILLILI,103300200320020033022,000011011001101100000
LLLYVLLLILLATLLSFLILI,133002200120022003311,000110011001100110000
LLLAILLYTLLFVLLSLLILI,123002200130032003211,000110011001100110000
LLLTYLLVLLLALLLSFLILI,033002200210031003211,000110011001100110000
LLLYTLLIALLVLLLFSLILI,033002200320021003211,000110011001100110000
LLLFVLLTTLLAILLSLLILI,133001200230022003211,000110011001100110000
LLLLFLLLYVLALLLSTLILI,103300320020031003012,000011001101100110000
LLLSYLLVFLLAILLTLLILI,033002200230031003211,000110011001100110000
LLLLAVLIFLLATLLSLLILI,113300200210030023021,000011011001101100000
LLLVYLLITLLAFLLSLLILI,133002200220021003311,000110011001100110000
LLLALLLTVLLGGLLFSLILI,133002200120032003211,000110011001100110000
LLLYLLLATLLAVLLSILILI,133001200230022003211,000110011001100110000
LLLYTLLVSLLALLLAFLILI,123001200320022003311,000110011001100110000
LLLAYLLFTLLAVLLSLLILI,033002200320032003211,000110011001100110000
LLLYSLLVALLATLLFLLILI,133002100220022003311,000110011001100110000
LLLYYLLATLLTFLLSLLILI,033002100220023003311,000110011001100110000
LLLFALLTILVALLLSLLILI,13002300200230021032,000110011011001100000
LLLLYSLVALLLLLTFLLILI,103300200320020033022,000011011001101100000
LLLYSLLLLLTFLLAVLLILI,13002300200230021032,000110011011001100000
LLLSYLLGLLLGVLLSTLILI,033002200310031003122,000110011001100110000
LLLYSLLLTLLFVLLALLILI,133001200220032003201,000110011001100110000
LLLYLLLVALLATLLSFLILI,133001200220032003211,000110011001100110000
LLLLYSLLTILVALLFLLILI,112300230020033003102,000011001101100110000
LLLSYLLVLLLALLLTFLILI,033002200220032003311,000110011001100110000
LLLTYLLLFLLVALLSILILI,133001200220032003211,000110011001100110000
LLLLYVLIALLTLLFSLLILI,103300300220030023012,000011011001101100000
LLLTSLLLALLFVLLILLILI,133001200220032003211,000110011001100110000
LLLYSLLVALLATLLTLLILI,133001200220022003301,000110011001100110000
LLLYTLLVALLSTLLFLLILI,133001200220032003211,000110011001100110000
LLLYTLLAVLLLLLASLLILI,13002300200230021032,000110011011001100000
LLLLYVLTALLILLFSLLILI,103300200220030033011,000011011001101100000
LLLYSLLFVLLAILLTLLILI,033001200220022003311,000110011001100110000
LLLTYLLGLLLGFLLASLILI,133002200300021003221,000110011001100110000
LLLTSLLFLLLYLLAVLLILI,13002300200220031032,000110011011001100000
LLLTALLIALLFLLLSVLILI,033001200220032003211,000110011001100110000
LLLTYLLVILLAFLLSLLILI,133001200320022003201,000110011001100110000
LLLYFLLAILLAVLLTLLILI,033001200230022003311,000110011001100110000
LLLWTLLVFLLAILLSLLILI,023001300120022003311,000110011001100110000
LLLYSLLFTLLAVLLALLILI,133001300220022003201,000110011001100110000
LLLSYLLVALLITLLFLLILI,133002200120022003311,000110011001100110000
LLLTYLLIALLVALLSLLILI,133002300120022003211,000110011001100110000
LLLYALLVALLITLLFLLILI,133002300120022003211,000110011001100110000
LLLYALLFALLTVLLSLLILI,033001200220032003211,000110011001100110000
LLLYSLLLTLLAVLLFSLILI,123002200320031003211,000110011001100110000
LLLAYLLFALLTVLLSLLILI,133002300120022003201,000110011001100110000
LLLYSLLLTLLVALLSFLILI,133001200220022003301,000110011001100110000
LLLYVLLFALLTVLLSLLILI,133002200130022003211,000110011001100110000
LLLLYFLLAVLTILLSLLILI,103300220030022003011,000011001101100110000
LLLYLLLFTLLAVLLSILILI,133002300120022003211,000110011001100110000
LLLYSLLVALLFLLLTLLILI,033001200220032003211,000110011001100110000
LLLLYFLLTILVALLLSLILI,102300320020033003102,000011001101100110000
LLLAYLLGVLLGLLLGFLILI,133002300210031003212,000110011001100110000
LLLTLLLGILLGFLLSVLILI,133002200210031003312,000110011001100110000
LLLAFLLGTLLGLLLGVLILI,133002300210031003212,000110011001100110000
LLLTLLLGVLLGFLLSILILI,133002200210031003312,000110011001100110000
LLLTFLLGILLGLLLGVLILI,133002300210031003212,000110011001100110000
LLLTLLLGVLLGFLLAILILI,133002200210031003312,000110011001100110000
LLLTLLLGILLGFLLAVLILI,133002200310021003312,000110011001100110000
LLLSYLLGVLLGLLLGFLILI,133002200310031003202,000110011001100110000
LLLTLLLGALLGFLLSILILI,133002200210031003212,000110011001100110000
LLLAFLLGTLLGVLLGLLILI,133002200210031003212,000110011001100110000
LLLFYLLGVLLGLLLGTLILI,133002200320031003212,000110011001100110000
LLLTFLLGVLLGLLLGALILI,133002200310031003212,000110011001100110000
LLLAYLLGTLLGLLLGFLILI,133002200210031003312,000110011001100110000
LLLAFLLGVLLGTLLGLLILI,133002200210031003212,000110011001100110000
LLLAVLLGILLGLLLGFLILI,133002300210031003212,000110011001100110000
LLLLFLLLAILYVLLSTLILI,103300320030021003012,000011001101100110000
LLLLLFLLAVLTSLLLILILI,102300320030032003102,000011001101100110000
LLLLWVLLATLYLLLSFLILI,103300320030021003012,000011001101100110000
LLLLYVLLATLFLLLSILILI,103300220020031003012,000011001101100110000
LLLTLLLGVLLGLLLGFLILI,133002200210021003312,000110011001100110000
LLLAYLLGLLLGVLLGTLILI,133002200210031003312,000110011001100110000
LLLALLLGTLLGFLLSILILI,133002200310031003212,000110011001100110000
LLLLLALLFVLTSLLAILILI,101300220030033003102,000011001101100110000
LLLAFLLGLLLGVLLGTLILI,033002300320021003211,000110011001100110000
LLLAYLLGLLLGTLLSFLILI,133002200210031003312,000110011001100110000
LLLAVLLGTLLGLLLSFLILI,133002200310031003212,000110011001100110000
LLLLLLLLAVLTALLFILILI,102300230030032003102,000011001101100110000
LLLYFLLGILLGVLLSLLILI,033002200310021003212,000110011001100110000
LLLALLLGVLLGTLLGFLILI,133002200210031003212,000110011001100110000
LLLTLLLGVLLGFLLGILILI,133002200210021003312,000110011001100110000
LLLLVALLLLLTSLLFLLILI,112300230020033003102,000011001101100110000
LLLTLLLGLLLGFLLSILILI,133002200210031003212,000110011001100110000
LLLALLLGLLLGVLLGTLILI,033002200210031003312,000110011001100110000
LLLAFLLGTLLGLLLSVLILI,133002200310031003212,000110011001100110000
LLLTFLLGALLGILLSLLILI,123002300310032003212,000110011001100110000
LLLYFLLGTLLGVLLALLILI,133003200210031003212,000110011001100110000
LLLLALLYTLVALLFSLLILI,13002300300230021022,000110011011001100000
LLLAFLLGTLLGVLLSLLILI,133002200210031003312,000110011001100110000
LLLAFLLGILLGVLLGLLILI,133002200210021003312,000110011001100110000
LLLLLFLLAVLTYLLSLLILI,112300320020032003102,000011001101100110000
LLLTLLLGILLGVLLSALILI,133002200210031003212,000110011001100110000
LLLLVLLLAILFLLLSTLILI,103300320030022003011,000011001101100110000
LLLLLLLLAILFTLLSVLILI,103300320020021003012,000011001101100110000
LLLAVLLGTLLGFLLSLLILI,133002200310021003312,000110011001100110000
LLLLVALLLLLTALLFILILI,102300320030032003102,000011001101100110000
LLLTFLLGVLLGILLALLILI,033002200310021003312,000110011001100110000
LLLVFLLGTLLGLLLAILILI,133002200210031003312,000110011001100110000
LLLTFLLGLLLGVLLAILILI,033002300210021003312,000110011001100110000
LLLTYLLGVLLGLLLGFLILI,133003200210031003212,000110011001100110000
LLLTVLLGILLGLLLAFLILI,133002200210031003212,000110011001100110000
LLLAYLLGLLLGFLLGTLILI,133002300210031003212,000110011001100110000
LLLALLLGFLLGTLLGVLILI,033002200210031003212,000110011001100110000
LLLLVALLTILFYLLSLLILI,101300220030033003202,000011001101100110000
LLLYLLLGILLGTLLAFLILI,133003200210031003212,000110011001100110000
LLLTLLLGLLLGFLLSALILI,133002200210031003221,000110011001100110000
LLLSYLLGLLLGVLLGTLILI,133002300210031003212,000110011001100110000
LLLLYVLTALLFLLISLLILI,103300300220030023012,000011011001101100000
LLLAYLLGTLLGFLLSLLILI,133002200310031003212,000110011001100110000
LLLAYLLGLLLGTLLAFLILI,133002200320031003212,000110011001100110000
LLLYFLLGALLGALLTLLILI,133002300220021003312,000110011001100110000
LLLLALLLFVLTYLLSLLILI,102300320030032003102,000011001101100110000
LLLVGLLFALLGILLTLLILI,133002200220032003311,000110011001100110000
LLLYVLLGALLGILLTLLILI,133002200320032003211,000110011001100110000
LLLLAFLLTVLLLLLSILILI,102300320030032003102,000011001101100110000
LLLLLLLTALLFVLISLLILI,103300300220030023012,000011011001101100000
LLLLVALLLLLTSLLFILILI,102300230020033003102,000011001101100110000
LLLLLLLLATLFVLLSILILI,103300320030021003012,000011001101100110000
LLLLFVLLAILYLLLSTLILI,103300310020021003022,000011001101100110000
LLLLVALLLILTLLLSFLILI,102300320020033003102,000011001101100110000
LLLLLALLYTLFLLLSILILI,112300220030033003102,000011001101100110000
LLLLFALLLILTVLLSLLILI,103300210030031003022,000011001101100110000
LLLAYLLGTLLGLLLSFLILI,133002200210031003312,000110011001100110000
LLLTGLLFALLGILLSLLILI,133002200320032003211,000110011001100110000
LLLLIVLLATLFLLLSLLILI,103300220020031003012,000011001101100110000
LLLLVLLLTLLTALLFILILI,102300220030033003102,000011001101100110000
LLLTLLLGVLLGLLLSFLILI,133002200210031003312,000110011001100110000
LLLLAILTALLFVLLSLLILI,103300300230020023012,000011011001101100000
LLLAYLLGTLLGILLALLILI,133002200320031003212,000110011001100110000
LLLTFLLGLLLGYLLSVLILI,133002200210031003212,000110011001100110000
LLLALLLGVLLGTLLSFLILI,133002200210031003212,000110011001100110000
LLLAFLLGILLGLLLGTLILI,133002200310031003202,000110011001100110000
LLLSYLLTTLLAVLLFLLILI,133002200220021003311,000110011001100110000
LLLLLALLYTLLFLLSVLILI,102300320030032003102,000011001101100110000
LLLLVALLLFLLYLLSTLILI,102300330030022003102,000011001101100110000
LLLYLLLGILLGFLLATLILI,033002300210021003312,000110011001100110000
LLLTFLLGVLLGLLLAILILI,133002300210031003212,000110011001100110000
LLLYVLLGLLLGTLLAFLILI,033002300220021003312,000110011001100110000
LLLLTLLVGLLFALLSILILI,133001300220022003201,000110011001100110000
LLLGYLLALLLGTLLSFLILI,033002300220021003312,000110011001100110000
LLLLVLLLLALTFLLSILILI,102300220030033003102,000011001101100110000
LLLLTLLVGLLFALLSTLILI,133001200230022003201,000110011001100110000
LLLAYLLGLLLGFLLSTLILI,133002200310021003312,000110011001100110000
LLLVFLLAILLGLLLGTLILI,133002300210031003201,000110011001100110000
LLLLVLLTALLFLLISLLILI,103300200320030023012,000011011001101100000
LLLLVALLLLLTSLIFLLILI,102300200130030013102,000011011001101100000
LLLYGLLFLLLGVLLATLILI,133002300210021003312,000110011001100110000
LLLLLFLLATLYVLLSILILI,103300210030032003012,000011001101100110000
LLLLVLLLTILLFLLSALILI,102300330030022003102,000011001101100110000
LLLYFLLAVLLGLLLGTLILI,133002200310031003202,000110011001100110000
LLLYLLLGALLGALLTFLILI,133002300220032003211,000110011001100110000
LLLALLLGLLLGTLLSFLILI,033002300220032003211,000110011001100110000
LLLSYLLFTLLALLLAVLILI,133002200320021003211,000110011001100110000
LLLYFLLATLLGLLLGVLILI,133002200310031003202,000110011001100110000
LLLLLALLLILFVLLSTLILI,103300310020031003022,000011001101100110000
LLLYVLLGLLLGFLLSTLILI,133002200310030003212,000110011001100110000
LLLYFLLALLLGVLLGTLILI,133002300310021003202,000110011001100110000
LLLAYLLGVLLGLLLAFLILI,133002200310031003212,000110011001100110000
LLLASLLLALLFVLLYTLILI,033001200220022003311,000110011001100110000
LLLWYLLLVLLATLLSFLILI,133002200220031003201,000110011001100110000
LLLAVLLGLLLGFLLSTLILI,133002200210031003221,000110011001100110000
LLLYTLLVLLLAFLLSILILI,133002200220021003311,000110011001100110000
LLLTGLLFALLGVLLSLLILI,133002200220032003311,000110011001100110000
LLLAYLLGVLLGLLLSFLILI,133002200210031003212,000110011001100110000
LLLVGLLFALLGILLSLLILI,133002300220031003212,000110011001100110000
LLLTLLLGILLGVLLGALILI,133003200210021003212,000110011001100110000
LLLVALLALLLGTLLSFLILI,133002300220031003212,000110011001100110000
LLLYFLLATLLGVLLALLILI,033002300220031003212,000110011001100110000
LLLLLLLLAVLFILLSTLILI,103300310030022003012,000011001101100110000
LLLAFLLGLLLGTLLTVLILI,033002300320021003211,000110011001100110000
LLLYALLTALLGGLLFLLILI,133002200120032003211,000110011001100110000
LLLYGLLALLLGTLLSFLILI,133002200320032003211,000110011001100110000
LLLLAILLAVLFLLLSTLILI,103300220020031003012,000011001101100110000
LLLYTLLISLLVALLFLLILI,133001200220032003211,000110011001100110000
LLLVTLLLGLLFALLSTLILI,133002200130022003211,000110011001100110000
LLLLVALLLILTSLLFLLILI,102300320030032003102,000011001101100110000
LLLTVLLGLLLGFLLSILILI,133002200210031003212,000110011001100110000
LLLLSLLFALLIALLVTLILI,133001200220032003201,000110011001100110000
LLLVALLFLLLYLLATLLILI,13002300300220031022,000110011011001100000
LLLLVLLTTLLGGLLFALILI,133002300120022003211,000110011001100110000
LLLYVLLALLLGTLLGFLILI,133002200310031003202,000110011001100110000
LLLLAVLTALLLLLFSLLILI,103300200230030023012,000011011001101100000
LLLTGLLFGLLFALLVLLILI,133002200230032003211,000110011001100110000
LLLGYLLALLLGVLLSTLILI,133002200320032003211,000110011001100110000
LLLLYLLGTLLGSLLAFLILI,133002300210031003212,000110011001100110000
LLLTALLVGLLGGLLFLLILI,133002200120032003211,000110011001100110000
LLLYALLFVLLLLLTSLLILI,13002300300230021022,000110011011001100000
LLLYALLLALLVSLLFTLILI,133001200220032003201,000110011001100110000
LLLYVLLATLLGLLLGFLILI,133002300220031003212,000110011001100110000
LLLLLALLFVLTWLLSLLILI,101300220020033003102,000011001101100110000
LLLGTLLVGLLFALLSLLILI,133001200220032003201,000110011001100110000
LLLTYLLFVLLGILLALLILI,133002300220021003211,000110011001100110000
LLLLVLLIGLLFGLLFALILI,133002200130022003201,000110011001100110000
LLLTVLLGLLLGFLLSALILI,133002200300021003221,000110011001100110000
LLLVLLLAILFLLLTSLLILI,13002300300230021022,000110011011001100000
LLLLALLILLTSLLFVLLILI,113002200200230032031,000110011011001100000
LLLSYLLTILLAVLLSLLILI,133002200220031003211,000110011001100110000
LLLTSLLLALLFGLLFALILI,123002300120032003201,000110011001100110000
LLLATLLISLLFTLLVLLILI,033001200220032003211,000110011001100110000
LLLLALLFILTYLLAVLLILI,113002200200230031032,000110011011001100000
LLLTYLLFTLLAVLLSLLILI,133001200320022003211,000110011001100110000
LLLFGLLATLLGVLLSLLILI,133002300210021003312,000110011001100110000
LLLYGLLFALLGILLTLLILI,033002200220031003312,000110011001100110000
LLLYALLASLLGILLTLLILI,133002200220032003311,000110011001100110000
LLLLTILLFLLALLVSLLILI,103300200230030023022,000011011001101100000
LLLLAILLALLFVLTSLLILI,103300200330020023022,000011011001101100000
LLLLTVLLAILYLLLSFLILI,103300310030021003022,000011001101100110000
LLLTVLLGALLGILLSLLILI,133001200220032003211,000110011001100110000
LLLLYLLITLLFSLLVALILI,133002300120022003211,000110011001100110000
LLLYLLLATLLFVLLSILILI,033002200120023003211,000110011001100110000
LLLLALLTALLYVLFSLLILI,103300300220020033022,000011011001101100000
LLLLVALLTILLSLLFLLILI,102300230020033003102,000011001101100110000
LLLGLLLGALLGTLLSFLILI,033002300220032003211,000110011001100110000
LLLLAILLLLLTVLFSLLILI,103300300220020033012,000011011001101100000
LLLVTLLLGLLFGLLFALILI,133002200120032003211,000110011001100110000
LLLYLLLIVLLAFLLSTLILI,133001300220022003211,000110011001100110000
LLLSTLLGALLGLLLGFLILI,033002300220032003211,000110011001100110000
LLLVYLLLALLTALLSILILI,123002200130032003201,000110011001100110000
LLLLALLLFVLTLLLSILILI,102300320020033003102,000011001101100110000
LLLYVLLGILLGLLLAFLILI,033002300210021003312,000110011001100110000
LLLAGLLFLLLGVLLGTLILI,033002300220031003212,000110011001100110000
LLLLAVLLLILTLLLSFLILI,103300210030031003022,000011001101100110000
LLLLLLLLFVLATLLSILILI,103300310020031003022,000011001101100110000
LLLVALLLTLLGGLLFALILI,133002300120022003211,000110011001100110000
LLLYALLALLLGTLLSFLILI,033002200220032003311,000110011001100110000
LLLTYLLVALLAILLSLLILI,133001200320022003211,000110011001100110000
LLLTYLLFVLLAILLSLLILI,123001300230022003211,000110011001100110000
LLLAYLLGVLLGLLLTFLILI,033002100210031003122,000110011001100110000
LLLAFLLGLLLGTLLSYLILI,033002200220021003311,000110011001100110000
LLLLAALVFLLTSLILLLILI,102300300130020013102,000011011001101100000
LLLAGLLFLLLGTLLSYLILI,033002200220021003311,000110011001100110000
LLLLTVLLALLFLLISLLILI,103300200220030033012,000011011001101100000
LLLLAILLYTLAVLLSLLILI,103300220030031003012,000011001101100110000
LLLFGLLAALLGILLTLLILI,123002300320022003311,000110011001100110000
LLLLVLLLLTLIALLSFLILI,102300220030033003102,000011001101100110000
LLLTVLLLGLLFGLLFALILI,133002200120032003211,000110011001100110000
LLLAYLLLSLLITLLFVLILI,133002200120032003211,000110011001100110000
LLLAFLLGLLLGTLLSVLILI,023002300310021003212,000110011001100110000
LLLTYLLAILLGLLLGFLILI,133002300220021003211,000110011001100110000
LLLTYLLAVLLGLLLAFLILI,133002300210031003212,000110011001100110000
LLLTALLLLLVALLFSLLILI,13002200200230031032,000110011011001100000
LLLLALLFLLTSLLYVLLILI,13002300200230021032,000110011011001100000
LLLFALLLLLVTLLYSLLILI,13002300200230021032,000110011011001100000
LLLVTLLFSLLGALLSLLILI,133002200120022003311,000110011001100110000
LLLTVLLAILLGLLLGFLILI,133002300210031003212,000110011001100110000
LLLTYLLFTLLALLLSVLILI,133002200220021003311,000110011001100110000
LLLTLLLATLLAYLLSFLILI,023002200130022003311,000110011001100110000
LLLVYLLITLLFALLSLLILI,123002300120032003211,000110011001100110000
LLLTALLFALLAYLLSLLILI,023001300230032003211,000110011001100110000
LLLLYLLVTLLFALLSILILI,133002300120022003211,000110011001100110000
LLLLVLLLAILFTLLSLLILI,103300320030021003012,000011001101100110000
LLLAYLLGFLLGLLLGTLILI,133002300210031003212,000110011001100110000
LLLLALLLLFLTVLLSILILI,103300320030021003012,000011001101100110000
LLLFYLLTALLITLLVLLILI,133002200120032003211,000110011001100110000
LLLIALLLLLVSLLFTLLILI,13002200200330021032,000110011011001100000
LLLYALLFTLVALLLSLLILI,13002200300230021032,000110011011001100000
LLLTYLLVALLTFLLSLLILI,133002200310021003211,000110011001100110000
LLLLALLFTLVSLLLILLILI,13002300200230021032,000110011011001100000
LLLLAILLAVLFTLLSLLILI,103300220030021003012,000011001101100110000
LLLFVLLATLLAYLLSLLILI,033002200120032003211,000110011001100110000
LLLLYLLIALLVALLSTLILI,133002300120022003201,000110011001100110000
LLLATLLVSLLFTLLILLILI,033001300220022003211,000110011001100110000
LLLFALLTILLSLLYVLLILI,13002200200230031032,000110011011001100000
LLLTYLLTVLLAFLLSLLILI,033002200220031003211,000110011001100110000
LLLYVLLAILLTLLLSFLILI,033002300220031003211,000110011001100110000
LLLLALLTVLLALLFSLLILI,13002200200320031032,000110011011001100000
LLLLILLLALLFVLTSLLILI,103300300230020023012,000011011001101100000
LLLLLLLLFVLAILLSTLILI,103300210030031003022,000011001101100110000
LLLAALLYVLLSLLFTLLILI,13002300300220021032,000110011011001100000
LLLLLALLLLLTVLFSLLILI,103300300220020033012,000011011001101100000
LLLLTVLLAILFLLLSLLILI,103300220030031003012,000011001101100110000
LLLLFLLLAVLYTLLSILILI,103300320030021003012,000011001101100110000
LLLYALLVGLLFLLLGTLILI,133002200120032003211,000110011001100110000
LLLALLLGALLGTLLSFLILI,133002200320022003311,000110011001100110000
LLLAYLLFLLLGTLLSVLILI,133002200320031003201,000110011001100110000
LLLLLLLTILVALLFSLLILI,13002300200230021032,000110011011001100000
LLLLFALLLILTLLLSVLILI,103300310030021003022,000011001101100110000
LLLTFLLAILLGLLLGVLILI,133002300220031003102,000110011001100110000
LLLAVLLTSLLGGLLFLLILI,133002200220021003301,000110011001100110000
LLLYALLVALLFTLLSLLILI,133002200130022003211,000110011001100110000
LLLLALLLFVLTWLLSLLILI,102300230020033003102,000011001101100110000
LLLALLLGLLLGVLLSTLILI,133002200310021003212,000110011001100110000
LLLLVLLLATLYLLLAFLILI,103300320030022003011,000011001101100110000
LLLVALLTILLALLFSLLILI,113002200200230031032,000110011011001100000
LLLVALLLLLTSLLFSLLILI,13002200300220031032,000110011011001100000
LLLYGLLFALLGTLLSLLILI,033002200220031003312,000110011001100110000
LLLLALLVALLFALLSTLILI,133001200220032003201,000110011001100110000
LLLATLLLLLVALLFSLLILI,13002300200220031032,000110011011001100000
LLLLIVLTWLLALLFSLLILI,103300300220030023012,000011011001101100000
LLLYALLFILLTLLLSVLILI,033002300220031003211,000110011001100110000
LLLLVALLFILLYLLSTLILI,112300320020023003102,000011001101100110000
LLLVYLLTILLALLLSFLILI,033002200120032003211,000110011001100110000
LLLVYLLTALLLALLSILILI,133002200120032003211,000110011001100110000
LLLLFLLLLVLAILLSTLILI,103300210020031003022,000011001101100110000
LLLTVLLGLLLGLLLGFLILI,033002200310021003212,000110011001100110000
LLLTVLLASLLGALLFGLILI,133002200220021003311,000110011001100110000
LLLLVALLLTLLALLFILILI,102300320020033003102,000011001101100110000
LLLYVLLATLLGGLLFLLILI,133002200220021003301,000110011001100110000
LLLLTLLIALLFLLVSLLILI,103300300220030023012,000011011001101100000
LLLAGLLFLLLGVLLATLILI,033002300320021003211,000110011001100110000
LLLLTLLVALLAGLLFSLILI,133002200130022003201,000110011001100110000
LLLAALLTSLLGLLLGYLILI,133001200220032003211,000110011001100110000
LLLFYLLVALLISLLTLLILI,133002200120023003201,000110011001100110000
LLLYVLLATLLAFLLSLLILI,033002200120032003211,000110011001100110000
LLLLFVLTILLALLYSLLILI,113300300210020022031,000011011001101100000
LLLAALLALLLGVLLGTLILI,033002300310021003212,000110011001100110000
LLLLTLLVGLLFALLYGLILI,133002200120032003211,000110011001100110000
LLLYFLLTILLAVLLSLLILI,133001200310032003211,000110011001100110000
LLLYTLLVALLFLLLSLLILI,133001200220032003211,000110011001100110000
LLLAVLLITLLFTLLSLLILI,133002300120022003211,000110011001100110000
LLLTGLLFGLLAILLSLLILI,133002200220032003311,000110011001100110000
LLLFALLASLLGTLLTLLILI,133002200210033003211,000110011001100110000
LLLLLLLLAVLYTLLSFLILI,103300320020021003012,000011001101100110000
LLLLIVLLFTLALLLSLLILI,103300310020031003022,000011001101100110000
LLLLYLLVILLAFLLSTLILI,123002300130022003211,000110011001100110000
LLLLILLLVLTALLFSLLILI,023002200200330031021,000110011011001100000
LLLLAVLLLTLALLLSFLILI,103300310020021003022,000011001101100110000
LLLFGLLTALLGILLSLLILI,133001200220032003211,000110011001100110000
LLLAYLLAVLLGLLLGFLILI,023003300210031003212,000110011001100110000
LLLYALLVTLLFTLLSLLILI,133002200220021003301,000110011001100110000
LLLTALLFSLLGILLALLILI,133002200220021003311,000110011001100110000
LLLTFLLALLLGYLLGVLILI,133002200210031003312,000110011001100110000
LLLVTLLLSLLAGLLFALILI,133002200120032003211,000110011001100110000
LLLFYLLLTLLVALLSILILI,133002200120032003211,000110011001100110000
LLLLLVLTLLLAILFSLLILI,103300200230030023022,000011011001101100000
LLLYALLFVLTALLLSLLILI,13002200300230021032,000110011011001100000
LLLYALLTSLLVALLFLLILI,133002200130022003211,000110011001100110000
LLLTALLALLLGVLLSILILI,133002200320032003211,000110011001100110000
LLLYFLLATLLGVLLSLLILI,133002200220031003312,000110011001100110000
LLLLILLTTLLAYLLSFLILI,133002100220032003211,000110011001100110000
LLLYALLTILLTFLLSLLILI,033001100320022003211,000110011001100110000
LLLAVLLLTLLFTLLSYLILI,133001200220022003311,000110011001100110000
LLLTYLLLALLVSLLFILILI,133002200120032003211,000110011001100110000
LLLAVLLGFLLGILLSLLILI,033002300310022003211,000110011001100110000
LLLYFLLATLVALLLSLLILI,13002300300220031022,000110011011001100000
LLLTALLVALLAYLLSFLILI,033001200220022003311,000110011001100110000
LLLYFLLFTLLAVLLSLLILI,133001200220022003311,000110011001100110000
LLLVALLFLLTALLYSLLILI,13002200200330021032,000110011011001100000
LLLTFLLAVLLGLLLGILILI,023003300210031003212,000110011001100110000
LLLTYLLLFLLVALLSILILI,133002300220021003201,000110011001100110000
LLLVYLLIALLLTLLSLLILI,133002200120032003201,000110011001100110000
LLLLVLLIALLFTLLSYLILI,033002200120023003211,000110011001100110000
LLLFYLLVALLLTLLSLLILI,133002200120032003201,000110011001100110000
LLLAVLLIGLLFGLLSTLILI,133002200130022003201,000110011001100110000
LLLTALLIALLFVLLSLLILI,033001200230022003211,000110011001100110000
LLLTLLLAVLLAYLLSFLILI,033001300220021003211,000110011001100110000
LLLYALLLALLTVLLSILILI,033002200120032003211,000110011001100110000
LLLLYFLLAVLTILLSLLILI,103300220020031003012,000011001101100110000
LLLAYLLTVLLAFLLSLLILI,033002200120032003211,000110011001100110000
LLLYVLLGTLLGFLLSLLILI,033002200310021003221,000110011001100110000
LLLAYLLVALLTLLLSFLILI,023002300220031003311,000110011001100110000
LLLTALLFLLLGVLLGILILI,033002200220031003311,000110011001100110000
LLLYVLLLTLLATLLSFLILI,133001200220022003311,000110011001100110000
LLLLIFLLAVLYLLLSTLILI,103300210030031003022,000011001101100110000
LLLATLLGLLLGVLLSILILI,033002200220032003311,000110011001100110000
LLLLALLFILVTLLLSLLILI,13002200200330021032,000110011011001100000
LLLYVLLTILLAFLLSLLILI,033001200220032003211,000110011001100110000
LLLLALLWFLTSLLYVLLILI,13002300200230031022,000110011011001100000
LLLLALLYVLTFLLASLLILI,13002300200230032021,000110011011001100000
LLLLWTLIALLLVLFSLLILI,103300200320030023022,000011011001101100000
LLLTALLVALLFALLSLLILI,133002300120022003211,000110011001100110000
LLLFALLTILLAYLLSLLILI,033001200220022003311,000110011001100110000
LLLLTLLLYLLAVLFSLLILI,103300300230020023022,000011011001101100000
LLLVYLLLALLFTLLSILILI,133002300120022003211,000110011001100110000
LLLLALLFALLVSLLTWLILI,023001300220032003211,000110011001100110000
LLLLVLLTGLLFGLLYALILI,133002200130022003201,000110011001100110000
LLLLALLFALLGILLSTLILI,133002200220021003311,000110011001100110000
LLLYFLLATLLGVLLGLLILI,033002300210021003312,000110011001100110000
LLLYWLLTVLLALLFSLLILI,13002300200220031032,000110011011001100000
LLLLTLLATLLAVLLSFLILI,133001300220022003211,000110011001100110000
LLLALLLVTLLTFLLSILILI,133001300220022003211,000110011001100110000
LLLLTILLLVLALLLSFLILI,103300210030021003022,000011001101100110000
LLLLFVLLWTLALLLSILILI,103300210030032003012,000011001101100110000
LLLLAVLLFILALLLSTLILI,103300210020031003022,000011001101100110000
LLLALLLVTLLAYLLSFLILI,123002200230031003211,000110011001100110000
LLLYTLLATLLFLLLSVLILI,033001200220032003211,000110011001100110000
LLLTALLIGLLFGLLVLLILI,133001200220032003201,000110011001100110000
LLLVYLLLTLLFTLLSALILI,123001200230032003211,000110011001100110000
LLLYWLLTVLFLLLASLLILI,13003200200220031032,000110011011001100000
LLLYTLLATLLVLLLSFLILI,133002200210032003211,000110011001100110000
LLLYALLLLLTSLLFVLLILI,13002300200230021032,000110011011001100000
LLLLFVLLLLLATLISLLILI,103300200220030033022,000011011001101100000
LLLALLLLTLLFVLLSILILI,133002300120022003211,000110011001100110000
LLLYALLFLLTSLLLVLLILI,13002300200230021032,000110011011001100000
LLLTVLLLALLFALLSILILI,133002200130022003211,000110011001100110000
LLLAVLLLTLLGGLLFALILI,133002200120032003201,000110011001100110000
LLLLVLLGALLGTLLSFLILI,123001300230022003211,000110011001100110000
LLLFYLLVALLTLLLSILILI,033002200210023003211,000110011001100110000
LLLAYLLLTLLVALLSILILI,133002200120032003211,000110011001100110000
LLLTYLLTILLAVLLSLLILI,133002200220031003201,000110011001100110000
LLLYALLLALLFSLLVTLILI,033002200130022003211,000110011001100110000
LLLLYLLLFILAVLLSTLILI,103300310020021003022,000011001101100110000
LLLYFLLVLLLATLLSILILI,033001300210022003311,000110011001100110000
LLLATLLVALLFLLLSILILI,033002300220021003211,000110011001100110000
LLLAYLLIALLLTLLFVLILI,133002200120032003211,000110011001100110000
LLLYALLTALLFVLLSLLILI,133001200220032003211,000110011001100110000
LLLLYLLTVLLAILFSLLILI,113300200210020023031,000011011001101100000
LLLLILLTALLYVLFLLLILI,103300300320020023022,000011011001101100000
LLLYVLLGALLGTLLSFLILI,133002200310022003211,000110011001100110000
LLLTALLLALLFGLLFSLILI,133001200220032003201,000110011001100110000
LLLLALLIALLFVLLSTLILI,133001300220022003201,000110011001100110000
LLLYFLLAILVTLLLSLLILI,13002200200230031032,000110011011001100000
LLLLAVLLALLLILLSTLILI,103300210020031003022,000011001101100110000
LLLLLVLLAILLFLLSTLILI,103300210020031003022,000011001101100110000
LLLFYLLVILLALLLSTLILI,133002200220021003311,000110011001100110000
LLLYALLFALLTVLLSLLILI,133002200120032003211,000110011001100110000
LLLYLLLVTLLAILLSFLILI,133001200220032003211,000110011001100110000
LLLLWVLLSTLLALLLFLILI,103300220030031003012,000011001101100110000
LLLGYLLATLLGILLSLLILI,133002300220031003211,000110011001100110000
LLLFGLLALLLGVLLSTLILI,033002200220031003311,000110011001100110000
LLLYALLTALLSVLLFLLILI,133001200220032003211,000110011001100110000
LLLYVLLFILLALLLSTLILI,033001200220032003211,000110011001100110000
LLLAYLLTTLLAFLLSLLILI,123002300220031003211,000110011001100110000
LLLVTLLLTLLGALLSALILI,133002200130022003201,000110011001100110000
LLLAVLLFSLLGLLLGTLILI,133002200220021003301,000110011001100110000
LLLAFLLVTLLAYLLSLLILI,133002200120022003311,000110011001100110000
LLLYALLLSLLFTLLVILILI,133001300220022003211,000110011001100110000
LLLVTLLFLLYLLLASLLILI,13002200300220031032,000110011011001100000
LLLTALLAGLLFLLLSVLILI,133002200230032003211,000110011001100110000
LLLLYLLLAILFVLLSTLILI,103300210030021003022,000011001101100110000
LLLFALLASLLGILLTLLILI,133002200310022003211,000110011001100110000
LLLYALLTALLGLLLGFLILI,133002300220021003211,000110011001100110000
LLLATLLFALLVLLLSLLILI,133002200130022003211,000110011001100110000
LLLYALLIALLFTLLVLLILI,133002200120032003211,000110011001100110000
LLLVALLIALLLSLLFTLILI,133001200220032003211,000110011001100110000
LLLLALLLYVLTSLLFLLILI,102300330030022003102,000011001101100110000
LLLLVLLTILLAYLLSFLILI,033002100220032003211,000110011001100110000
LLLTALLVALLSLLLFILILI,133002100320022003211,000110011001100110000
LLLVALLFALLGLLLGTLILI,133002300220021003211,000110011001100110000
LLLLTLLIALLVALLSFLILI,033001200220032003211,000110011001100110000
LLLLFLLTALLLVLISLLILI,103300300220020033022,000011011001101100000
LLLVALLLALLFTLLSILILI,133001200220032003201,000110011001100110000
LLLLYILLALLFVLLSTLILI,103300220020032003111,000011001101100110000
LLLYALLTTLLSVLLFLLILI,133001200320022003211,000110011001100110000
LLLLLLLTALLIFLVSLLILI,103300200220030033012,000011011001101100000
LLLLLLLLFILAVLLSTLILI,103300310030021003022,000011001101100110000
LLLLLALLLILVTLLSFLILI,102300320020033003102,000011001101100110000
LLLAGLLYLLLGTLLSFLILI,133002300210032003211,000110011001100110000
LLLALLLGFLLGVLLSTLILI,033002300310022003211,000110011001100110000
LLLAILLGLLLGVLLSTLILI,133002100310021003222,000110011001100110000
LLLAALLFSLLGLLLGTLILI,123002200230031003201,000110011001100110000
LLLLVLLIALLFALLSTLILI,133002200120022003311,000110011001100110000
LLLLLVLASLLFTLLILLILI,103300300320020023022,000011011001101100000
LLLLIFLLATLYVLLLLLILI,103300220030031003012,000011001101100110000
LLLLFALLTILVALLSLLILI,111300320020032003202,000011001101100110000
LLLYILLFTLLVALLSLLILI,133002200220031003201,000110011001100110000
LLLTYLLIVLLALLLSFLILI,123001300220032003211,000110011001100110000
LLLVALLLLLISLLFTLLILI,13002300300230021022,000110011011001100000
LLLLWVLLFLLAILTSLLILI,103300300320020023022,000011011001101100000
LLLAYLLTLLLAILLSFLILI,133001200220032003201,000110011001100110000
LLLLVALLLILFLLLSTLILI,102300320020033003102,000011001101100110000
LLLLALLFALLTVLLSILILI,033002200120022003311,000110011001100110000
LLLLVLLTTLLGALLFGLILI,133001200220032003211,000110011001100110000
LLLAILLYTLLAVLLSLLILI,133001200220022003311,000110011001100110000
LLLAYLLVLLLTLLLSFLILI,033002200230031003211,000110011001100110000
LLLYVLLIALLATLLSLLILI,133002200120032003201,000110011001100110000
LLLLTLLVALLLFLISLLILI,103300200320020033022,000011011001101100000
LLLFALLLVLITLLLSLLILI,023002200200230031031,000110011011001100000
LLLLLTLLAVLISLLFLLILI,102300320020033003102,000011001101100110000
LLLYVLLFLLLGALLGTLILI,133002200220031003211,000110011001100110000
LLLLWALLFVLATLLSLLILI,103300310030021003022,000011001101100110000
LLLLFLLLLALTVLLSILILI,103300310030021003022,000011001101100110000
LLLYVLLTALLFALLSLLILI,133002200120032003211,000110011001100110000
LLLAALLLLLVTLLFSLLILI,13002300200230021032,000110011011001100000
LLLLTLLLALIVLLFSLLILI,13002300300230021122,000110011011001100000
LLLTLLLGVLLGLLLAFLILI,133002200210030003212,000110011001100110000
LLLLAILLTLLAVLFSLLILI,103300200320020033022,000011011001101100000
LLLYILLTVLLALLLSFLILI,033002200220031003211,000110011001100110000
LLLLVLLISLLFALLTWLILI,133002200220031003211,000110011001100110000
LLLLVALLLTLISLLFLLILI,102300320020033003102,000011001101100110000
LLLLTVLLALLFILLSLLILI,103300310030021003022,000011001101100110000
LLLYILLSVLLALLLTFLILI,033001200220032003211,000110011001100110000
LLLTALLIALLSVLLFLLILI,133001200320022003211,000110011001100110000
LLLATLLVGLLFLLLGTLILI,133002200130022003201,000110011001100110000
LLLYALLLALLVSLLTILILI,133002300120022003211,000110011001100110000
LLLYVLLTLLLGGLLFALILI,133001200220032003201,000110011001100110000
LLLAYLLLTLLATLLSFLILI,133001200220022003311,000110011001100110000
LLLTALLFLLVALLLSLLILI,13002200200230031032,000110011011001100000
LLLLALLLYVLFLLLSTLILI,102300320030032003102,000011001101100110000
LLLAALLLSLLFTLLVFLILI,033001200220022003311,000110011001100110000
LLLTYLLVALLIALLSLLILI,133002200130022003201,000110011001100110000
LLLAALLFSLLTTLLVLLILI,133002300220021003201,000110011001100110000
LLLLFVLLALLTILLSLLILI,103300300230020023011,000011011001101100000
LLLAYLLTTLLALLLSFLILI,123001300230022003211,000110011001100110000
LLLLTLLLFILALLLSVLILI,103300310020021003022,000011001101100110000
LLLLVTLLAILLYLLSLLILI,102300320030032003102,000011001101100110000
LLLLFVLLILLATLYSLLILI,113300200210020023031,000011011001101100000
LLLLFLLLAILLVLLSTLILI,103300210020031003022,000011001101100110000
LLLYALLFALLLSLLVTLILI,033002200130022003211,000110011001100110000
LLLYILLFALLTVLLSLLILI,123001200220032003311,000110011001100110000
LLLLLFLLAILYVLLLTLILI,103300210020031003022,000011001101100110000
LLLVGLLLALLGLLLGTLILI,133002300220021003211,000110011001100110000
LLLAALLLSLLFTLLVYLILI,033001200220032003211,000110011001100110000
LLLLIFLLWLLTALLSVLILI,103300220020031003012,000011001101100110000
LLLLLLLTALLFVLYILLILI,103300200230020023032,000011011001101100000
LLLLFALLALLYVLTSLLILI,103300200220030033022,000011011001101100000
LLLLLALLLVLTFLLSILILI,103300230030022003102,000011001101100110000
LLLLLVLLAILFTLLSLLILI,103300310030021003022,000011001101100110000
LLLLFVLLALLTILYSLLILI,103300300220030023111,000011011001101100000
LLLYSLLTALLVALLFLLILI,033002200130022003211,000110011001100110000
LLLVALLLTLLAILLSFLILI,133002100220022003311,000110011001100110000
LLLTGLLYVLLGLLLAFLILI,133002200220031003312,000110011001100110000
LLLYALLTVLLALLLSFLILI,033002200330022003211,000110011001100110000
LLLAYLLITLLVALLSLLILI,133002200120032003211,000110011001100110000
LLLLALLVALLSTLLIFLILI,133002100220023003211,000110011001100110000
LLLFALLTILLYLLAVLLILI,13002200200230031032,000110011011001100000
LLLLTLLVALLSTLLIFLILI,033001200220032003211,000110011001100110000
LLLYALLLTLLVALLSFLILI,133002200120022003311,000110011001100110000
LLLTALLIALLLVLLSFLILI,023001300220022003311,000110011001100110000
LLLYLLLAVLTSLLFLLLILI,13002300200230021032,000110011011001100000
LLLYVLLATLLSLLLFILILI,133001200220032003211,000110011001100110000
LLLVYLLLALLTSLLFILILI,133002200120032003211,000110011001100110000
LLLYFLLVALLLALLSTLILI,133002200120022003301,000110011001100110000
LLLLILLSVLLAYLLTFLILI,133002200310021003211,000110011001100110000
LLLFALLLILTALLYVLLILI,023002200200330031021,000110011011001100000
LLLLALLTTLLAFLLSILILI,033002100220022003311,000110011001100110000
LLLLYVLTALLLILFLLLILI,103300300220020033022,000011011001101100000
LLLAILLLTLLFVLLSLLILI,133002300120022003211,000110011001100110000
LLLALLLVTLLAILLSFLILI,133002300220021003201,000110011001100110000
LLLAVLLISLLTTLLFLLILI,133003200220021003201,000110011001100110000
LLLAALLYLLTSLLFVLLILI,13002200300230031022,000110011011001100000
LLLFYLLVALLLTLLSTLILI,133001300220022003201,000110011001100110000
LLLTYLLLVLLAILLSFLILI,133001200220032003211,000110011001100110000
LLLYALLVALLSLLLFTLILI,133001200220032003311,000110011001100110000
LLLTALLLALLAVLLSFLILI,133001200220032003211,000110011001100110000
LLLYALLLTLLSVLLFILILI,133002200120032003211,000110011001100110000
LLLAILLLTLLTVLLSFLILI,123001200220032003301,000110011001100110000
LLLYILLLALLTVLLSFLILI,133002200130022003211,000110011001100110000
LLLLAVLLFLLATLISLLILI,103300200320030023022,000011011001101100000
LLLYALLLTLLFILLSVLILI,133002200120032003211,000110011001100110000
LLLYVLLTTLLALLLSFLILI,133002200320021003211,000110011001100110000
LLLYALLFLLLGLLLGTLILI,133002200220031003201,000110011001100110000
LLLLILLSTLLATLLVFLILI,133002100220022003311,000110011001100110000
LLLAYLLLTLLAVLLSILILI,123001200230023003211,000110011001100110000
LLLYTLLVALLATLLSLLILI,133002300120022003211,000110011001100110000
LLLFILLTALLAVLLSLLILI,133002200220021003311,000110011001100110000
LLLYLLLGALLGVLLSTLILI,133002200230032003211,000110011001100110000
LLLVALLLALLFALLSTLILI,123001300220032003201,000110011001100110000
LLLALLLVTLLFILLSLLILI,133002200220031003201,000110011001100110000
LLLYVLLATLLALLLSFLILI,133001200220032003211,000110011001100110000
LLLLAVLLSILLTLLLFLILI,103300310030021003022,000011001101100110000
LLLFVLLIALLLTLLSLLILI,123002300120032003211,000110011001100110000
LLLYALLLSLLTALLVFLILI,133001300220022003211,000110011001100110000
LLLFALLLVLISLLLTLLILI,13002300200230031022,000110011011001100000
LLLTYLLVALLATLLSLLILI,133001200220032003201,000110011001100110000
LLLTALLIALLLSLLFVLILI,133002200120032003211,000110011001100110000
LLLTVLLALLLAFLLSILILI,033002200330021003211,000110011001100110000
LLLLALLVSLLIALLFTLILI,123002300120032003201,000110011001100110000
LLLVLLLATLLGSLLGTLILI,133002200130022003201,000110011001100110000
LLLYLLLATLVALLFSLLILI,13002300200230021032,000110011011001100000
LLLYALLLTLLVALLSILILI,133001200220022003301,000110011001100110000
LLLVALLLILTFLLASLLILI,13002300300220021032,000110011011001100000
LLLLLLLLTVLTALLFILILI,102300330020032003102,000011001101100110000
LLLTALLVGLLGLLLGFLILI,133002200230021003211,000110011001100110000
LLLLAVLLFLLALLTSLLILI,103300200220030033022,000011011001101100000
LLLLALLTILLFVLASLLILI,113300300210020032031,000011011001101100000
LLLTILLAVLLALLLFLLILI,023001300220031003231,000110011001100110000
LLLYVLLFTLLAALLSLLILI,133001300220022003211,000110011001100110000
LLLAYLLVLLLATLLSFLILI,033001200220032003311,000110011001100110000
LLLYALLTTLLSILLVLLILI,033001200220032003211,000110011001100110000
LLLLLILTALLFVLLSLLILI,103300200330020023022,000011011001101100000
LLLYFLLTVLLLLLASLLILI,13002200300230021032,000110011011001100000
LLLLLFLLATLLILLSVLILI,103300210020031003022,000011001101100110000
LLLLVLLLTILFLLLSALILI,102300320020033003102,000011001101100110000
LLLVALLTILLYLLFSLLILI,13002300200230032021,000110011011001100000
LLLYILLVFLLATLLSLLILI,033002300220031003211,000110011001100110000
LLLYFLLAILLTVLLSLLILI,033002300230021003211,000110011001100110000
LLLAILLFTLLAYLLSLLILI,123002300230021003211,000110011001100110000
LLLYVLLATLLTFLLSLLILI,033002300220031003211,000110011001100110000
LLLYLLLATLLAVLLSFLILI,133002200210022003311,000110011001100110000
LLLYLLLTVLLAFLLSILILI,123002300130022003211,000110011001100110000
LLLLYLLIVLLATLLSFLILI,123002200230031003211,000110011001100110000
LLLLVLLIALLATLLSFLILI,133002200120032003201,000110011001100110000
LLLLLVLLLALITLLSFLILI,102300320030032003102,000011001101100110000
LLLLALLTVLLYILFSLLILI,113300200210030033021,000011011001101100000
LLLFALLVALLTLLLSILILI,033001200220022003311,000110011001100110000
LLLLVLLATLLGGLLSILILI,133002300120022003211,000110011001100110000
LLLAVLLYTLLAFLLSLLILI,033001200220032003211,000110011001100110000
LLLLAILLTVLLLLLSFLILI,103300210020031003022,000011001101100110000
LLLFALLTTLLAVLLSLLILI,133001200230022003211,000110011001100110000
LLLAVLLYTLLFTLLSLLILI,133001200320022003201,000110011001100110000
LLLVALLIALLFTLLSLLILI,133002200120022003311,000110011001100110000
LLLAYLLIALLVSLLTLLILI,133002300120021003201,000110011001100110000
LLLTALLIALLLVLLSWLILI,133002200120032003211,000110011001100110000
LLLTYLLAVLLAILLFLLILI,033001200230021003231,000110011001100110000
LLLLFLLLAVLLTLLSILILI,103300210020031003022,000011001101100110000
LLLVALLIALLLTLLSLLILI,133002200130022003211,000110011001100110000
LLLLFLLLTALLVLLSILILI,103300210030031003022,000011001101100110000
LLLLVALLTILFLLLSLLILI,102300320030023003102,000011001101100110000
LLLVALLILLTYLLFSLLILI,13002200300320022031,000110011011001100000
LLLVGLLLILLGALLATLILI,133002200230021003211,000110011001100110000
