Sample,Sequence,Computational Score (kcal/mol),GpA (%),Reconstructed Fluorescence,Interface SASA (Å),ΔG (kcal/mol),Interface
G_001,LLLTALLVGLLGGLLFLLILI,-24.58,0.29 ± 0.05,7052.79 ± 979.62,747.2400000000002,,000110011001100110000
G_002,LLLLFLLATLLGYLLSILILI,-31.69,0.42 ± 0.04,10144.31 ± 757.88,981.0300000000002,-2.49 ± 0.23,000110011001100110000
G_003,LLLLFLLGTLLGALLAYLILI,-31.69,1.15 ± 0.16,27769.04 ± 3197.11,856.7399999999998,-3.85 ± 0.54,000110011001100110000
G_004,LLLVTLLFSLLGALLSLLILI,-17.19,0.48 ± 0.05,11597.92 ± 955.13,920.5199999999996,-2.74 ± 0.28,000110011001100110000
G_005,LLLYILLGLLLGTLLASLILI,-32.08,0.31 ± 0.04,7495.59 ± 768.45,755.2099999999996,-0.52 ± 0.07,000110011001100110000
G_006,LLLLVLLTGLLFGLLYALILI,-26.51,0.31 ± 0.08,7449.0 ± 1550.69,858.8700000000003,-0.06 ± 0.01,000110011001100110000
G_007,LLLFALLASLLGILLTLLILI,-26.35,0.19 ± 0.04,4696.11 ± 689.14,920.3100000000004,,000110011001100110000
G_008,LLLTFLLAVLLGLLLGILILI,-21.45,0.65 ± 0.11,15745.46 ± 2129.17,1141.4900000000002,-3.18 ± 0.53,000110011001100110000
G_009,LLLSFLLVLLLGTLLAYLILI,-21.46,0.19 ± 0.07,4618.5 ± 1301.52,804.2799999999997,,000110011001100110000
G_010,LLLYLLLGALLGTLLSFLILI,-32.9,0.53 ± 0.04,12872.72 ± 789.75,738.9299999999998,-2.9 ± 0.22,000110011001100110000
G_011,LLLTVLLGLLLGLLLGFLILI,-32.92,0.54 ± 0.06,13130.6 ± 1096.76,829.8200000000002,-2.93 ± 0.3,000110011001100110000
G_012,LLLYFLLGTLLGALLGLLILI,-33.02,0.81 ± 0.07,19595.03 ± 1407.74,753.77,-3.44 ± 0.3,000110011001100110000
G_013,LLLAVLLTSLLGGLLFLLILI,-21.13,0.25 ± 0.04,6098.59 ± 840.6,754.5700000000002,,000110011001100110000
G_014,LLLVTLLLGLLFALLSTLILI,-26.16,0.25 ± 0.05,5995.02 ± 896.41,840.6599999999999,,000110011001100110000
G_015,LLLTFLLGLLLGYLLASLILI,-33.27,1.23 ± 0.08,29663.61 ± 1648.92,999.8900000000004,-3.93 ± 0.27,000110011001100110000
G_016,LLLYVLLGALLGILLTLLILI,-33.55,0.95 ± 0.1,22981.17 ± 2005.76,863.2000000000003,-3.62 ± 0.39,000110011001100110000
G_017,LLLYFLLGVLLGTLLGLLILI,-33.58,1.07 ± 0.03,25828.5 ± 608.46,1220.5599999999995,-3.76 ± 0.11,000110011001100110000
G_018,LLLYALLALLLGTLLGFLILI,-16.12,0.19 ± 0.03,4664.36 ± 618.27,915.2300000000004,,000110011001100110000
G_019,LLLYLLLASLLGILLAFLILI,-34.17,0.15 ± 0.02,3617.29 ± 413.15,717.9399999999996,,000110011001100110000
G_020,LLLYLLLGALLGALLTFLILI,-34.32,1.12 ± 0.17,27098.55 ± 3413.73,806.1699999999996,-3.82 ± 0.59,000110011001100110000
G_021,LLLTVLLLGLLFGLLFALILI,-22.26,0.5 ± 0.05,12113.19 ± 1044.33,801.1499999999996,-2.81 ± 0.3,000110011001100110000
G_022,LLLTVLLALLLGFLLGSLILI,-9.61,0.78 ± 0.07,18720.23 ± 1373.62,498.8699999999999,-3.39 ± 0.3,000110011001100110000
G_023,LLLYVLLTLLLGALLGFLILI,-22.36,0.26 ± 0.08,6361.41 ± 1638.63,707.3600000000001,,000110011001100110000
G_024,LLLYVLLGLLLGTLLAFLILI,-34.97,0.32 ± 0.14,7720.58 ± 2817.31,944.4100000000004,-1.25 ± 0.56,000110011001100110000
G_025,LLLYFLLATLLGLLLGVLILI,-35.12,0.36 ± 0.02,8621.18 ± 478.06,1104.0099999999998,-2.02 ± 0.14,000110011001100110000
G_026,LLLVGLLFALLGILLTLLILI,-33.23,0.36 ± 0.05,8749.59 ± 995.43,966.6,-2.08 ± 0.29,000110011001100110000
G_027,LLLTFLLAILLGLLLGVLILI,-21.01,0.64 ± 0.05,15482.14 ± 1044.16,1039.7199999999998,-3.15 ± 0.26,000110011001100110000
G_028,LLLAALLALLLGVLLGTLILI,-17.8,0.39 ± 0.04,9480.13 ± 745.63,758.8299999999995,-2.33 ± 0.22,000110011001100110000
G_029,LLLAALLFSLLGLLLGTLILI,-26.92,0.3 ± 0.09,7117.93 ± 1861.8,783.8299999999995,,000110011001100110000
G_030,LLLYALLTALLGGLLFLLILI,-19.63,0.22 ± 0.06,5398.7 ± 1205.73,697.5500000000002,,000110011001100110000
G_031,LLLLTLLVGLLFALLYGLILI,-27.85,0.25 ± 0.02,6129.59 ± 414.51,938.9299999999998,,000110011001100110000
G_032,LLLYILLGLLLGTLLAFLILI,-28.2,0.25 ± 0.09,5904.12 ± 1715.48,845.75,,000110011001100110000
G_033,LLLLVLLATLLGGLLSILILI,-19.93,0.26 ± 0.05,6184.28 ± 912.9,610.0700000000002,,000110011001100110000
G_034,LLLYGLLFALLGILLTLLILI,-28.27,0.28 ± 0.01,6711.51 ± 124.41,913.8100000000004,,000110011001100110000
G_035,LLLSTLLGALLGLLLAVLILI,-28.31,0.91 ± 0.09,22028.98 ± 1790.19,895.2199999999998,-3.58 ± 0.36,000110011001100110000
G_036,LLLYVLLFTLLGALLGLLILI,-27.82,0.22 ± 0.03,5242.58 ± 592.22,706.7099999999996,,000110011001100110000
G_037,LLLYVLLATLLGLLLGFLILI,-28.48,0.3 ± 0.06,7259.94 ± 1187.61,617.8300000000004,,000110011001100110000
G_038,LLLYLLLGTLLGILLAFLILI,-19.35,0.43 ± 0.07,10469.56 ± 1447.66,675.8600000000001,-2.55 ± 0.43,000110011001100110000
G_039,LLLYGLLFLLLGVLLATLILI,-27.64,0.4 ± 0.04,9715.75 ± 723.68,920.3399999999996,-2.39 ± 0.22,000110011001100110000
G_040,LLLYFLLATLLGVLLGLLILI,-19.14,0.34 ± 0.05,8231.72 ± 888.34,877.5,-1.8 ± 0.24,000110011001100110000
G_041,LLLYLLLTTLLAGLLFSLILI,-20.09,0.17 ± 0.1,4202.78 ± 2055.99,836.6999999999998,,000110011001100110000
G_042,LLLTFLLALLLGYLLGSLILI,-20.12,0.95 ± 0.14,22882.88 ± 2667.67,890.3900000000003,-3.62 ± 0.52,000110011001100110000
G_043,LLLVTLLLTLLGALLSALILI,-27.56,0.28 ± 0.03,6684.81 ± 584.36,705.1400000000003,,000110011001100110000
G_044,LLLLTLLVALLAGLLFSLILI,-20.31,0.31 ± 0.03,7358.78 ± 537.99,827.2299999999996,,000110011001100110000
G_045,LLLYGLLFLLLGVLLASLILI,-28.77,0.32 ± 0.06,7753.35 ± 1117.78,834.4100000000003,-1.31 ± 0.23,000110011001100110000
G_046,LLLYVLLALLLGTLLGFLILI,-27.25,0.18 ± 0.03,4378.71 ± 497.29,984.4199999999996,,000110011001100110000
G_047,LLLTALLVGLLGLLLGFLILI,-18.68,0.27 ± 0.02,6534.39 ± 318.96,625.1500000000005,,000110011001100110000
G_048,LLLYLLLGALLGVLLSTLILI,-24.54,0.84 ± 0.22,20308.52 ± 4272.83,793.2199999999998,-3.48 ± 0.9,000110011001100110000
G_049,LLLLALLFALLGILLSTLILI,-18.68,0.25 ± 0.12,6118.05 ± 2389.54,718.4700000000003,,000110011001100110000
G_050,LLLYFLLAVLLGLLLGTLILI,-29.4,0.28 ± 0.06,6727.67 ± 1098.22,1131.1899999999996,,000110011001100110000
G_051,LLLYGLLFALLGTLLSLLILI,-29.53,0.19 ± 0.01,4538.58 ± 235.18,753.9899999999998,,000110011001100110000
G_052,LLLVALLALLLGTLLSFLILI,-27.01,0.28 ± 0.05,6827.69 ± 947.14,894.5699999999997,,000110011001100110000
G_053,LLLYLLLGALLGILLSTLILI,-29.9,0.75 ± 0.08,18110.57 ± 1480.07,861.8400000000006,-3.35 ± 0.34,000110011001100110000
G_054,LLLTFLLAVLLGLLLGSLILI,-27.01,0.6 ± 0.14,14569.02 ± 2705.79,871.8599999999997,-3.08 ± 0.7,000110011001100110000
G_055,LLLYALLFLLLGTLLSILILI,-15.45,0.17 ± 0.05,4209.23 ± 994.57,852.9500000000003,,000110011001100110000
G_056,LLLYFLLALLLGTLLGSLILI,-35.41,0.23 ± 0.02,5656.74 ± 393.58,1087.86,,000110011001100110000
G_057,LLLTALLFLLLGVLLASLILI,-16.15,0.82 ± 0.11,19750.96 ± 2118.14,916.33,-3.45 ± 0.45,000110011001100110000
G_058,LLLAGLLFLLLGVLLATLILI,-22.42,0.33 ± 0.01,8008.88 ± 113.5,908.0899999999996,-1.62 ± 0.03,000110011001100110000
G_059,LLLYVLLATLLGGLLFLLILI,-23.03,0.21 ± 0.06,5019.36 ± 1176.46,711.4200000000001,,000110011001100110000
G_060,LLLTALLLALLFGLLFSLILI,-13.75,0.38 ± 0.03,9116.73 ± 672.37,842.3100000000004,-2.21 ± 0.2,000110011001100110000
G_061,LLLYVLLTLLLGGLLFALILI,-13.73,0.32 ± 0.04,7600.14 ± 760.79,791.0599999999995,-0.98 ± 0.12,000110011001100110000
G_062,LLLAYLLGTLLGLLLGFLILI,-45.74,1.14 ± 0.15,27435.49 ± 2873.05,1024.08,-3.83 ± 0.49,000110011001100110000
G_063,LLLVLLLATLLGSLLGTLILI,-13.7,0.31 ± 0.07,7456.58 ± 1340.55,727.3799999999997,-0.17 ± 0.04,000110011001100110000
G_064,LLLALLLGLLLGTLLSFLILI,-45.31,1.04 ± 0.05,24962.81 ± 983.04,841.6399999999999,-3.72 ± 0.18,000110011001100110000
G_065,LLLLVLLTTLLGGLLFALILI,-25.32,0.29 ± 0.04,6926.49 ± 849.05,750.4500000000003,,000110011001100110000
G_066,LLLAYLLGLLLGFLLGTLILI,-39.49,1.11 ± 0.11,26844.3 ± 2140.63,1030.2200000000005,-3.81 ± 0.37,000110011001100110000
G_067,LLLYTLLAILLGLLLGFLILI,-44.96,0.24 ± 0.03,5662.46 ± 632.49,594.81,,000110011001100110000
G_068,LLLTSLLVGLLAYLLGLLILI,-11.56,0.41 ± 0.02,9983.29 ± 312.18,768.4300000000003,-2.45 ± 0.09,000110011001100110000
G_069,LLLAYLLGVLLGLLLAFLILI,-35.55,1.12 ± 0.09,27006.59 ± 1800.91,974.56,-3.81 ± 0.31,000110011001100110000
G_070,LLLYFLLAVLLGLLLGSLILI,-23.94,0.25 ± 0.15,5980.24 ± 2916.52,1142.0999999999997,,000110011001100110000
G_071,LLLSYLLGVLLGLLLGTLILI,-44.36,0.95 ± 0.08,22852.24 ± 1647.82,1011.9599999999996,-3.62 ± 0.32,000110011001100110000
G_072,LLLALLLGTLLGFLLSILILI,-43.23,1.26 ± 0.1,30385.92 ± 1928.07,856.4799999999996,-3.96 ± 0.31,000110011001100110000
G_073,LLLTALLAGLLFLLLSVLILI,-13.06,0.31 ± 0.02,7567.07 ± 331.23,920.0899999999996,-0.87 ± 0.05,000110011001100110000
G_074,LLLSYLLGVLLGLLLATLILI,-41.31,1.03 ± 0.11,24833.59 ± 2211.47,968.2600000000002,-3.71 ± 0.41,000110011001100110000
G_075,LLLSYLLGVLLGTLLGFLILI,-42.81,0.79 ± 0.12,18987.42 ± 2262.5,906.3799999999997,-3.4 ± 0.5,000110011001100110000
G_076,LLLSYLLGLLLGTLLGFLILI,-42.79,0.83 ± 0.06,20083.55 ± 1117.45,952.23,-3.47 ± 0.24,000110011001100110000
G_077,LLLYLLLGALLAFLLSTLILI,-25.05,0.18 ± 0.01,4354.94 ± 288.57,834.1600000000003,,000110011001100110000
G_078,LLLTYLLGVLLGLLLGFLILI,-42.23,0.87 ± 0.19,21057.24 ± 3692.97,1015.2999999999996,-3.52 ± 0.76,000110011001100110000
G_079,LLLLVLLGALLGTLLSFLILI,-24.93,0.44 ± 0.07,10698.82 ± 1319.36,672.1800000000003,-2.6 ± 0.39,000110011001100110000
G_080,LLLAYLLGVLLGLLLGSLILI,-41.95,1.11 ± 0.12,26845.31 ± 2359.28,1026.7700000000004,-3.81 ± 0.41,000110011001100110000
G_081,LLLALLLGVLLGTLLGFLILI,-38.02,0.95 ± 0.12,22973.83 ± 2273.39,911.91,-3.62 ± 0.44,000110011001100110000
G_082,LLLSYLLGLLLGFLLSTLILI,-38.42,1.09 ± 0.18,26194.56 ± 3519.78,934.1900000000004,-3.78 ± 0.62,000110011001100110000
G_083,LLLYLLLGALLGFLLSTLILI,-48.02,1.11 ± 0.17,26779.09 ± 3318.31,959.4899999999998,-3.8 ± 0.58,000110011001100110000
G_084,LLLYSLLFALLGALLTLLILI,-24.61,0.36 ± 0.04,8566.66 ± 784.05,670.6299999999997,-1.99 ± 0.22,000110011001100110000
G_085,LLLFVLLTILLGALLSLLILI,-15.06,0.25 ± 0.05,6108.61 ± 927.76,629.6199999999994,,000110011001100110000
G_086,LLLYTLLVALLALLLGLLILI,-22.53,0.33 ± 0.05,7842.96 ± 970.36,876.7599999999998,-1.44 ± 0.22,000110011001100110000
G_087,LLLYSLLALLLGTLLGFLILI,-22.59,0.15 ± 0.05,3663.69 ± 902.37,991.3000000000002,,000110011001100110000
G_088,LLLALLLTVLLGGLLFSLILI,-25.5,0.26 ± 0.04,6337.07 ± 876.85,792.5699999999997,,000110011001100110000
G_089,LLLTSLLLGLLFALLAYLILI,-24.73,0.22 ± 0.13,5270.24 ± 2604.42,870.6499999999996,,000110011001100110000
G_090,LLLYLLLGILLGTLLAFLILI,-36.83,0.53 ± 0.04,12848.57 ± 730.76,870.7100000000005,-2.9 ± 0.2,000110011001100110000
G_091,LLLVTLLLGLLFGLLFALILI,-22.79,0.83 ± 0.23,20071.61 ± 4462.74,966.84,-3.47 ± 0.95,000110011001100110000
G_092,LLLYILLTLLLGALLAFLILI,-6.71,0.29 ± 0.14,7006.17 ± 2824.15,541.4499999999998,,000110011001100110000
G_093,LLLFYLLGVLLGLLLASLILI,-47.35,0.92 ± 0.1,22069.86 ± 1936.59,1084.4999999999995,-3.58 ± 0.39,000110011001100110000
G_094,LLLYVLLFLLLGALLGTLILI,-25.05,0.17 ± 0.02,4138.42 ± 433.14,709.6000000000004,,000110011001100110000
G_095,LLLTLLLGLLLGVLLGSLILI,-37.29,0.91 ± 0.21,21902.99 ± 4125.36,891.7999999999997,-3.57 ± 0.83,000110011001100110000
G_096,LLLALLLGLLLGVLLGSLILI,-37.44,1.04 ± 0.21,25122.72 ± 4037.33,936.1699999999996,-3.73 ± 0.74,000110011001100110000
G_097,LLLTVLLGILLGLLLAFLILI,-37.57,0.71 ± 0.06,17082.11 ± 1082.28,818.1499999999996,-3.28 ± 0.25,000110011001100110000
G_098,LLLSSLLFLLLGVLLGTLILI,-6.06,0.3 ± 0.06,7149.5 ± 1082.91,891.81,,000110011001100110000
G_099,LLLVLLLTGLLFALLAYLILI,-14.18,0.25 ± 0.07,5947.16 ± 1359.75,826.2999999999997,,000110011001100110000
G_100,LLLAVLLFSLLGLLLGTLILI,-22.9,0.27 ± 0.04,6617.79 ± 744.77,705.6199999999994,,000110011001100110000
G_101,LLLTALLFLLLGVLLGILILI,-13.97,0.72 ± 0.06,17311.43 ± 1142.39,867.8499999999999,-3.29 ± 0.27,000110011001100110000
G_102,LLLAGLLFLLLGTLLSYLILI,-25.42,0.14 ± 0.02,3477.4 ± 416.68,927.38,,000110011001100110000
G_103,LLLYVLLGLLLGFLLSTLILI,-52.21,1.04 ± 0.05,24963.03 ± 1048.35,963.6600000000004,-3.72 ± 0.19,000110011001100110000
G_104,LLLAFLLGTLLGVLLGLLILI,-37.15,1.33 ± 0.24,32042.91 ± 4794.19,1011.1099999999996,-4.02 ± 0.74,000110011001100110000
L_001,LLLLLLLTALLIFLVSLLILI,-24.86,0.23 ± 0.09,5342.64 ± 1783.5,904.7299999999996,,000011011001101100000
L_002,LLLLYVLIALLTLLFSLLILI,-19.91,0.28 ± 0.05,6550.51 ± 1007.49,822.5,,000011011001101100000
L_003,LLLVALLLILTFLLASLLILI,-19.85,0.35 ± 0.06,8314.28 ± 1235.64,923.4199999999996,-1.97 ± 0.35,000110011011001100000
L_004,LLLLFVLTILLALLYSLLILI,-27.78,0.19 ± 0.1,4488.03 ± 1962.32,720.7700000000004,,000011011001101100000
L_005,LLLLAYLLALLFLLTSLLILI,-24.92,0.32 ± 0.07,7491.26 ± 1423.35,1137.3499999999997,-1.18 ± 0.27,000011011001101100000
L_006,LLLYALLFVLTALLLSLLILI,-20.96,0.49 ± 0.08,11588.0 ± 1580.06,905.8300000000004,-2.78 ± 0.45,000110011011001100000
L_007,LLLLYVLLATLLALLSFLILI,-20.52,0.28 ± 0.08,6627.18 ± 1603.16,880.7699999999995,,000011001101100110000
L_008,LLLLAILLTLLAVLFSLLILI,-25.76,0.61 ± 0.06,14387.41 ± 1162.57,839.7600000000002,-3.09 ± 0.3,000011011001101100000
L_009,LLLVALLLLLFLLLTSLLILI,-22.22,0.48 ± 0.23,11353.05 ± 4520.8,883.7299999999996,-2.75 ± 1.31,000110011011001100000
L_010,LLLYFLLAILVTLLLSLLILI,-22.59,0.19 ± 0.11,4483.49 ± 2079.93,977.0500000000002,,000110011011001100000
L_011,LLLLFVLLALLTILLSLLILI,-19.85,0.15 ± 0.05,3450.39 ± 991.43,666.8799999999997,,000011011001101100000
L_012,LLLLAVLLFLLATLISLLILI,-26.1,0.22 ± 0.05,5251.87 ± 997.09,916.4299999999998,,000011011001101100000
L_013,LLLLLLLLFILAVLLSTLILI,-26.11,0.16 ± 0.05,3845.08 ± 1032.38,825.2400000000002,,000011001101100110000
L_014,LLLLYVLLATLLFLLSLLILI,-21.98,0.41 ± 0.16,9677.31 ± 3106.77,982.5500000000006,-2.44 ± 0.94,000011001101100110000
L_015,LLLLTLLVALLLFLISLLILI,-26.31,0.41 ± 0.26,9542.24 ± 5102.16,969.13,-2.4 ± 1.54,000011011001101100000
L_016,LLLLYFLLALLAVLTSLLILI,-21.69,0.27 ± 0.09,6246.07 ± 1803.33,928.58,,000011011001101100000
L_017,LLLYLLLTVLALLLFSLLILI,-21.39,0.23 ± 0.06,5287.07 ± 1228.67,867.25,,000110011011001100000
L_018,LLLLTLLLALIVLLFSLLILI,-21.35,0.47 ± 0.12,11067.4 ± 2371.34,848.7599999999998,-2.7 ± 0.69,000110011011001100000
L_019,LLLLVLLLTILFLLLSALILI,-26.56,0.23 ± 0.04,5346.58 ± 771.28,800.4699999999998,,000011001101100110000
L_020,LLLLYLLLFILAVLLSTLILI,-23.39,0.21 ± 0.09,4887.04 ± 1756.8,940.2700000000004,,000011001101100110000
L_021,LLLLLFLLATLLILLSVLILI,-21.08,0.25 ± 0.05,5776.36 ± 958.74,793.2400000000002,,000011001101100110000
L_022,LLLLYLLLAVLTALLFSLILI,-21.06,0.27 ± 0.09,6398.61 ± 1734.49,946.7099999999996,,000011001101100110000
L_023,LLLLYVLLALLFTLISLLILI,-25.06,0.18 ± 0.12,4183.94 ± 2264.24,881.77,,000011011001101100000
L_024,LLLVTLLLALLLLLFSLLILI,-20.94,0.27 ± 0.06,6241.88 ± 1250.04,955.4300000000004,,000110011011001100000
L_025,LLLLYALLFLLTALLFSLILI,-26.79,0.45 ± 0.14,10490.18 ± 2794.96,1008.4500000000004,-2.61 ± 0.83,000011001101100110000
L_026,LLLLLLLLFVLATLLSILILI,-26.85,0.23 ± 0.07,5315.93 ± 1405.35,920.5300000000002,,000011001101100110000
L_027,LLLFSLLVLLTALLYLLLILI,-20.71,0.23 ± 0.05,5471.04 ± 1070.7,942.77,,000110011011001100000
L_028,LLLLTILLLVLALLLSFLILI,-26.94,0.23 ± 0.19,5367.95 ± 3764.74,847.6599999999999,,000011001101100110000
L_029,LLLLFLLLAILLVLLSTLILI,-23.7,0.21 ± 0.05,4950.36 ± 906.33,866.6299999999997,,000011001101100110000
L_030,LLLLYVLLALLFTLLSILILI,-23.75,0.23 ± 0.07,5492.83 ± 1378.42,872.1499999999996,,000011001101100110000
L_031,LLLLAVLLFLLALLTSLLILI,-27.1,0.41 ± 0.08,9722.51 ± 1654.53,978.2600000000002,-2.45 ± 0.5,000011011001101100000
L_032,LLLVALLTILLALLFSLLILI,-27.98,0.41 ± 0.15,9725.53 ± 2906.65,818.7100000000005,-2.45 ± 0.88,000110011011001100000
L_033,LLLVSLLILLTALLFLLLILI,-22.28,0.35 ± 0.11,8174.02 ± 2132.8,992.16,-1.89 ± 0.59,000110011011001100000
L_034,LLLLFALLTILVALLSLLILI,-28.01,0.36 ± 0.05,8555.83 ± 907.54,899.0100000000002,-2.09 ± 0.26,000011001101100110000
L_035,LLLLAVLTALLLLLFSLLILI,-36.08,0.21 ± 0.13,4939.92 ± 2649.58,954.4499999999998,,000011011001101100000
L_036,LLLLYVLTALLFLLISLLILI,-35.8,0.26 ± 0.1,6180.83 ± 1973.99,1018.5100000000002,,000011011001101100000
L_037,LLLLVLLLTILLFLLSALILI,-34.96,0.21 ± 0.09,4946.36 ± 1726.49,949.79,,000011001101100110000
L_038,LLLLWYLVSLLILLTFLLILI,-34.36,0.48 ± 0.16,11370.25 ± 3068.38,867.0300000000007,-2.75 ± 0.89,000011011001101100000
L_039,LLLLVSLLILLTALLFLLILI,-34.32,0.41 ± 0.11,9611.95 ± 2213.71,916.7900000000004,-2.42 ± 0.67,000011001101100110000
L_040,LLLLAYLTVLLSILFLLLILI,-16.04,0.38 ± 0.08,8998.27 ± 1606.42,739.6699999999996,-2.25 ± 0.48,000011011001101100000
L_041,LLLLAILLALLFVLTSLLILI,-34.1,0.3 ± 0.1,7064.27 ± 2005.12,948.48,,000011011001101100000
L_042,LLLLFVLLLLLATLISLLILI,-36.31,0.27 ± 0.08,6418.2 ± 1512.38,954.9499999999998,,000011011001101100000
L_043,LLLYTLLAVLIALLLSLLILI,-16.38,0.44 ± 0.09,10245.23 ± 1730.74,893.1999999999998,-2.56 ± 0.52,000110011011001100000
L_044,LLLLFILLAVLLTLLLSLILI,-32.64,0.22 ± 0.13,5256.36 ± 2459.57,814.4499999999998,,000011001101100110000
L_045,LLLVALLLFLLSLLYTLLILI,-32.59,0.27 ± 0.08,6417.89 ± 1636.99,1004.9500000000004,,000110011011001100000
L_046,LLLLVLLLAILFTLLSLLILI,-32.33,0.29 ± 0.07,6857.76 ± 1309.36,838.8800000000001,,000011001101100110000
L_047,LLLVALLFLLTSLLYLLLILI,-27.98,0.21 ± 0.07,4961.58 ± 1302.42,1064.9299999999998,,000110011011001100000
L_048,LLLLFLLLAVLYLLLSTLILI,-32.17,0.32 ± 0.14,7472.28 ± 2811.55,965.44,-1.14 ± 0.51,000011001101100110000
L_049,LLLLSYLLAVLFTLLLILILI,-32.13,0.34 ± 0.08,8058.9 ± 1490.37,983.1300000000006,-1.82 ± 0.4,000011001101100110000
L_050,LLLLFLLLLALTVLLSILILI,-32.09,0.33 ± 0.1,7664.31 ± 1928.24,959.84,-1.46 ± 0.44,000011001101100110000
L_051,LLLYFLLAVLITLLLSLLILI,-33.12,0.18 ± 0.09,4136.64 ± 1857.2,934.1799999999998,,000110011011001100000
L_052,LLLLTYLLAILFVLLLSLILI,-32.09,0.25 ± 0.12,5884.26 ± 2351.17,1013.63,,000011001101100110000
L_053,LLLVLLLAILFLLLTSLLILI,-36.54,0.24 ± 0.09,5648.02 ± 1697.54,850.0399999999995,,000110011011001100000
L_054,LLLYTLLAVLLLLLASLLILI,-14.73,0.15 ± 0.05,3525.86 ± 1009.49,881.7800000000002,,000110011011001100000
L_055,LLLYALLLTLIVLLFSLLILI,-8.65,0.55 ± 0.3,12845.58 ± 5802.08,814.8700000000003,-2.94 ± 1.59,000110011011001100000
L_056,LLLLLLLLAVLTALLFILILI,-44.72,0.28 ± 0.06,6622.86 ± 1111.86,895.4500000000003,,000011001101100110000
L_057,LLLLVALLLLLTSLLFLLILI,-44.48,0.48 ± 0.05,11172.17 ± 889.17,1036.5500000000002,-2.72 ± 0.26,000011001101100110000
L_058,LLLYALLLVLITLLFSLLILI,-11.73,0.35 ± 0.12,8269.0 ± 2276.47,849.02,-1.95 ± 0.64,000110011011001100000
L_059,LLLFALLLILTALLYVLLILI,-12.21,0.37 ± 0.12,8634.58 ± 2364.06,941.7600000000002,-2.12 ± 0.69,000110011011001100000
L_060,LLLLFYLTALLILLVSLLILI,-12.34,0.28 ± 0.15,6651.64 ± 2973.99,816.3600000000001,,000011011001101100000
L_061,LLLLVALLLLLTALLFILILI,-41.95,0.43 ± 0.16,10083.57 ± 3102.61,1004.35,-2.53 ± 0.93,000011001101100110000
L_062,LLLLAILLAVLFLLLSTLILI,-36.63,0.25 ± 0.11,5900.41 ± 2165.18,912.5800000000004,,000011001101100110000
L_063,LLLLLALLFVLTSLLYLLILI,-41.84,0.41 ± 0.04,9687.55 ± 783.38,1015.98,-2.44 ± 0.24,000011001101100110000
L_064,LLLLYVLIALLLLLTSLLILI,-13.11,0.36 ± 0.29,8543.48 ± 5667.02,1008.5299999999996,-2.08 ± 1.65,000011011001101100000
L_065,LLLLYWLLTILAFLLSLLILI,-40.46,0.4 ± 0.13,9314.86 ± 2541.64,1013.1899999999996,-2.34 ± 0.77,000011001101100110000
L_066,LLLLYSLTALLFVLLLLLILI,-39.3,0.27 ± 0.06,6356.45 ± 1270.24,986.7700000000004,,000011011001101100000
L_067,LLLLTVLLALLFLLISLLILI,-38.49,0.2 ± 0.12,4790.27 ± 2306.53,934.0899999999996,,000011011001101100000
L_068,LLLLVALLLLLTSLIFLLILI,-37.95,0.27 ± 0.11,6347.14 ± 2074.48,1040.5100000000002,,000011011001101100000
L_069,LLLLFVLLAILYLLLSTLILI,-37.79,0.35 ± 0.08,8164.89 ± 1473.19,993.6499999999996,-1.89 ± 0.41,000011001101100110000
L_070,LLLFALLLLLVTLLYSLLILI,-36.99,0.29 ± 0.07,6834.86 ± 1375.77,999.31,,000110011011001100000
L_071,LLLLFWLLAVLTALLYLLILI,-41.58,0.38 ± 0.06,8925.76 ± 1236.29,1179.39,-2.23 ± 0.37,000011001101100110000
L_072,LLLLAVLLLTLALLLSFLILI,-32.06,0.26 ± 0.03,6076.09 ± 643.66,875.4000000000001,,000011001101100110000
L_073,LLLLVALLLILFLLLSTLILI,-32.21,0.28 ± 0.08,6551.21 ± 1561.18,903.92,,000011001101100110000
L_074,LLLLSYLVALLLTLFLLLILI,-31.72,0.37 ± 0.28,8805.9 ± 5416.21,967.1799999999998,-2.18 ± 1.61,000011011001101100000
L_075,LLLLLVLLAILLFLLSTLILI,-29.41,0.24 ± 0.1,5712.42 ± 1882.03,815.9099999999999,,000011001101100110000
L_076,LLLLYWLLTLLVALLSFLILI,-29.15,0.42 ± 0.06,9941.38 ± 1139.05,779.7399999999998,-2.5 ± 0.34,000011001101100110000
L_077,LLLYLLLAVLTSLLFLLLILI,-28.74,0.14 ± 0.1,3367.38 ± 1988.45,885.5299999999997,,000110011011001100000
L_078,LLLLALLLLFLTVLLSILILI,-28.66,0.24 ± 0.07,5723.59 ± 1430.04,831.4000000000001,,000011001101100110000
L_079,LLLLLFLTALLYVLISLLILI,-28.61,0.28 ± 0.27,6518.0 ± 5327.02,887.6500000000005,,000011011001101100000
L_080,LLLLYVLLLALTILLFSLILI,-19.09,0.19 ± 0.11,4574.31 ± 2067.59,896.4799999999996,,000011001101100110000
L_081,LLLLYLLLAVLLSLLFTLILI,-29.49,0.26 ± 0.08,6180.03 ± 1489.09,1081.88,,000011001101100110000
L_082,LLLYFLLAVLLTLLFSLLILI,-19.2,0.16 ± 0.09,3757.25 ± 1725.33,876.3700000000003,,000110011011001100000
L_083,LLLLLALLLILVTLLSFLILI,-28.35,0.32 ± 0.1,7548.73 ± 1995.31,830.8900000000003,-1.29 ± 0.41,000011001101100110000
L_084,LLLLWTLIALLLVLFSLLILI,-28.25,0.32 ± 0.08,7451.37 ± 1641.81,1043.56,-1.09 ± 0.29,000011011001101100000
L_085,LLLYALLFLLTSLLFSLLILI,-28.21,0.14 ± 0.08,3400.88 ± 1643.43,1011.17,,000110011011001100000
L_086,LLLLLLLLAVLYTLLSFLILI,-28.07,0.23 ± 0.04,5512.18 ± 820.78,850.3199999999997,,000011001101100110000
L_087,LLLYALLLLLVTLLFSLLILI,-28.03,0.22 ± 0.08,5172.01 ± 1497.25,877.8900000000003,,000110011011001100000
L_088,LLLYALLFVLLLLLTSLLILI,-19.75,0.17 ± 0.07,4016.95 ± 1305.15,804.3400000000001,,000110011011001100000
L_089,LLLLAILLLLLTVLFSLLILI,-28.43,0.18 ± 0.08,4192.72 ± 1659.91,897.6999999999998,,000011011001101100000
L_090,LLLLYILLALLFVLLSTLILI,-30.0,0.22 ± 0.02,5156.0 ± 303.32,535.1300000000006,,000011001101100110000
L_091,LLLYALLFVLLILLFSLLILI,-18.68,0.14 ± 0.05,3389.85 ± 932.3,782.5599999999995,,000110011011001100000
L_092,LLLLALLFLLTSLLYVLLILI,-31.34,0.36 ± 0.04,8349.63 ± 766.32,1052.1,-1.99 ± 0.22,000110011011001100000
L_093,LLLYWLLTVLFLLLASLLILI,-17.52,0.28 ± 0.03,6695.12 ± 553.09,920.9400000000004,,000110011011001100000
L_094,LLLLYFLLATLVALLLSLILI,-31.23,0.47 ± 0.13,11046.32 ± 2494.35,956.09,-2.7 ± 0.73,000011001101100110000
L_095,LLLLILLLALLFVLTSLLILI,-30.54,0.35 ± 0.14,8160.7 ± 2756.42,860.79,-1.89 ± 0.76,000011011001101100000
L_096,LLLAALLLLLVTLLFSLLILI,-17.48,0.53 ± 0.08,12460.74 ± 1539.72,933.6899999999996,-2.89 ± 0.43,000110011011001100000
L_097,LLLLAVLLLILTLLLSFLILI,-30.86,0.38 ± 0.2,8821.42 ± 3830.13,796.4500000000003,-2.19 ± 1.14,000011001101100110000
L_098,LLLLTVLLAILFLLLSLLILI,-30.91,0.29 ± 0.09,6854.6 ± 1700.5,914.5299999999996,,000011001101100110000
L_099,LLLYSLLLLLTFLLAVLLILI,-31.39,0.2 ± 0.18,4790.91 ± 3482.39,977.87,,000110011011001100000
L_100,LLLLAVLLALLLILLSTLILI,-31.53,0.2 ± 0.02,4784.58 ± 409.4,851.0200000000004,,000011001101100110000
R_001,LLLYTLLVLLLAFLLSILILI,-26.75,0.3 ± 0.07,6931.11 ± 1288.73,662.3399999999997,,000110011001100110000
R_002,LLLYSLLLTLLFVLLALLILI,-30.22,0.3 ± 0.13,6798.74 ± 2568.33,769.96,,000110011001100110000
R_003,LLLYTLLIALLFVLLSLLILI,-26.69,0.28 ± 0.04,6437.34 ± 780.83,1004.15,,000110011001100110000
R_004,LLLYSLLVALLFTLLFLLILI,-26.6,0.23 ± 0.1,5297.55 ± 1984.78,928.4000000000004,,000110011001100110000
R_005,LLLLSLLFALLIALLVTLILI,-24.71,0.29 ± 0.03,6662.65 ± 672.92,749.0999999999995,,000110011001100110000
R_006,LLLYLLLFTLLAVLLSILILI,-8.79,0.3 ± 0.06,6842.51 ± 1116.79,661.4099999999999,,000110011001100110000
R_007,LLLYALLVALLFTLLSLLILI,-24.88,0.26 ± 0.05,5871.9 ± 1025.82,747.0500000000002,,000110011001100110000
R_008,LLLTYLLFVLLAILLSLLILI,-24.89,0.29 ± 0.1,6626.62 ± 1965.82,859.6900000000005,,000110011001100110000
R_009,LLLYTLLISLLVALLFLLILI,-25.05,0.25 ± 0.1,5758.5 ± 2025.06,1037.6,,000110011001100110000
R_010,LLLYTLLVSLLALLLAFLILI,-25.05,0.31 ± 0.07,7071.09 ± 1374.94,666.5900000000001,0.43 ± 0.1,000110011001100110000
R_011,LLLLYLLVALLISLLFTLILI,-25.89,0.39 ± 0.18,9033.16 ± 3567.37,770.23,-2.33 ± 1.07,000110011001100110000
R_012,LLLYSLLLALLFVLLTILILI,-27.63,0.3 ± 0.06,6982.0 ± 1110.86,859.6099999999997,,000110011001100110000
R_013,LLLLVLLIALLFTLLSYLILI,-25.24,0.33 ± 0.04,7622.85 ± 827.9,744.8399999999997,-1.62 ± 0.21,000110011001100110000
R_014,LLLSYLLVLLLAFLLTILILI,-25.39,0.35 ± 0.08,7983.86 ± 1557.39,855.2300000000005,-1.9 ± 0.43,000110011001100110000
R_015,LLLYTLLISLLFVLLALLILI,-26.81,0.31 ± 0.08,7076.67 ± 1616.82,862.48,0.25 ± 0.07,000110011001100110000
R_016,LLLYFLLVALLTLLLSILILI,-26.06,0.27 ± 0.09,6148.83 ± 1743.26,774.6899999999996,,000110011001100110000
R_017,LLLSYLLFVLLALLLSTLILI,-26.54,0.39 ± 0.07,8860.57 ± 1317.91,841.3099999999995,-2.28 ± 0.4,000110011001100110000
R_018,LLLSYLLTLLLAFLLSILILI,-26.9,0.55 ± 0.08,12574.31 ± 1628.41,860.5599999999995,-2.94 ± 0.45,000110011001100110000
R_019,LLLWTLLVFLLAILLSLLILI,-29.79,0.29 ± 0.06,6545.52 ± 1170.69,887.6100000000001,,000110011001100110000
R_020,LLLSYLLFTLLAILLTLLILI,-29.93,0.3 ± 0.09,6944.77 ± 1773.78,898.0699999999997,,000110011001100110000
R_021,LLLYSLLIALLFVLLTLLILI,-27.75,0.28 ± 0.1,6395.21 ± 2044.87,958.91,,000110011001100110000
R_022,LLLSYLLFTLLALLLAVLILI,-27.41,0.38 ± 0.03,8827.18 ± 515.33,890.9899999999998,-2.26 ± 0.15,000110011001100110000
R_023,LLLYALLLTLLVALLSILILI,-10.03,0.33 ± 0.05,7610.17 ± 1038.32,748.0900000000006,-1.61 ± 0.26,000110011001100110000
R_024,LLLYTLLIALLVLLLFSLILI,-24.33,0.31 ± 0.18,7120.3 ± 3620.56,820.1799999999998,-0.41 ± 0.24,000110011001100110000
R_025,LLLFYLLVILLALLLSTLILI,-16.37,0.29 ± 0.14,6579.07 ± 2662.79,768.46,,000110011001100110000
R_026,LLLFYLLVALLISLLTLLILI,-16.35,0.34 ± 0.05,7824.08 ± 893.74,896.0100000000002,-1.79 ± 0.24,000110011001100110000
R_027,LLLYILLATLLAFLLSLLILI,-16.29,0.27 ± 0.12,6141.79 ± 2359.27,872.6300000000001,,000110011001100110000
R_028,LLLFYLLVALLLTLLSLLILI,-16.26,0.4 ± 0.08,9163.14 ± 1575.69,769.2099999999996,-2.36 ± 0.48,000110011001100110000
R_029,LLLYALLIALLFTLLVLLILI,-16.15,0.3 ± 0.03,6865.76 ± 517.1,645.0199999999995,,000110011001100110000
R_030,LLLYALLTTLLSVLLFLLILI,-16.09,0.44 ± 0.07,10095.09 ± 1455.71,751.6999999999994,-2.58 ± 0.43,000110011001100110000
R_031,LLLTALLIALLFVLLSLLILI,-16.08,0.33 ± 0.01,7578.21 ± 165.94,817.6199999999999,-1.57 ± 0.04,000110011001100110000
R_032,LLLYSLLLTLLVALLIFLILI,-15.9,0.24 ± 0.11,5464.69 ± 2086.51,668.4999999999995,,000110011001100110000
R_033,LLLYSLLLALLATLLVFLILI,-15.86,0.24 ± 0.07,5591.93 ± 1288.06,728.5000000000005,,000110011001100110000
R_034,LLLYVLLTILLALLLSFLILI,-15.76,0.34 ± 0.13,7894.42 ± 2632.87,478.2299999999996,-1.84 ± 0.72,000110011001100110000
R_035,LLLYLLLATLLFVLLSILILI,-15.7,0.31 ± 0.03,7215.59 ± 646.0,838.02,-0.91 ± 0.1,000110011001100110000
R_036,LLLYTLLIALLAVLLSLLILI,-15.58,0.37 ± 0.05,8376.2 ± 1069.97,864.3100000000004,-2.1 ± 0.31,000110011001100110000
R_037,LLLYALLVALLITLLFLLILI,-15.3,0.3 ± 0.07,6897.81 ± 1379.65,651.6800000000003,,000110011001100110000
R_038,LLLFYLLITLLVALLSLLILI,-15.25,0.34 ± 0.09,7823.05 ± 1841.42,659.0499999999997,-1.79 ± 0.49,000110011001100110000
R_039,LLLYLLLATLLAILLFSLILI,-15.07,0.14 ± 0.06,3183.82 ± 1124.72,822.6700000000005,,000110011001100110000
R_040,LLLYLLLATLLAVLLSFLILI,-16.45,0.25 ± 0.07,5760.43 ± 1403.27,654.6400000000003,,000110011001100110000
R_041,LLLYSLLLTLLATLLAFLILI,-16.53,0.21 ± 0.08,4808.0 ± 1512.7,680.4499999999998,,000110011001100110000
R_042,LLLVSLLLTLLFALLAYLILI,-16.54,0.29 ± 0.03,6761.01 ± 644.86,824.46,,000110011001100110000
R_043,LLLTALLVALLAYLLSFLILI,-16.55,0.5 ± 0.04,11528.86 ± 843.32,773.6200000000003,-2.81 ± 0.24,000110011001100110000
R_044,LLLTYLLTILLAFLLSLLILI,-17.5,0.41 ± 0.05,9443.65 ± 886.54,856.7800000000002,-2.44 ± 0.27,000110011001100110000
R_045,LLLLVLLITLLFALLSYLILI,-17.49,0.32 ± 0.06,7415.62 ± 1256.6,868.5900000000006,-1.37 ± 0.27,000110011001100110000
R_046,LLLYLLLTTLLVALLSFLILI,-17.43,0.44 ± 0.05,10101.62 ± 1022.26,672.8100000000004,-2.58 ± 0.31,000110011001100110000
R_047,LLLYLLLVTLLAILLSFLILI,-17.35,0.17 ± 0.09,3970.04 ± 1779.91,537.2299999999996,,000110011001100110000
R_048,LLLYSLLVALLATLLFLLILI,-17.33,0.26 ± 0.07,6070.91 ± 1329.21,870.1200000000003,,000110011001100110000
R_049,LLLAILLVTLLFTLLSLLILI,-17.29,0.36 ± 0.09,8158.18 ± 1693.45,753.7200000000003,-1.99 ± 0.48,000110011001100110000
R_050,LLLYALLTALLSVLLFLLILI,-17.19,0.37 ± 0.03,8389.82 ± 611.21,702.0699999999997,-2.1 ± 0.18,000110011001100110000
R_051,LLLYILLTALLVALLSLLILI,-15.06,0.31 ± 0.05,7223.84 ± 1007.95,695.98,-0.94 ± 0.15,000110011001100110000
R_052,LLLFSLLLTLLVALLSYLILI,-17.12,0.26 ± 0.08,5910.47 ± 1491.79,854.69,,000110011001100110000
R_053,LLLVYLLTALLIALLSLLILI,-16.69,0.37 ± 0.05,8480.79 ± 1049.24,875.4900000000002,-2.14 ± 0.31,000110011001100110000
R_054,LLLYSLLLTLLVALLSFLILI,-16.68,0.29 ± 0.1,6730.17 ± 2053.35,695.0,,000110011001100110000
R_055,LLLYALLVALLTALLSLLILI,-16.67,0.35 ± 0.08,8102.61 ± 1477.24,804.9000000000001,-1.96 ± 0.42,000110011001100110000
R_056,LLLTALLLALLAVLLSFLILI,-16.65,0.4 ± 0.06,9119.13 ± 1252.03,772.27,-2.35 ± 0.38,000110011001100110000
R_057,LLLAVLLLTLLFALLSYLILI,-16.62,0.26 ± 0.06,5880.69 ± 1110.4,736.3399999999997,,000110011001100110000
R_058,LLLYILLLTLLAVLLSFLILI,-16.59,0.24 ± 0.04,5608.77 ± 826.16,613.7699999999995,,000110011001100110000
R_059,LLLYFLLVALLLALLSTLILI,-16.58,0.32 ± 0.03,7280.81 ± 617.11,819.6599999999994,-1.1 ± 0.11,000110011001100110000
R_060,LLLYILLFALLTVLLSLLILI,-17.06,0.26 ± 0.06,5858.93 ± 1267.57,646.9899999999998,,000110011001100110000
R_061,LLLYVLLIALLATLLSLLILI,-15.04,0.33 ± 0.06,7528.7 ± 1219.82,600.9300000000003,-1.52 ± 0.29,000110011001100110000
R_062,LLLYALLVALLSLLLFTLILI,-15.04,0.35 ± 0.03,7945.9 ± 504.21,824.1600000000003,-1.87 ± 0.14,000110011001100110000
R_063,LLLYSLLTALLVALLFLLILI,-14.78,0.29 ± 0.08,6559.78 ± 1564.89,821.52,,000110011001100110000
R_064,LLLTYLLLVLLAILLSFLILI,-12.04,0.19 ± 0.12,4470.53 ± 2338.66,668.1700000000001,,000110011001100110000
R_065,LLLYVLLIALLFTLLSLLILI,-11.97,0.26 ± 0.07,5913.88 ± 1446.4,738.0299999999997,,000110011001100110000
R_066,LLLYVLLTILLALLLAFLILI,-11.94,0.32 ± 0.09,7424.89 ± 1850.52,603.5699999999997,-1.38 ± 0.4,000110011001100110000
R_067,LLLYLLLSTLLAFLLAILILI,-11.93,0.28 ± 0.04,6316.26 ± 837.37,836.4299999999998,,000110011001100110000
R_068,LLLTYLLIVLLALLLSFLILI,-11.69,0.41 ± 0.02,9290.46 ± 338.46,751.71,-2.4 ± 0.1,000110011001100110000
R_069,LLLYLLLFTLLAALLTSLILI,-11.61,0.12 ± 0.06,2812.75 ± 1238.18,752.7200000000003,,000110011001100110000
R_070,LLLYALLFALLLSLLVTLILI,-11.25,0.27 ± 0.02,6097.28 ± 397.79,767.1500000000005,,000110011001100110000
R_071,LLLTYLLAVLLAILLFLLILI,-12.11,0.32 ± 0.07,7235.63 ± 1323.45,885.9400000000005,-0.98 ± 0.21,000110011001100110000
R_072,LLLYVLLTTLLFALLSLLILI,-11.22,0.28 ± 0.08,6512.63 ± 1529.48,739.4900000000002,,000110011001100110000
R_073,LLLAALLLSLLFTLLVFLILI,-10.66,0.46 ± 0.05,10457.8 ± 917.19,775.29,-2.65 ± 0.27,000110011001100110000
R_074,LLLYLLLATLLAVLLSILILI,-10.64,0.24 ± 0.07,5434.54 ± 1416.15,721.2399999999998,,000110011001100110000
R_075,LLLYALLLSLLTALLVFLILI,-10.61,0.28 ± 0.09,6366.77 ± 1834.24,571.9899999999998,,000110011001100110000
R_076,LLLTALLIALLFLLLSVLILI,-10.55,0.4 ± 0.04,9163.48 ± 826.19,816.1899999999996,-2.36 ± 0.25,000110011001100110000
R_077,LLLYVLLFALLTVLLSLLILI,-10.4,0.3 ± 0.02,6858.85 ± 423.95,607.5600000000004,,000110011001100110000
R_078,LLLYSLLFVLLAILLTLLILI,-10.33,0.25 ± 0.1,5675.49 ± 1942.91,664.1300000000001,,000110011001100110000
R_079,LLLAYLLVLLLATLLSFLILI,-10.19,0.34 ± 0.07,7718.99 ± 1462.55,770.2100000000005,-1.71 ± 0.38,000110011001100110000
R_080,LLLYVLLAILLTLLLSFLILI,-10.68,0.27 ± 0.1,6117.1 ± 1926.33,684.8000000000002,,000110011001100110000
R_081,LLLYTLLATLLVLLLSFLILI,-17.69,0.25 ± 0.07,5791.92 ± 1369.09,771.23,,000110011001100110000
R_082,LLLYVLLATLLALLLSFLILI,-12.44,0.26 ± 0.03,5984.38 ± 622.69,652.5499999999997,,000110011001100110000
R_083,LLLYALLLTLLVALLSFLILI,-12.82,0.25 ± 0.08,5766.74 ± 1554.35,524.7299999999996,,000110011001100110000
R_084,LLLYALLLTLLSILLVFLILI,-14.69,0.22 ± 0.04,5017.06 ± 773.39,726.5,,000110011001100110000
R_085,LLLYALLLALLFSLLVTLILI,-14.68,0.3 ± 0.1,6796.45 ± 2019.73,832.48,,000110011001100110000
R_086,LLLLYLLTALLIALLFVLILI,-14.55,0.27 ± 0.06,6186.76 ± 1201.63,913.5599999999996,,000110011001100110000
R_087,LLLLILLSTLLATLLVFLILI,-14.36,0.23 ± 0.05,5330.52 ± 1018.78,708.6300000000001,,000110011001100110000
R_088,LLLYILLLTLLVALLSFLILI,-14.33,0.28 ± 0.01,6363.06 ± 212.63,686.6700000000001,,000110011001100110000
R_089,LLLLALLFALLVSLLTWLILI,-14.2,0.3 ± 0.0,6957.99 ± 93.57,770.8599999999997,,000110011001100110000
R_090,LLLTVLLLALLFALLSILILI,-14.11,0.36 ± 0.06,8183.38 ± 1102.73,723.3600000000001,-2.01 ± 0.32,000110011001100110000
R_091,LLLVYLLTALLLALLSFLILI,-12.66,0.33 ± 0.07,7517.81 ± 1431.86,448.1400000000003,-1.51 ± 0.34,000110011001100110000
R_092,LLLYVLLFTLLAALLSLLILI,-13.95,0.28 ± 0.06,6449.88 ± 1178.54,696.0100000000002,,000110011001100110000
R_093,LLLVYLLLALLTSLLFILILI,-13.89,0.39 ± 0.03,8951.73 ± 542.54,708.2099999999996,-2.3 ± 0.16,000110011001100110000
R_094,LLLYSLLLILLAVLLTFLILI,-13.86,0.24 ± 0.07,5578.59 ± 1292.16,700.23,,000110011001100110000
R_095,LLLTYLLVFLLALLLSILILI,-13.66,0.34 ± 0.09,7687.35 ± 1769.35,905.4199999999996,-1.68 ± 0.45,000110011001100110000
R_096,LLLYALLLTLLSVLLFILILI,-13.65,0.3 ± 0.07,6969.83 ± 1350.06,772.56,,000110011001100110000
R_097,LLLALLLVTLLAILLSFLILI,-13.32,0.17 ± 0.07,3955.46 ± 1386.98,586.04,,000110011001100110000
R_098,LLLTVLLALLLAFLLSILILI,-12.94,0.35 ± 0.06,7985.45 ± 1194.06,662.2799999999997,-1.9 ± 0.33,000110011001100110000
R_099,LLLTYLLVALLIALLFLLILI,-12.88,0.37 ± 0.05,8423.55 ± 1026.69,948.9499999999998,-2.12 ± 0.3,000110011001100110000
R_100,LLLYVLLLTLLFALLSLLILI,-13.89,0.3 ± 0.11,6962.24 ± 2187.66,758.0099999999998,,000110011001100110000
R_101,LLLYWLLVALLISLLTLLILI,-24.44,0.32 ± 0.03,7275.89 ± 492.14,1006.7499999999995,-1.09 ± 0.09,000110011001100110000
R_102,LLLYLLLVALLATLLSFLILI,-17.7,0.22 ± 0.08,5058.5 ± 1512.99,583.2200000000003,,000110011001100110000
R_103,LLLFYLLLTLLVALLSILILI,-17.85,0.48 ± 0.06,11016.4 ± 1227.01,781.52,-2.74 ± 0.36,000110011001100110000
R_104,LLLTYLLFTLLAVLLSLLILI,-22.18,0.36 ± 0.04,8197.29 ± 877.19,882.1799999999994,-2.01 ± 0.25,000110011001100110000
R_105,LLLYWLLTALLLSLLFVLILI,-22.11,0.21 ± 0.05,4820.2 ± 973.8,997.42,,000110011001100110000
R_106,LLLYVLLLTLLATLLSFLILI,-21.91,0.22 ± 0.12,5011.28 ± 2302.79,603.0799999999999,,000110011001100110000
R_107,LLLTYLLVALLAILLSLLILI,-21.41,0.28 ± 0.02,6361.91 ± 481.98,880.54,,000110011001100110000
R_108,LLLYSLLLTLLAVLLFSLILI,-21.39,0.21 ± 0.1,4824.11 ± 1906.34,791.3400000000001,,000110011001100110000
R_109,LLLLYLLITLLFSLLVALILI,-21.29,0.3 ± 0.05,6890.11 ± 1051.65,627.4099999999999,,000110011001100110000
R_110,LLLYSLLLALLFALLVTLILI,-21.29,0.27 ± 0.05,6159.17 ± 1071.65,817.4999999999995,,000110011001100110000
R_111,LLLYSLLVALLFTLLILLILI,-21.29,0.28 ± 0.12,6388.74 ± 2275.33,888.69,,000110011001100110000
R_112,LLLFSLLLTLLAALLSYLILI,-21.16,0.21 ± 0.07,4871.24 ± 1454.78,618.6999999999998,,000110011001100110000
R_113,LLLYILLSTLLALLLAFLILI,-21.11,0.21 ± 0.04,4878.23 ± 727.94,631.0500000000002,,000110011001100110000
R_114,LLLYSLLITLLFVLLALLILI,-20.93,0.25 ± 0.09,5673.98 ± 1793.43,745.6599999999994,,000110011001100110000
R_115,LLLYTLLATLLFLLLSVLILI,-20.85,0.27 ± 0.11,6293.09 ± 2125.45,705.0100000000002,,000110011001100110000
R_116,LLLYVLLFILLALLLSTLILI,-20.83,0.22 ± 0.1,4956.1 ± 1918.77,563.9399999999996,,000110011001100110000
R_117,LLLYILLSVLLALLLTFLILI,-20.82,0.19 ± 0.08,4415.48 ± 1504.8,721.5799999999999,,000110011001100110000
R_118,LLLYTLLVALLFALLSLLILI,-20.72,0.3 ± 0.07,6901.6 ± 1290.71,922.64,,000110011001100110000
R_119,LLLVYLLIALLFSLLTLLILI,-22.22,0.34 ± 0.04,7724.4 ± 877.45,856.9899999999998,-1.71 ± 0.23,000110011001100110000
R_120,LLLYALLTILLTFLLSLLILI,-22.25,0.28 ± 0.15,6477.43 ± 2881.2,730.6700000000001,,000110011001100110000
R_121,LLLYALLTSLLVALLFLLILI,-22.5,0.34 ± 0.02,7740.12 ± 302.92,797.79,-1.73 ± 0.08,000110011001100110000
R_122,LLLYSLLLALLFALLTILILI,-22.52,0.45 ± 0.06,10229.35 ± 1202.26,827.2799999999997,-2.6 ± 0.36,000110011001100110000
R_123,LLLYTLLVSLLFALLILLILI,-24.31,0.23 ± 0.06,5205.72 ± 1144.55,865.0599999999995,,000110011001100110000
R_124,LLLVYLLTALLISLLFLLILI,-24.25,0.37 ± 0.07,8555.51 ± 1351.7,1009.2499999999995,-2.17 ± 0.4,000110011001100110000
R_125,LLLWYLLLVLLATLLSFLILI,-24.21,0.35 ± 0.07,8066.87 ± 1380.2,732.1099999999997,-1.95 ± 0.39,000110011001100110000
R_126,LLLYSLLLTLLATLLVFLILI,-24.19,0.21 ± 0.08,4807.11 ± 1605.84,661.5000000000005,,000110011001100110000
R_127,LLLYILLATLLTLLLSFLILI,-24.1,0.21 ± 0.11,4907.0 ± 2208.66,616.6599999999999,,000110011001100110000
R_128,LLLFVLLATLLAYLLSLLILI,-23.75,0.36 ± 0.03,8318.06 ± 496.54,910.29,-2.07 ± 0.14,000110011001100110000
R_129,LLLYSLLVALLFALLTLLILI,-23.75,0.37 ± 0.07,8525.48 ± 1339.64,891.8299999999999,-2.16 ± 0.4,000110011001100110000
R_130,LLLYLLLAVLLAFLLTSLILI,-20.67,0.24 ± 0.09,5501.73 ± 1814.12,823.4299999999998,,000110011001100110000
R_131,LLLSYLLVFLLATLLSLLILI,-23.6,0.39 ± 0.06,9011.34 ± 1113.28,884.6399999999999,-2.32 ± 0.34,000110011001100110000
R_132,LLLYSLLLTLLALLLAFLILI,-23.54,0.3 ± 0.08,6992.2 ± 1553.8,667.4000000000001,,000110011001100110000
R_133,LLLYSLLLTLLFALLVILILI,-23.43,0.36 ± 0.02,8193.26 ± 418.28,782.0799999999999,-2.01 ± 0.12,000110011001100110000
R_134,LLLYVLLATLLAFLLSLLILI,-23.31,0.29 ± 0.06,6645.79 ± 1275.09,740.44,,000110011001100110000
R_135,LLLLYLLVTLLFALLSILILI,-23.2,0.37 ± 0.07,8502.68 ± 1350.1,774.7699999999995,-2.15 ± 0.4,000110011001100110000
R_136,LLLATLLISLLFTLLVLLILI,-23.06,0.43 ± 0.09,9771.93 ± 1857.31,902.02,-2.51 ± 0.56,000110011001100110000
R_137,LLLYLLLATLLFVLLSLLILI,-22.94,0.21 ± 0.12,4818.7 ± 2289.05,811.6399999999999,,000110011001100110000
R_138,LLLYALLLALLVSLLFTLILI,-22.59,0.38 ± 0.06,8637.38 ± 1268.91,826.8000000000006,-2.2 ± 0.38,000110011001100110000
R_139,LLLVYLLLALLTALLSILILI,-23.55,0.36 ± 0.11,8313.3 ± 2182.82,828.8299999999999,-2.07 ± 0.63,000110011001100110000
R_140,LLLFYLLVALLTALLSLLILI,-20.62,0.39 ± 0.03,8975.17 ± 562.0,713.4300000000003,-2.31 ± 0.17,000110011001100110000
R_141,LLLVYLLITLLFALLSLLILI,-20.57,0.43 ± 0.04,9779.97 ± 841.94,815.7400000000002,-2.51 ± 0.25,000110011001100110000
R_142,LLLYILLTVLLALLLSFLILI,-20.38,0.26 ± 0.05,5951.67 ± 962.85,522.2699999999995,,000110011001100110000
R_143,LLLYTLLVALLSTLLFLLILI,-19.39,0.23 ± 0.09,5236.27 ± 1793.84,856.9299999999998,,000110011001100110000
R_144,LLLLTLLATLLAVLLSFLILI,-19.38,0.37 ± 0.03,8372.99 ± 537.78,726.8299999999999,-2.09 ± 0.16,000110011001100110000
R_145,LLLVYLLLALLFTLLSLLILI,-19.07,0.47 ± 0.06,10675.84 ± 1239.74,778.4199999999996,-2.68 ± 0.36,000110011001100110000
R_146,LLLYVLLTALLFALLSLLILI,-19.06,0.32 ± 0.06,7236.3 ± 1130.54,792.25,-0.98 ± 0.18,000110011001100110000
R_147,LLLLTLLIALLVALLSFLILI,-18.94,0.34 ± 0.07,7834.61 ± 1374.68,711.9999999999995,-1.8 ± 0.37,000110011001100110000
R_148,LLLFVLLTTLLAILLSLLILI,-18.76,0.22 ± 0.02,4945.48 ± 381.7,635.9899999999998,,000110011001100110000
R_149,LLLYFLLAILLAVLLTLLILI,-18.7,0.24 ± 0.06,5448.46 ± 1080.15,834.5500000000002,,000110011001100110000
R_150,LLLLTLLIALLFVLLYSLILI,-19.44,0.43 ± 0.06,9826.43 ± 1145.41,845.19,-2.52 ± 0.34,000110011001100110000
R_151,LLLVALLLALLFALLSTLILI,-18.56,0.36 ± 0.04,8188.45 ± 787.5,861.7699999999995,-2.01 ± 0.23,000110011001100110000
R_152,LLLVALLLTLLAILLSFLILI,-18.48,0.28 ± 0.05,6414.47 ± 999.77,679.69,,000110011001100110000
R_153,LLLYILLVALLATLLTLLILI,-18.48,0.34 ± 0.11,7897.51 ± 2224.22,621.0200000000004,-1.84 ± 0.61,000110011001100110000
R_154,LLLYLLLTVLLAFLLSILILI,-18.43,0.27 ± 0.05,6208.83 ± 988.16,581.8900000000003,,000110011001100110000
R_155,LLLTYLLVALLIALLSLLILI,-18.14,0.36 ± 0.02,8176.79 ± 298.18,795.7399999999998,-2.0 ± 0.09,000110011001100110000
R_156,LLLLALLVALLSTLLIFLILI,-18.12,0.39 ± 0.06,8988.07 ± 1223.99,702.5099999999998,-2.31 ± 0.37,000110011001100110000
R_157,LLLTYLLIALLLALLFVLILI,-18.08,0.4 ± 0.01,9113.52 ± 182.41,871.3499999999999,-2.35 ± 0.05,000110011001100110000
R_158,LLLYSLLVALLTLLLFILILI,-17.88,0.31 ± 0.13,7195.74 ± 2459.61,811.9000000000001,-0.84 ± 0.34,000110011001100110000
R_159,LLLLALLFALLTVLLSILILI,-18.52,0.44 ± 0.02,10127.25 ± 442.57,737.6599999999999,-2.59 ± 0.13,000110011001100110000
R_160,LLLYSLLLALLAVLLTILILI,-17.72,0.31 ± 0.22,7074.35 ± 4413.44,675.4400000000005,0.32 ± 0.23,000110011001100110000
R_161,LLLAILLLTLLFVLLSLLILI,-19.44,0.33 ± 0.06,7503.19 ± 1109.55,713.2100000000005,-1.49 ± 0.26,000110011001100110000
R_162,LLLTYLLVALLTFLLSLLILI,-19.5,0.59 ± 0.25,13502.29 ± 4920.69,855.0199999999995,-3.04 ± 1.29,000110011001100110000
R_163,LLLAVLLLTLLFTLLSYLILI,-20.37,0.21 ± 0.11,4727.41 ± 2206.7,714.5300000000002,,000110011001100110000
R_164,LLLYSLLVALLFLLLATLILI,-20.33,0.28 ± 0.1,6328.79 ± 2000.02,612.8500000000004,,000110011001100110000
R_165,LLLYSLLLTLLAALLVFLILI,-20.13,0.23 ± 0.08,5229.7 ± 1489.32,715.1000000000004,,000110011001100110000
R_166,LLLLYLLIALLVALLSTLILI,-20.11,0.3 ± 0.05,6822.38 ± 973.71,740.8299999999999,,000110011001100110000
R_167,LLLYTLLVALLFLLLSLLILI,-20.05,0.27 ± 0.1,6256.18 ± 1949.72,858.7400000000002,,000110011001100110000
R_168,LLLFYLLTALLIALLSLLILI,-20.0,0.38 ± 0.03,8722.63 ± 502.84,879.0699999999997,-2.23 ± 0.15,000110011001100110000
R_169,LLLYWLLVALLLALLSTLILI,-19.98,0.36 ± 0.01,8301.55 ± 135.83,923.0700000000002,-2.06 ± 0.04,000110011001100110000
R_170,LLLYILLFTLLVALLSLLILI,-19.46,0.19 ± 0.06,4359.75 ± 1162.45,628.3900000000003,,000110011001100110000
R_171,LLLFALLTILLAYLLSLLILI,-19.95,0.4 ± 0.06,9072.93 ± 1138.8,892.1099999999997,-2.34 ± 0.34,000110011001100110000
R_172,LLLYALLVALLLTLLSWLILI,-19.84,0.27 ± 0.04,6194.62 ± 880.07,746.54,,000110011001100110000
R_173,LLLYSLLFTLLAVLLALLILI,-19.77,0.32 ± 0.1,7439.4 ± 1907.78,751.0,-1.4 ± 0.42,000110011001100110000
R_174,LLLYWLLLALLVALLSTLILI,-19.77,0.3 ± 0.04,6955.56 ± 710.4,751.9399999999996,,000110011001100110000
R_175,LLLLALLIALLFVLLSTLILI,-19.62,0.27 ± 0.05,6137.68 ± 1022.67,742.9000000000005,,000110011001100110000
R_176,LLLYTLLVSLLAILLTLLILI,-19.61,0.33 ± 0.09,7579.26 ± 1857.0,763.21,-1.58 ± 0.45,000110011001100110000
R_177,LLLFYLLTALLITLLVLLILI,-19.54,0.31 ± 0.09,7027.81 ± 1736.21,688.6299999999997,,000110011001100110000
R_178,LLLSYLLVFLLALLLATLILI,-19.53,0.48 ± 0.07,11020.05 ± 1341.42,907.6100000000006,-2.74 ± 0.39,000110011001100110000
R_179,LLLTYLLLALLVSLLFILILI,-19.87,0.47 ± 0.09,10680.53 ± 1835.61,801.9899999999998,-2.68 ± 0.54,000110011001100110000
R_180,LLLYVLLATLLTFLLSLLILI,-9.81,0.29 ± 0.02,6707.06 ± 435.68,752.8499999999995,,000110011001100110000
