Sample,Sequence,Computational Score (kcal/mol),GpA (%),Reconstructed Fluorescence,Interface SASA (Å),ΔG (kcal/mol)
G_001,LLLYTLLVALLALLLGLLILI,-22.53,0.33 ± 0.05,7842.96 ± 970.36,876.7599999999998,-1.44 ± 0.22
G_002,LLLVGLLFALLGILLTLLILI,-33.23,0.36 ± 0.05,8749.59 ± 995.43,966.6,-2.08 ± 0.29
G_003,LLLYFLLGTLLGALLGLLILI,-33.02,0.81 ± 0.07,19595.03 ± 1407.74,753.77,-3.44 ± 0.3
G_004,LLLTVLLGLLLGLLLGFLILI,-32.92,0.54 ± 0.06,13130.6 ± 1096.76,829.8200000000002,-2.93 ± 0.3
G_005,LLLYLLLGALLGTLLSFLILI,-32.9,0.53 ± 0.04,12872.72 ± 789.75,738.9299999999998,-2.9 ± 0.22
G_006,LLLYILLGLLLGTLLASLILI,-32.08,0.31 ± 0.04,7495.59 ± 768.45,755.2099999999996,-0.52 ± 0.07
G_007,LLLLFLLGTLLGALLAYLILI,-31.69,1.15 ± 0.16,27769.04 ± 3197.11,856.7399999999998,-3.85 ± 0.54
G_008,LLLLFLLATLLGYLLSILILI,-31.69,0.42 ± 0.04,10144.31 ± 757.88,981.0300000000002,-2.49 ± 0.23
G_009,LLLYLLLGALLGILLSTLILI,-29.9,0.75 ± 0.08,18110.57 ± 1480.07,861.8400000000006,-3.35 ± 0.34
G_010,LLLYGLLFLLLGVLLASLILI,-28.77,0.32 ± 0.06,7753.35 ± 1117.78,834.4100000000003,-1.31 ± 0.23
G_011,LLLSTLLGALLGLLLAVLILI,-28.31,0.91 ± 0.09,22028.98 ± 1790.19,895.2199999999998,-3.58 ± 0.36
G_012,LLLTFLLGLLLGYLLASLILI,-33.27,1.23 ± 0.08,29663.61 ± 1648.92,999.8900000000004,-3.93 ± 0.27
G_013,LLLYGLLFLLLGVLLATLILI,-27.64,0.4 ± 0.04,9715.75 ± 723.68,920.3399999999996,-2.39 ± 0.22
G_014,LLLLVLLTGLLFGLLYALILI,-26.51,0.31 ± 0.08,7449.0 ± 1550.69,858.8700000000003,-0.06 ± 0.01
G_015,LLLLVLLGALLGTLLSFLILI,-24.93,0.44 ± 0.07,10698.82 ± 1319.36,672.1800000000003,-2.6 ± 0.39
G_016,LLLYSLLFALLGALLTLLILI,-24.61,0.36 ± 0.04,8566.66 ± 784.05,670.6299999999997,-1.99 ± 0.22
G_017,LLLYLLLGALLGVLLSTLILI,-24.54,0.84 ± 0.22,20308.52 ± 4272.83,793.2199999999998,-3.48 ± 0.9
G_018,LLLVTLLLGLLFGLLFALILI,-22.79,0.83 ± 0.23,20071.61 ± 4462.74,966.84,-3.47 ± 0.95
G_019,LLLAGLLFLLLGVLLATLILI,-22.42,0.33 ± 0.01,8008.88 ± 113.5,908.0899999999996,-1.62 ± 0.03
G_020,LLLTVLLLGLLFGLLFALILI,-22.26,0.5 ± 0.05,12113.19 ± 1044.33,801.1499999999996,-2.81 ± 0.3
G_021,LLLTFLLAVLLGLLLGILILI,-21.45,0.65 ± 0.11,15745.46 ± 2129.17,1141.4900000000002,-3.18 ± 0.53
G_022,LLLTFLLAILLGLLLGVLILI,-21.01,0.64 ± 0.05,15482.14 ± 1044.16,1039.7199999999998,-3.15 ± 0.26
G_023,LLLTFLLALLLGYLLGSLILI,-20.12,0.95 ± 0.14,22882.88 ± 2667.67,890.3900000000003,-3.62 ± 0.52
G_024,LLLTFLLAVLLGLLLGSLILI,-27.01,0.6 ± 0.14,14569.02 ± 2705.79,871.8599999999997,-3.08 ± 0.7
G_025,LLLYVLLGALLGILLTLLILI,-33.55,0.95 ± 0.1,22981.17 ± 2005.76,863.2000000000003,-3.62 ± 0.39
G_026,LLLYFLLGVLLGTLLGLLILI,-33.58,1.07 ± 0.03,25828.5 ± 608.46,1220.5599999999995,-3.76 ± 0.11
G_027,LLLYLLLGALLGALLTFLILI,-34.32,1.12 ± 0.17,27098.55 ± 3413.73,806.1699999999996,-3.82 ± 0.59
G_028,LLLYVLLGLLLGFLLSTLILI,-52.21,1.04 ± 0.05,24963.03 ± 1048.35,963.6600000000004,-3.72 ± 0.19
G_029,LLLYLLLGALLGFLLSTLILI,-48.02,1.11 ± 0.17,26779.09 ± 3318.31,959.4899999999998,-3.8 ± 0.58
G_030,LLLFYLLGVLLGLLLASLILI,-47.35,0.92 ± 0.1,22069.86 ± 1936.59,1084.4999999999995,-3.58 ± 0.39
G_031,LLLAYLLGTLLGLLLGFLILI,-45.74,1.14 ± 0.15,27435.49 ± 2873.05,1024.08,-3.83 ± 0.49
G_032,LLLALLLGLLLGTLLSFLILI,-45.31,1.04 ± 0.05,24962.81 ± 983.04,841.6399999999999,-3.72 ± 0.18
G_033,LLLSYLLGVLLGLLLGTLILI,-44.36,0.95 ± 0.08,22852.24 ± 1647.82,1011.9599999999996,-3.62 ± 0.32
G_034,LLLALLLGTLLGFLLSILILI,-43.23,1.26 ± 0.1,30385.92 ± 1928.07,856.4799999999996,-3.96 ± 0.31
G_035,LLLSYLLGVLLGTLLGFLILI,-42.81,0.79 ± 0.12,18987.42 ± 2262.5,906.3799999999997,-3.4 ± 0.5
G_036,LLLSYLLGLLLGTLLGFLILI,-42.79,0.83 ± 0.06,20083.55 ± 1117.45,952.23,-3.47 ± 0.24
G_037,LLLTYLLGVLLGLLLGFLILI,-42.23,0.87 ± 0.19,21057.24 ± 3692.97,1015.2999999999996,-3.52 ± 0.76
G_038,LLLAYLLGVLLGLLLGSLILI,-41.95,1.11 ± 0.12,26845.31 ± 2359.28,1026.7700000000004,-3.81 ± 0.41
G_039,LLLSYLLGVLLGLLLATLILI,-41.31,1.03 ± 0.11,24833.59 ± 2211.47,968.2600000000002,-3.71 ± 0.41
G_040,LLLAYLLGLLLGFLLGTLILI,-39.49,1.11 ± 0.11,26844.3 ± 2140.63,1030.2200000000005,-3.81 ± 0.37
G_041,LLLSYLLGLLLGFLLSTLILI,-38.42,1.09 ± 0.18,26194.56 ± 3519.78,934.1900000000004,-3.78 ± 0.62
G_042,LLLALLLGVLLGTLLGFLILI,-38.02,0.95 ± 0.12,22973.83 ± 2273.39,911.91,-3.62 ± 0.44
G_043,LLLTVLLGILLGLLLAFLILI,-37.57,0.71 ± 0.06,17082.11 ± 1082.28,818.1499999999996,-3.28 ± 0.25
G_044,LLLALLLGLLLGVLLGSLILI,-37.44,1.04 ± 0.21,25122.72 ± 4037.33,936.1699999999996,-3.73 ± 0.74
G_045,LLLTLLLGLLLGVLLGSLILI,-37.29,0.91 ± 0.21,21902.99 ± 4125.36,891.7999999999997,-3.57 ± 0.83
G_046,LLLAFLLGTLLGVLLGLLILI,-37.15,1.33 ± 0.24,32042.91 ± 4794.19,1011.1099999999996,-4.02 ± 0.74
G_047,LLLYLLLGILLGTLLAFLILI,-36.83,0.53 ± 0.04,12848.57 ± 730.76,870.7100000000005,-2.9 ± 0.2
G_048,LLLAYLLGVLLGLLLAFLILI,-35.55,1.12 ± 0.09,27006.59 ± 1800.91,974.56,-3.81 ± 0.31
G_049,LLLYFLLATLLGLLLGVLILI,-35.12,0.36 ± 0.02,8621.18 ± 478.06,1104.0099999999998,-2.02 ± 0.14
G_050,LLLYVLLGLLLGTLLAFLILI,-34.97,0.32 ± 0.14,7720.58 ± 2817.31,944.4100000000004,-1.25 ± 0.56
G_051,LLLYLLLGTLLGILLAFLILI,-19.35,0.43 ± 0.07,10469.56 ± 1447.66,675.8600000000001,-2.55 ± 0.43
G_052,LLLYFLLATLLGVLLGLLILI,-19.14,0.34 ± 0.05,8231.72 ± 888.34,877.5,-1.8 ± 0.24
G_053,LLLTVLLALLLGFLLGSLILI,-9.61,0.78 ± 0.07,18720.23 ± 1373.62,498.8699999999999,-3.39 ± 0.3
G_054,LLLYVLLTLLLGGLLFALILI,-13.73,0.32 ± 0.04,7600.14 ± 760.79,791.0599999999995,-0.98 ± 0.12
G_055,LLLVLLLATLLGSLLGTLILI,-13.7,0.31 ± 0.07,7456.58 ± 1340.55,727.3799999999997,-0.17 ± 0.04
G_056,LLLTALLFLLLGVLLASLILI,-16.15,0.82 ± 0.11,19750.96 ± 2118.14,916.33,-3.45 ± 0.45
G_057,LLLVTLLFSLLGALLSLLILI,-17.19,0.48 ± 0.05,11597.92 ± 955.13,920.5199999999996,-2.74 ± 0.28
G_058,LLLTSLLVGLLAYLLGLLILI,-11.56,0.41 ± 0.02,9983.29 ± 312.18,768.4300000000003,-2.45 ± 0.09
G_059,LLLTALLLALLFGLLFSLILI,-13.75,0.38 ± 0.03,9116.73 ± 672.37,842.3100000000004,-2.21 ± 0.2
G_060,LLLAALLALLLGVLLGTLILI,-17.8,0.39 ± 0.04,9480.13 ± 745.63,758.8299999999995,-2.33 ± 0.22
G_061,LLLTALLAGLLFLLLSVLILI,-13.06,0.31 ± 0.02,7567.07 ± 331.23,920.0899999999996,-0.87 ± 0.05
G_062,LLLTALLFLLLGVLLGILILI,-13.97,0.72 ± 0.06,17311.43 ± 1142.39,867.8499999999999,-3.29 ± 0.27
L_001,LLLLYVLLATLLFLLSLLILI,-21.98,0.41 ± 0.16,9677.31 ± 3106.77,982.5500000000006,-2.44 ± 0.94
L_002,LLLLTLLVALLLFLISLLILI,-26.31,0.41 ± 0.26,9542.24 ± 5102.16,969.13,-2.4 ± 1.54
L_003,LLLVALLLLLFLLLTSLLILI,-22.22,0.48 ± 0.23,11353.05 ± 4520.8,883.7299999999996,-2.75 ± 1.31
L_004,LLLLYFLLATLVALLLSLILI,-31.23,0.47 ± 0.13,11046.32 ± 2494.35,956.09,-2.7 ± 0.73
L_005,LLLVSLLILLTALLFLLLILI,-22.28,0.35 ± 0.11,8174.02 ± 2132.8,992.16,-1.89 ± 0.59
L_006,LLLLWTLIALLLVLFSLLILI,-28.25,0.32 ± 0.08,7451.37 ± 1641.81,1043.56,-1.09 ± 0.29
L_007,LLLLTLLLALIVLLFSLLILI,-21.35,0.47 ± 0.12,11067.4 ± 2371.34,848.7599999999998,-2.7 ± 0.69
L_008,LLLLAILLTLLAVLFSLLILI,-25.76,0.61 ± 0.06,14387.41 ± 1162.57,839.7600000000002,-3.09 ± 0.3
L_009,LLLYALLLTLIVLLFSLLILI,-8.65,0.55 ± 0.3,12845.58 ± 5802.08,814.8700000000003,-2.94 ± 1.59
L_010,LLLLWYLVSLLILLTFLLILI,-34.36,0.48 ± 0.16,11370.25 ± 3068.38,867.0300000000007,-2.75 ± 0.89
L_011,LLLLALLFLLTSLLYVLLILI,-31.34,0.36 ± 0.04,8349.63 ± 766.32,1052.1,-1.99 ± 0.22
L_012,LLLLVSLLILLTALLFLLILI,-34.32,0.41 ± 0.11,9611.95 ± 2213.71,916.7900000000004,-2.42 ± 0.67
L_013,LLLLSYLVALLLTLFLLLILI,-31.72,0.37 ± 0.28,8805.9 ± 5416.21,967.1799999999998,-2.18 ± 1.61
L_014,LLLLAYLLALLFLLTSLLILI,-24.92,0.32 ± 0.07,7491.26 ± 1423.35,1137.3499999999997,-1.18 ± 0.27
L_015,LLLLAYLTVLLSILFLLLILI,-16.04,0.38 ± 0.08,8998.27 ± 1606.42,739.6699999999996,-2.25 ± 0.48
L_016,LLLLFLLLAVLYLLLSTLILI,-32.17,0.32 ± 0.14,7472.28 ± 2811.55,965.44,-1.14 ± 0.51
L_017,LLLAALLLLLVTLLFSLLILI,-17.48,0.53 ± 0.08,12460.74 ± 1539.72,933.6899999999996,-2.89 ± 0.43
L_018,LLLLFALLTILVALLSLLILI,-28.01,0.36 ± 0.05,8555.83 ± 907.54,899.0100000000002,-2.09 ± 0.26
L_019,LLLYALLFVLTALLLSLLILI,-20.96,0.49 ± 0.08,11588.0 ± 1580.06,905.8300000000004,-2.78 ± 0.45
L_020,LLLLFVLLAILYLLLSTLILI,-37.79,0.35 ± 0.08,8164.89 ± 1473.19,993.6499999999996,-1.89 ± 0.41
L_021,LLLVALLTILLALLFSLLILI,-27.98,0.41 ± 0.15,9725.53 ± 2906.65,818.7100000000005,-2.45 ± 0.88
L_022,LLLLLALLLILVTLLSFLILI,-28.35,0.32 ± 0.1,7548.73 ± 1995.31,830.8900000000003,-1.29 ± 0.41
L_023,LLLLAVLLFLLALLTSLLILI,-27.1,0.41 ± 0.08,9722.51 ± 1654.53,978.2600000000002,-2.45 ± 0.5
L_024,LLLLVALLLLLTSLLFLLILI,-44.48,0.48 ± 0.05,11172.17 ± 889.17,1036.5500000000002,-2.72 ± 0.26
L_025,LLLYALLLVLITLLFSLLILI,-11.73,0.35 ± 0.12,8269.0 ± 2276.47,849.02,-1.95 ± 0.64
L_026,LLLLYWLLTLLVALLSFLILI,-29.15,0.42 ± 0.06,9941.38 ± 1139.05,779.7399999999998,-2.5 ± 0.34
L_027,LLLLSYLLAVLFTLLLILILI,-32.13,0.34 ± 0.08,8058.9 ± 1490.37,983.1300000000006,-1.82 ± 0.4
L_028,LLLYTLLAVLIALLLSLLILI,-16.38,0.44 ± 0.09,10245.23 ± 1730.74,893.1999999999998,-2.56 ± 0.52
L_029,LLLFALLLILTALLYVLLILI,-12.21,0.37 ± 0.12,8634.58 ± 2364.06,941.7600000000002,-2.12 ± 0.69
L_030,LLLLVALLLLLTALLFILILI,-41.95,0.43 ± 0.16,10083.57 ± 3102.61,1004.35,-2.53 ± 0.93
L_031,LLLLLALLFVLTSLLYLLILI,-41.84,0.41 ± 0.04,9687.55 ± 783.38,1015.98,-2.44 ± 0.24
L_032,LLLLFWLLAVLTALLYLLILI,-41.58,0.38 ± 0.06,8925.76 ± 1236.29,1179.39,-2.23 ± 0.37
L_033,LLLLILLLALLFVLTSLLILI,-30.54,0.35 ± 0.14,8160.7 ± 2756.42,860.79,-1.89 ± 0.76
L_034,LLLVALLLILTFLLASLLILI,-19.85,0.35 ± 0.06,8314.28 ± 1235.64,923.4199999999996,-1.97 ± 0.35
L_035,LLLLYWLLTILAFLLSLLILI,-40.46,0.4 ± 0.13,9314.86 ± 2541.64,1013.1899999999996,-2.34 ± 0.77
L_036,LLLLYVLIALLLLLTSLLILI,-13.11,0.36 ± 0.29,8543.48 ± 5667.02,1008.5299999999996,-2.08 ± 1.65
L_037,LLLLAVLLLILTLLLSFLILI,-30.86,0.38 ± 0.2,8821.42 ± 3830.13,796.4500000000003,-2.19 ± 1.14
L_038,LLLLYALLFLLTALLFSLILI,-26.79,0.45 ± 0.14,10490.18 ± 2794.96,1008.4500000000004,-2.61 ± 0.83
L_039,LLLLFLLLLALTVLLSILILI,-32.09,0.33 ± 0.1,7664.31 ± 1928.24,959.84,-1.46 ± 0.44
R_001,LLLTALLVALLAYLLSFLILI,-16.55,0.5 ± 0.04,11528.86 ± 843.32,773.6200000000003,-2.81 ± 0.24
R_002,LLLFYLLVALLISLLTLLILI,-16.35,0.34 ± 0.05,7824.08 ± 893.74,896.0100000000002,-1.79 ± 0.24
R_003,LLLFYLLVALLLTLLSLLILI,-16.26,0.4 ± 0.08,9163.14 ± 1575.69,769.2099999999996,-2.36 ± 0.48
R_004,LLLYFLLVALLLALLSTLILI,-16.58,0.32 ± 0.03,7280.81 ± 617.11,819.6599999999994,-1.1 ± 0.11
R_005,LLLLALLVALLSTLLIFLILI,-18.12,0.39 ± 0.06,8988.07 ± 1223.99,702.5099999999998,-2.31 ± 0.37
R_006,LLLTALLIALLFVLLSLLILI,-16.08,0.33 ± 0.01,7578.21 ± 165.94,817.6199999999999,-1.57 ± 0.04
R_007,LLLAYLLVLLLATLLSFLILI,-10.19,0.34 ± 0.07,7718.99 ± 1462.55,770.2100000000005,-1.71 ± 0.38
R_008,LLLTALLIALLFLLLSVLILI,-10.55,0.4 ± 0.04,9163.48 ± 826.19,816.1899999999996,-2.36 ± 0.25
R_009,LLLAALLLSLLFTLLVFLILI,-10.66,0.46 ± 0.05,10457.8 ± 917.19,775.29,-2.65 ± 0.27
R_010,LLLTYLLIVLLALLLSFLILI,-11.69,0.41 ± 0.02,9290.46 ± 338.46,751.71,-2.4 ± 0.1
R_011,LLLYVLLTILLALLLAFLILI,-11.94,0.32 ± 0.09,7424.89 ± 1850.52,603.5699999999997,-1.38 ± 0.4
R_012,LLLTYLLAVLLAILLFLLILI,-12.11,0.32 ± 0.07,7235.63 ± 1323.45,885.9400000000005,-0.98 ± 0.21
R_013,LLLVYLLTALLLALLSFLILI,-12.66,0.33 ± 0.07,7517.81 ± 1431.86,448.1400000000003,-1.51 ± 0.34
R_014,LLLTYLLVALLIALLFLLILI,-12.88,0.37 ± 0.05,8423.55 ± 1026.69,948.9499999999998,-2.12 ± 0.3
R_015,LLLYALLTTLLSVLLFLLILI,-16.09,0.44 ± 0.07,10095.09 ± 1455.71,751.6999999999994,-2.58 ± 0.43
R_016,LLLTVLLALLLAFLLSILILI,-12.94,0.35 ± 0.06,7985.45 ± 1194.06,662.2799999999997,-1.9 ± 0.33
R_017,LLLVYLLLALLTSLLFILILI,-13.89,0.39 ± 0.03,8951.73 ± 542.54,708.2099999999996,-2.3 ± 0.16
R_018,LLLTVLLLALLFALLSILILI,-14.11,0.36 ± 0.06,8183.38 ± 1102.73,723.3600000000001,-2.01 ± 0.32
R_019,LLLYALLVALLSLLLFTLILI,-15.04,0.35 ± 0.03,7945.9 ± 504.21,824.1600000000003,-1.87 ± 0.14
R_020,LLLYILLTALLVALLSLLILI,-15.06,0.31 ± 0.05,7223.84 ± 1007.95,695.98,-0.94 ± 0.15
R_021,LLLFYLLITLLVALLSLLILI,-15.25,0.34 ± 0.09,7823.05 ± 1841.42,659.0499999999997,-1.79 ± 0.49
R_022,LLLYTLLIALLAVLLSLLILI,-15.58,0.37 ± 0.05,8376.2 ± 1069.97,864.3100000000004,-2.1 ± 0.31
R_023,LLLYLLLATLLFVLLSILILI,-15.7,0.31 ± 0.03,7215.59 ± 646.0,838.02,-0.91 ± 0.1
R_024,LLLYVLLTILLALLLSFLILI,-15.76,0.34 ± 0.13,7894.42 ± 2632.87,478.2299999999996,-1.84 ± 0.72
R_025,LLLTYLLVFLLALLLSILILI,-13.66,0.34 ± 0.09,7687.35 ± 1769.35,905.4199999999996,-1.68 ± 0.45
R_026,LLLYVLLIALLATLLSLLILI,-15.04,0.33 ± 0.06,7528.7 ± 1219.82,600.9300000000003,-1.52 ± 0.29
R_027,LLLYTLLISLLFVLLALLILI,-26.81,0.31 ± 0.08,7076.67 ± 1616.82,862.48,0.25 ± 0.07
R_028,LLLSYLLFTLLALLLAVLILI,-27.41,0.38 ± 0.03,8827.18 ± 515.33,890.9899999999998,-2.26 ± 0.15
R_029,LLLTYLLTILLAFLLSLLILI,-17.5,0.41 ± 0.05,9443.65 ± 886.54,856.7800000000002,-2.44 ± 0.27
R_030,LLLYSLLLALLAVLLTILILI,-17.72,0.31 ± 0.22,7074.35 ± 4413.44,675.4400000000005,0.32 ± 0.23
R_031,LLLFYLLVALLTALLSLLILI,-20.62,0.39 ± 0.03,8975.17 ± 562.0,713.4300000000003,-2.31 ± 0.17
R_032,LLLVYLLITLLFALLSLLILI,-20.57,0.43 ± 0.04,9779.97 ± 841.94,815.7400000000002,-2.51 ± 0.25
R_033,LLLFYLLTALLIALLSLLILI,-20.0,0.38 ± 0.03,8722.63 ± 502.84,879.0699999999997,-2.23 ± 0.15
R_034,LLLYWLLVALLLALLSTLILI,-19.98,0.36 ± 0.01,8301.55 ± 135.83,923.0700000000002,-2.06 ± 0.04
R_035,LLLFALLTILLAYLLSLLILI,-19.95,0.4 ± 0.06,9072.93 ± 1138.8,892.1099999999997,-2.34 ± 0.34
R_036,LLLTYLLLALLVSLLFILILI,-19.87,0.47 ± 0.09,10680.53 ± 1835.61,801.9899999999998,-2.68 ± 0.54
R_037,LLLYSLLFTLLAVLLALLILI,-19.77,0.32 ± 0.1,7439.4 ± 1907.78,751.0,-1.4 ± 0.42
R_038,LLLYTLLVSLLAILLTLLILI,-19.61,0.33 ± 0.09,7579.26 ± 1857.0,763.21,-1.58 ± 0.45
R_039,LLLSYLLVFLLALLLATLILI,-19.53,0.48 ± 0.07,11020.05 ± 1341.42,907.6100000000006,-2.74 ± 0.39
R_040,LLLTYLLFTLLAVLLSLLILI,-22.18,0.36 ± 0.04,8197.29 ± 877.19,882.1799999999994,-2.01 ± 0.25
R_041,LLLTYLLVALLTFLLSLLILI,-19.5,0.59 ± 0.25,13502.29 ± 4920.69,855.0199999999995,-3.04 ± 1.29
R_042,LLLLTLLIALLFVLLYSLILI,-19.44,0.43 ± 0.06,9826.43 ± 1145.41,845.19,-2.52 ± 0.34
R_043,LLLLTLLATLLAVLLSFLILI,-19.38,0.37 ± 0.03,8372.99 ± 537.78,726.8299999999999,-2.09 ± 0.16
R_044,LLLFYLLLTLLVALLSILILI,-17.85,0.48 ± 0.06,11016.4 ± 1227.01,781.52,-2.74 ± 0.36
R_045,LLLYSLLVALLTLLLFILILI,-17.88,0.31 ± 0.13,7195.74 ± 2459.61,811.9000000000001,-0.84 ± 0.34
R_046,LLLVYLLLALLFTLLSLLILI,-19.07,0.47 ± 0.06,10675.84 ± 1239.74,778.4199999999996,-2.68 ± 0.36
R_047,LLLYVLLTALLFALLSLLILI,-19.06,0.32 ± 0.06,7236.3 ± 1130.54,792.25,-0.98 ± 0.18
R_048,LLLLTLLIALLVALLSFLILI,-18.94,0.34 ± 0.07,7834.61 ± 1374.68,711.9999999999995,-1.8 ± 0.37
R_049,LLLVALLLALLFALLSTLILI,-18.56,0.36 ± 0.04,8188.45 ± 787.5,861.7699999999995,-2.01 ± 0.23
R_050,LLLLALLFALLTVLLSILILI,-18.52,0.44 ± 0.02,10127.25 ± 442.57,737.6599999999999,-2.59 ± 0.13
R_051,LLLYILLVALLATLLTLLILI,-18.48,0.34 ± 0.11,7897.51 ± 2224.22,621.0200000000004,-1.84 ± 0.61
R_052,LLLTYLLVALLIALLSLLILI,-18.14,0.36 ± 0.02,8176.79 ± 298.18,795.7399999999998,-2.0 ± 0.09
R_053,LLLAILLLTLLFVLLSLLILI,-19.44,0.33 ± 0.06,7503.19 ± 1109.55,713.2100000000005,-1.49 ± 0.26
R_054,LLLVYLLIALLFSLLTLLILI,-22.22,0.34 ± 0.04,7724.4 ± 877.45,856.9899999999998,-1.71 ± 0.23
R_055,LLLLVLLITLLFALLSYLILI,-17.49,0.32 ± 0.06,7415.62 ± 1256.6,868.5900000000006,-1.37 ± 0.27
R_056,LLLYALLTSLLVALLFLLILI,-22.5,0.34 ± 0.02,7740.12 ± 302.92,797.79,-1.73 ± 0.08
R_057,LLLYALLVALLTALLSLLILI,-16.67,0.35 ± 0.08,8102.61 ± 1477.24,804.9000000000001,-1.96 ± 0.42
R_058,LLLSYLLTLLLAFLLSILILI,-26.9,0.55 ± 0.08,12574.31 ± 1628.41,860.5599999999995,-2.94 ± 0.45
R_059,LLLTYLLIALLLALLFVLILI,-18.08,0.4 ± 0.01,9113.52 ± 182.41,871.3499999999999,-2.35 ± 0.05
R_060,LLLSYLLFVLLALLLSTLILI,-26.54,0.39 ± 0.07,8860.57 ± 1317.91,841.3099999999995,-2.28 ± 0.4
R_061,LLLVYLLTALLIALLSLLILI,-16.69,0.37 ± 0.05,8480.79 ± 1049.24,875.4900000000002,-2.14 ± 0.31
R_062,LLLLYLLVALLISLLFTLILI,-25.89,0.39 ± 0.18,9033.16 ± 3567.37,770.23,-2.33 ± 1.07
R_063,LLLSYLLVLLLAFLLTILILI,-25.39,0.35 ± 0.08,7983.86 ± 1557.39,855.2300000000005,-1.9 ± 0.43
R_064,LLLLVLLIALLFTLLSYLILI,-25.24,0.33 ± 0.04,7622.85 ± 827.9,744.8399999999997,-1.62 ± 0.21
R_065,LLLYTLLVSLLALLLAFLILI,-25.05,0.31 ± 0.07,7071.09 ± 1374.94,666.5900000000001,0.43 ± 0.1
R_066,LLLYALLTALLSVLLFLLILI,-17.19,0.37 ± 0.03,8389.82 ± 611.21,702.0699999999997,-2.1 ± 0.18
R_067,LLLAILLVTLLFTLLSLLILI,-17.29,0.36 ± 0.09,8158.18 ± 1693.45,753.7200000000003,-1.99 ± 0.48
R_068,LLLYWLLVALLISLLTLLILI,-24.44,0.32 ± 0.03,7275.89 ± 492.14,1006.7499999999995,-1.09 ± 0.09
R_069,LLLYTLLIALLVLLLFSLILI,-24.33,0.31 ± 0.18,7120.3 ± 3620.56,820.1799999999998,-0.41 ± 0.24
R_070,LLLVYLLTALLISLLFLLILI,-24.25,0.37 ± 0.07,8555.51 ± 1351.7,1009.2499999999995,-2.17 ± 0.4
R_071,LLLWYLLLVLLATLLSFLILI,-24.21,0.35 ± 0.07,8066.87 ± 1380.2,732.1099999999997,-1.95 ± 0.39
R_072,LLLFVLLATLLAYLLSLLILI,-23.75,0.36 ± 0.03,8318.06 ± 496.54,910.29,-2.07 ± 0.14
R_073,LLLYSLLVALLFALLTLLILI,-23.75,0.37 ± 0.07,8525.48 ± 1339.64,891.8299999999999,-2.16 ± 0.4
R_074,LLLSYLLVFLLATLLSLLILI,-23.6,0.39 ± 0.06,9011.34 ± 1113.28,884.6399999999999,-2.32 ± 0.34
R_075,LLLVYLLLALLTALLSILILI,-23.55,0.36 ± 0.11,8313.3 ± 2182.82,828.8299999999999,-2.07 ± 0.63
R_076,LLLYSLLLTLLFALLVILILI,-23.43,0.36 ± 0.02,8193.26 ± 418.28,782.0799999999999,-2.01 ± 0.12
R_077,LLLLYLLVTLLFALLSILILI,-23.2,0.37 ± 0.07,8502.68 ± 1350.1,774.7699999999995,-2.15 ± 0.4
R_078,LLLATLLISLLFTLLVLLILI,-23.06,0.43 ± 0.09,9771.93 ± 1857.31,902.02,-2.51 ± 0.56
R_079,LLLYLLLTTLLVALLSFLILI,-17.43,0.44 ± 0.05,10101.62 ± 1022.26,672.8100000000004,-2.58 ± 0.31
R_080,LLLYALLLALLVSLLFTLILI,-22.59,0.38 ± 0.06,8637.38 ± 1268.91,826.8000000000006,-2.2 ± 0.38
R_081,LLLYSLLLALLFALLTILILI,-22.52,0.45 ± 0.06,10229.35 ± 1202.26,827.2799999999997,-2.6 ± 0.36
R_082,LLLTALLLALLAVLLSFLILI,-16.65,0.4 ± 0.06,9119.13 ± 1252.03,772.27,-2.35 ± 0.38
R_083,LLLYALLLTLLVALLSILILI,-10.03,0.33 ± 0.05,7610.17 ± 1038.32,748.0900000000006,-1.61 ± 0.26
