WT Sequence,Mutant Sequence,Region,WTAA,MutAA,WT_MUT,Position,SASA Percent
LLLTSLLAVLLALLFSLLILI,LLLTSLLAVLLALLASLLILI,L,F,A,All,14,0.7965709773842423
LLLSYLLVALLTILLFLLILI,LLLSYLLVALLTILLALLILI,R,F,A,All,15,0.753596118583647
LLLVTLLLGLLFALLSTLILI,LLLVTLLLGLLAALLSTLILI,G,F,A,All,11,0.8253593983712817
LLLLLLLLFILAVLLSTLILI,LLLLLLLLAILAVLLSTLILI,L,F,A,All,8,0.8088590141330573
LLLLAVLLFLLATLISLLILI,LLLLAVLLALLATLISLLILI,L,F,A,All,8,0.8386692458006823
LLLYFLLVALLTLLLSILILI,LLLYALLVALLTLLLSILILI,R,F,A,All,4,0.7959090195257298
LLLLVALLLTLISLLFLLILI,LLLLVALLLTLISLLALLILI,L,F,A,All,15,0.859450633327214
LLLLFVLLITLALLLLSLILI,LLLLFVLLITLALLLASLILI,L,L,A,All,15,0.8224491486315394
LLLVSLLLFLIALLLTLLILI,LLLVSLLAFLIALLLTLLILI,L,L,A,All,7,0.8195300783202798
LLLALLLTVLLGGLLFSLILI,LLLAALLTVLLGGLLFSLILI,G,L,A,All,4,0.8743645778896862
LLLAGLLFLLLGTLLSYLILI,LLLAGLLFLLLGTLLSALILI,G,Y,A,All,16,0.9261011196504515
LLLSYLLVLLLAFLLTILILI,LLLSALLVLLLAFLLTILILI,R,Y,A,All,4,0.7509621402793871
LLLLVLLTTLLGGLLFALILI,LLLLVLLTTLLGGLLAALILI,G,F,A,All,15,0.8672708277654956
LLLAYLLLSLLITLLFVLILI,LLLAALLLSLLITLLFVLILI,R,Y,A,All,4,0.8598108662893478
LLLLVLLIALLFTLLSYLILI,LLLLVLLIALLFTLLSALILI,R,Y,A,All,16,0.8337004991326376
LLLLYVLLALLFTLISLLILI,LLLLYVLLALLATLISLLILI,L,F,A,All,11,0.8084145921124318
LLLYTLLISLLVALLFLLILI,LLLYTLLISLLVALLALLILI,R,F,A,All,15,0.8779689043508139
LLLYTLLVSLLALLLAFLILI,LLLYTLLVSLLAALLAFLILI,R,L,A,All,12,0.8906131603673508
LLLYVLLFLLLGALLGTLILI,LLLYVLLFALLGALLGTLILI,G,L,A,All,8,0.9427885140299158
LLLSYLLFVLLALLLATLILI,LLLSALLFVLLALLLATLILI,R,Y,A,All,4,0.7900645912455299
LLLLAYLLALLFLLTSLLILI,LLLLAYLLALLALLTSLLILI,L,F,A,All,11,0.855364907996487
LLLTYLLFVLLAILLSLLILI,LLLTALLFVLLAILLSLLILI,R,Y,A,All,4,0.8448981907941397
LLLYALLVALLFTLLSLLILI,LLLYALLVALLFTLLSALILI,R,L,A,All,16,0.9587189364400807
LLLASLLLALLFVLLYTLILI,LLLASLLLALLFVLLATLILI,R,Y,A,All,15,0.8530556674145235
LLLTSLLLGLLFALLAYLILI,LLLTSLLLGLLAALLAYLILI,G,F,A,All,11,0.811684481741704
LLLTVLLASLLGALLFGLILI,LLLTALLASLLGALLFGLILI,G,V,A,All,4,0.9475935558171028
LLLYSLLFALLGALLTLLILI,LLLYSLLAALLGALLTLLILI,G,F,A,All,7,0.7713103001711301
LLLTALLVGLLGGLLFLLILI,LLLTALLVGLLGGLLALLILI,G,F,A,All,15,0.884790783262662
LLLLLTLLAVLISLLFLLILI,LLLLLTLLAVLISLLFALILI,L,L,A,All,16,0.9636809289928151
LLLLIFLLATLYVLLLLLILI,LLLLAFLLATLYVLLLLLILI,L,I,A,All,4,0.8886083280245555
LLLLTLLVALLLFLISLLILI,LLLLTLLVALLAFLISLLILI,L,L,A,All,11,0.9154402200170961
LLLLVLLTGLLFGLLYALILI,LLLLVLLTGLLFGLLAALILI,G,Y,A,All,15,0.9223792063217982
LLLVALLTILLALLFSLLILI,LLLVALLTALLALLFSLLILI,L,I,A,All,8,0.9566149536737767
LLLVALLFLLTSLLYLLLILI,LLLVALLALLTSLLYLLLILI,L,F,A,All,7,0.844233068466772
LLLLTLLVGLLFALLYGLILI,LLLLTLLVGLLFALLAGLILI,G,Y,A,All,15,0.9364006266362463
LLLLVLLIGLLFGLLFALILI,LLLLVLLIGLLAGLLFALILI,G,F,A,All,11,0.7996931560934267
LLLLSTLTSLLAVLLFLLILI,LLLLSTLTSLLAVLLALLILI,L,F,A,All,15,0.786975796788881
LLLYVLLFTLLGALLGLLILI,LLLYVLLATLLGALLGLLILI,G,F,A,All,7,0.7738378351315492
LLLYSLLIALLFVLLTLLILI,LLLYSLLAALLFVLLTLLILI,R,I,A,All,7,0.9144601605324977
LLLTVLLGLLLGFLLSALILI,LLLTVLLGALLGFLLSALILI,G,L,A,All,8,0.9006751843772723
LLLYGLLFLLLGVLLATLILI,LLLYGLLFALLGVLLATLILI,G,L,A,All,8,0.9141772176999574
LLLLILLTTLLAYLLSFLILI,LLLLILLTTLLAALLSFLILI,R,Y,A,All,12,0.7998973431973136
LLLSYLLVILLTLLLAFLILI,LLLSALLVILLTLLLAFLILI,R,Y,A,All,4,0.7204159079219894
LLLLWYLLSTLVALLFLLILI,LLLLWYLLSTLVALLALLILI,L,F,A,All,15,0.7079979179024075
LLLLILLATLLAYLLSFLILI,LLLLALLATLLAYLLSFLILI,R,I,A,All,4,0.8652250686697683
LLLSYLLFTLLALLLAVLILI,LLLSALLFTLLALLLAVLILI,R,Y,A,All,4,0.7912415869642224
LLLLAVLLFLLALLTSLLILI,LLLLAVLLALLALLTSLLILI,L,F,A,All,8,0.8566430956956549
LLLTFLLAVLLGLLLGSLILI,LLLTALLAVLLGLLLGSLILI,G,F,A,All,4,0.7882707061313887
LLLVALLALLLGTLLSFLILI,LLLAALLALLLGTLLSFLILI,G,V,A,All,3,0.9349268430857722
LLLSYLLFTLLALLLSILILI,LLLSALLFTLLALLLSILILI,R,Y,A,All,4,0.7604693015851041
LLLAALLFSLLGLLLGTLILI,LLLAALLFSLLGALLGTLILI,G,L,A,All,12,0.8763213312412256
LLLSYLLTLLLAFLLSILILI,LLLSALLTLLLAFLLSILILI,R,Y,A,All,4,0.7405838474997701
LLLLLLLLFVLATLLSILILI,LLLLALLLFVLATLLSILILI,L,L,A,All,4,0.9076609988968771
LLLLYALLFLLTALLFSLILI,LLLLYALLALLTALLFSLILI,L,F,A,All,8,0.8364435196968145
LLLYTLLVLLLAFLLSILILI,LLLYTLLVALLAFLLSILILI,R,L,A,All,8,0.8828885865538758
LLLLFALLALLYVLTSLLILI,LLLLAALLALLYVLTSLLILI,L,F,A,All,4,0.8405279376073737
LLLYTLLIALLFVLLSLLILI,LLLYTLLIALLFVLLSALILI,R,L,A,All,16,0.9180809696591364
LLLYSLLVALLFTLLFLLILI,LLLYSLLVALLFTLLALLILI,R,F,A,All,15,0.8413244210210595
LLLSYLLFVLLALLLSTLILI,LLLSALLFVLLALLLSTLILI,R,Y,A,All,4,0.7842165568604981
LLLFALLASLLGILLTLLILI,LLLFALLASLLGALLTLLILI,G,I,A,All,12,0.9574339060588332
LLLLFALLTILVALLSLLILI,LLLLFALLTALVALLSLLILI,L,I,A,All,9,0.9152874792859685
LLLYLLLGALLGVLLSTLILI,LLLYALLGALLGVLLSTLILI,G,L,A,All,4,0.8816053975369111
LLLYTLLIALLVLLLFSLILI,LLLYTLLAALLVLLLFSLILI,R,I,A,All,7,0.9184312372125123
LLLVTLLLGLLFGLLFALILI,LLLVTLLLGLLAGLLFALILI,G,F,A,All,11,0.8369227602724347
LLLASLLVGLLFLLLGLLILI,LLLASLLVGLLALLLGLLILI,G,F,A,All,11,0.8206709187192902
LLLLWALLFVLATLLSLLILI,LLLLAALLFVLATLLSLLILI,L,W,A,All,4,0.9302140209636918
LLLYSLLALLLGTLLGFLILI,LLLYSLLAALLGTLLGFLILI,G,L,A,All,8,0.873440558903688
LLLYFLLAILVTLLLSLLILI,LLLYFLLAILVTLLASLLILI,L,L,A,All,14,0.9262471135132947
LLLYALLLALLVSLLFTLILI,LLLYALLLALLVSLLATLILI,R,F,A,All,15,0.8882865950790176
LLLATLLVGLLFLLLGLLILI,LLLATLLVGLLALLLGLLILI,G,F,A,All,11,0.8228260532276916
LLLYTLLVALLALLLGLLILI,LLLYTLLVALLAALLGLLILI,G,L,A,All,12,0.8933294597632908
LLLYSLLLALLFALLTILILI,LLLYSLLAALLFALLTILILI,R,L,A,All,7,0.9281962870778432
LLLYALLTSLLVALLFLLILI,LLLYALLTSLLVALLALLILI,R,F,A,All,15,0.8959505591524423
LLLLFLLLTALLVLLSILILI,LLLLALLLTALLVLLSILILI,L,F,A,All,4,0.8686535540097549
LLLLLILTALLFVLLSLLILI,LLLLAILTALLFVLLSLLILI,L,L,A,All,4,0.9096231111276841
LLLAGLLFLLLGVLLATLILI,LLLAGLLFLLLGALLATLILI,G,V,A,All,12,0.9552875392841111
LLLLAYLLLTLAVLLFSLILI,LLLLAYLLLTLAVLLASLILI,L,F,A,All,15,0.8153687412907273
LLLVSLLILLTALLFLLLILI,LLLVSLLILLTALLALLLILI,L,F,A,All,14,0.7742753837946779
LLLTVLLLGLLFGLLFALILI,LLLTVLLLGLLFGLLAALILI,G,F,A,All,15,0.8902963939923727
LLLYWLLVALLITLLFLLILI,LLLYALLVALLITLLFLLILI,R,W,A,All,4,0.9342328102066163
LLLVYLLIALLFSLLTLLILI,LLLVYLLIALLASLLTLLILI,R,F,A,All,11,0.8115542264958359
LLLTYLLFTLLAVLLSLLILI,LLLTALLFTLLAVLLSLLILI,R,Y,A,All,4,0.8018639868941536
LLLYWLLTALLLSLLFVLILI,LLLYWLLTALLASLLFVLILI,R,L,A,All,11,0.9137081835022343
LLLLVALLTILFLLLSLLILI,LLLLVALLTALFLLLSLLILI,L,I,A,All,9,0.9838752152334644
LLLYTLLVGLLFALLGLLILI,LLLYTLLVGLLAALLGLLILI,G,F,A,All,11,0.7774317439006944
LLLLALLVALLFALLSTLILI,LLLLALLAALLFALLSTLILI,R,V,A,All,7,0.9357571973041058
LLLFSLLTALLGLLLGVLILI,LLLFSLLTALLGALLGVLILI,G,L,A,All,12,0.8812360616552282
LLLALLLGLLLGTLLGFLILI,LLLAALLGLLLGTLLGFLILI,G,L,A,All,4,0.8559147009057431
LLLFYLLVALLTLLLSILILI,LLLFALLVALLTLLLSILILI,R,Y,A,All,4,0.7285328753680079
LLLSYLLIALLTVLLWLLILI,LLLSYLLIALLTVLLALLILI,R,W,A,All,15,0.7278927913390782
LLLAVLLFSLLGLLLGTLILI,LLLAVLLFSLLGALLGTLILI,G,L,A,All,12,0.8834176257417073
LLLYWLLVALLISLLTLLILI,LLLYALLVALLISLLTLLILI,R,W,A,All,4,0.8601258618659481
LLLVALLFALLGLLLGTLILI,LLLVALLFALLGALLGTLILI,G,L,A,All,12,0.8856760246783686
LLLLVLLTILLAYLLSFLILI,LLLLVLLTILLAALLSFLILI,R,Y,A,All,12,0.7912944223719742
LLLYTLLVSLLFALLILLILI,LLLYTLLVSLLAALLILLILI,R,F,A,All,11,0.8411768357023157
LLLTVLLAILLGLLLGFLILI,LLLTVLLAALLGLLLGFLILI,G,I,A,All,8,0.9405065015350117
LLLATLLVGLLFGLLFLLILI,LLLATLLVGLLAGLLFLLILI,G,F,A,All,11,0.8276326924212312
LLLVYLLTALLISLLFLLILI,LLLVALLTALLISLLFLLILI,R,Y,A,All,4,0.8025308745075312
LLLWYLLLVLLATLLSFLILI,LLLWALLLVLLATLLSFLILI,R,Y,A,All,4,0.8502961224717848
LLLYSLLLTLLATLLVFLILI,LLLYSLLATLLATLLVFLILI,R,L,A,All,7,0.9141059327893784
LLLFALLLVLITLLLSLLILI,LLLFALLAVLITLLLSLLILI,L,L,A,All,7,0.9299809770679607
LLLYILLATLLTLLLSFLILI,LLLYALLATLLTLLLSFLILI,R,I,A,All,4,0.8552242483982252
LLLYFLLAVLLGLLLGSLILI,LLLYALLAVLLGLLLGSLILI,G,F,A,All,4,0.7968298744039228
LLLVALLLLLTSLLFSLLILI,LLLVALLLLLTSLLASLLILI,L,F,A,All,14,0.8938923731090261
LLLFVLLATLLAYLLSLLILI,LLLFVLLATLLAALLSLLILI,R,Y,A,All,12,0.8421478341373085
LLLLYVLLALLFTLLSILILI,LLLLYVLLALLATLLSILILI,L,F,A,All,11,0.8075080238422748
LLLLFLLLAILLVLLSTLILI,LLLLALLLAILLVLLSTLILI,L,F,A,All,4,0.8151158833982383
LLLSYLLVFLLATLLSLLILI,LLLSALLVFLLATLLSLLILI,R,Y,A,All,4,0.7487258901434166
LLLYLLLFVLIALLLTLLILI,LLLYLLLFVLIALLATLLILI,L,L,A,All,14,0.8671021156518124
LLLVYLLLALLTALLSILILI,LLLVALLLALLTALLSILILI,R,Y,A,All,4,0.8331449843781166
LLLLYWLLAVLLSLLFTLILI,LLLLYWLLAVLLSLLATLILI,L,F,A,All,15,0.8703066801763872
LLLAGLLFLLLGVLLGTLILI,LLLAGLLFLLLGALLGTLILI,G,V,A,All,12,0.9236800348464572
LLLVALLLTLLGGLLFALILI,LLLVALLLTLLGGLLAALILI,G,F,A,All,15,0.8581776342455183
LLLLYLLLFILAVLLSTLILI,LLLLALLLFILAVLLSTLILI,L,Y,A,All,4,0.8866410787057714
LLLYVLLATLLAFLLSLLILI,LLLYVLLATLLAALLSLLILI,R,F,A,All,12,0.8730067104408694
LLLYALLFTLVALLLSLLILI,LLLYALLFTLVALLASLLILI,L,L,A,All,14,0.9203579158936301
LLLLALLTTLLAFLLSILILI,LLLLALLTTLLAALLSILILI,R,F,A,All,12,0.8417352066944404
LLLLYLLVTLLFALLSILILI,LLLLALLVTLLFALLSILILI,R,Y,A,All,4,0.7709723130586443
LLLTALLFALLAYLLSLLILI,LLLTALLFALLAALLSLLILI,R,Y,A,All,12,0.8113179383615767
LLLATLLISLLFTLLVLLILI,LLLATLLISLLATLLVLLILI,R,F,A,All,11,0.8270795540137695
LLLYVLLATLLGGLLFLLILI,LLLYVLLATLLGGLLALLILI,G,F,A,All,15,0.8761153255402232
LLLYLLLATLLFVLLSLLILI,LLLYLLLATLLFVLLSALILI,R,L,A,All,16,0.8959889244525739
LLLSFLLVLLLGTLLAYLILI,LLLSFLLVLLLGTLLAALILI,G,Y,A,All,16,0.8387063596365928
LLLLVFLLALLYLLTSLLILI,LLLLVFLLALLALLTSLLILI,L,Y,A,All,11,0.7529635063695004
LLLLLLLLAVLYTLLSFLILI,LLLLALLLAVLYTLLSFLILI,L,L,A,All,4,0.9155388593452701
LLLLVALLLTLIALLFSLILI,LLLLVALLATLIALLFSLILI,L,L,A,All,8,0.8828854645634426
LLLALLLGVLLGTLLGFLILI,LLLAALLGVLLGTLLGFLILI,G,L,A,All,4,0.9096883932525464
LLLLVALLLLLTSLIFLLILI,LLLLVALLLLLTSLIALLILI,L,F,A,All,15,0.8867119890084396
LLLLFVLLAILYLLLSTLILI,LLLLFVLLAILALLLSTLILI,L,Y,A,All,11,0.8817581908694478
LLLTVLLGILLGLLLAFLILI,LLLTVLLGALLGLLLAFLILI,G,I,A,All,8,0.9561040251780689
LLLLFVLLAILYTLLLSLILI,LLLLAVLLAILYTLLLSLILI,L,F,A,All,4,0.795997363658238
LLLLLALLFVLTWLLSLLILI,LLLLLALLFVLTWLLSALILI,L,L,A,All,16,0.9637157454714357
LLLALLLGLLLGVLLGSLILI,LLLALLLGALLGVLLGSLILI,G,L,A,All,8,0.8717666194448814
LLLTLLLGLLLGVLLGSLILI,LLLTLLLGALLGVLLGSLILI,G,L,A,All,8,0.8482986101322209
LLLAFLLGTLLGVLLGLLILI,LLLAALLGTLLGVLLGLLILI,G,F,A,All,4,0.8338245718762826
LLLVALLLLLTALLFSLLILI,LLLVALLLLLTALLASLLILI,L,F,A,All,14,0.9003544292068196
LLLFALLLLLVTLLYSLLILI,LLLFALLLLLVTLLASLLILI,L,Y,A,All,14,0.7655615157057456
LLLLAILLAVLFLLLSTLILI,LLLLAILLAVLALLLSTLILI,L,F,A,All,11,0.8874498303490113
LLLLVALLTILLSLLFLLILI,LLLLVALLTALLSLLFLLILI,L,I,A,All,9,0.9713800825458672
LLLLFVLLLLLATLISLLILI,LLLLAVLLLLLATLISLLILI,L,F,A,All,4,0.8670036673604914
LLLLAVLTALLLLLFSLLILI,LLLLAVLTALLALLFSLLILI,L,L,A,All,11,0.9072432746958148
LLLAYLLGVLLGLLLAFLILI,LLLAYLLGVLLGALLAFLILI,G,L,A,All,12,0.9076093615978438
LLLYFLLALLLGTLLGSLILI,LLLYALLALLLGTLLGSLILI,G,F,A,All,4,0.8647458747432778
LLLLALLTALLYVLFSLLILI,LLLLALLTALLAVLFSLLILI,L,Y,A,All,11,0.9061182926484314
LLLYFLLATLLGLLLGVLILI,LLLYALLATLLGLLLGVLILI,G,F,A,All,4,0.8573696411014999
LLLLIFLLAVLYLLLSTLILI,LLLLIFLLAVLALLLSTLILI,L,Y,A,All,11,0.8281158400750378
LLLLVLLLTILLFLLSALILI,LLLLVLLLTILLALLSALILI,L,F,A,All,12,0.8299977364469758
LLLLVLLLLALTFLLSILILI,LLLLVLLLAALTFLLSILILI,L,L,A,All,8,0.914389337909114
LLLLVLLLATLYLLLAFLILI,LLLLVLLLATLYALLAFLILI,L,L,A,All,12,0.8875716242548186
LLLLWYLVSLLILLTFLLILI,LLLLWYLVSLLILLTALLILI,L,F,A,All,15,0.7438347448330341
LLLLVSLLILLTALLFLLILI,LLLLVSLLILLTALLALLILI,L,F,A,All,15,0.8945051421806796
LLLYLLLASLLGILLAFLILI,LLLYALLASLLGILLAFLILI,G,L,A,All,4,0.8267710857274714
LLLLVALLLILTSLLFLLILI,LLLLVALLAILTSLLFLLILI,L,L,A,All,8,0.8806969349570635
LLLLVALLLTLLALLFILILI,LLLLVALLATLLALLFILILI,L,L,A,All,8,0.8934268512196631
LLLLAFLLTVLLLLLSILILI,LLLLAALLTVLLLLLSILILI,L,F,A,All,5,0.8368182844365134
LLLLAALVFLLTSLILLLILI,LLLLAALVALLTSLILLLILI,L,F,A,All,8,0.9128520343717196
LLLFYLLGVLLGLLLASLILI,LLLAYLLGVLLGLLLASLILI,G,F,A,All,3,0.785076992310552
LLLAYLLGTLLGLLLGFLILI,LLLAYLLGTLLGALLGFLILI,G,L,A,All,12,0.9196972825452682
LLLALLLGLLLGTLLSFLILI,LLLALLLGALLGTLLSFLILI,G,L,A,All,8,0.8881849195850444
LLLYTLLAILLGLLLGFLILI,LLLYTLLAALLGLLLGFLILI,G,I,A,All,8,0.9406496477813237
LLLLVALLLLLTALLFSLILI,LLLLVALLLLLTALLASLILI,L,F,A,All,15,0.8016837957054254
LLLLVALLLLLTSLLFLLILI,LLLLVALLLLLTSLLALLILI,L,F,A,All,15,0.8924858792351139
LLLSYLLGVLLGLLLGTLILI,LLLSALLGVLLGLLLGTLILI,G,Y,A,All,4,0.7837006166482919
LLLLWVLLATLYLLLSFLILI,LLLLWVLLATLALLLSFLILI,L,Y,A,All,11,0.8452200853345898
LLLTFLLGLLLGVLLAILILI,LLLTALLGLLLGVLLAILILI,G,F,A,All,4,0.8794771570657322
LLLALLLGFLLGTLLGVLILI,LLLALLLGALLGTLLGVLILI,G,F,A,All,8,0.8608011059037727
LLLALLLGTLLGFLLSILILI,LLLAALLGTLLGFLLSILILI,G,L,A,All,4,0.9034963782536012
LLLSYLLGVLLGTLLGFLILI,LLLSALLGVLLGTLLGFLILI,G,Y,A,All,4,0.7232473715283451
LLLSYLLGLLLGTLLGFLILI,LLLSALLGLLLGTLLGFLILI,G,Y,A,All,4,0.7535954895121595
LLLLFLLLAILYVLLSTLILI,LLLLALLLAILYVLLSTLILI,L,F,A,All,4,0.8713694086602775
LLLTYLLGVLLGLLLGFLILI,LLLTALLGVLLGLLLGFLILI,G,Y,A,All,4,0.8725074052584978
LLLAYLLGVLLGLLLGSLILI,LLLAYLLGVLLGALLGSLILI,G,L,A,All,12,0.9285513756316677
LLLLVALLLLLTALLFILILI,LLLLVALLLLLTALLFALILI,L,I,A,All,16,0.9795990586903052
LLLLLALLFVLTSLLYLLILI,LLLLLALLAVLTSLLYLLILI,L,F,A,All,8,0.8633730513822823
LLLLLFLLAVLTYLLSLLILI,LLLLLALLAVLTYLLSLLILI,L,F,A,All,5,0.8212034781402521
LLLLFWLLAVLTALLYLLILI,LLLLFALLAVLTALLYLLILI,L,W,A,All,5,0.9601579836723058
LLLSYLLGVLLGLLLATLILI,LLLSALLGVLLGLLLATLILI,G,Y,A,All,4,0.7517612929962706
LLLLLALLFVLTSLLAILILI,LLLLLALLAVLTSLLAILILI,L,F,A,All,8,0.8596934339967973
LLLLVALLLFLLYLLSTLILI,LLLLVALLAFLLYLLSTLILI,L,L,A,All,8,0.9019836197509827
LLLLYWLLTILAFLLSLLILI,LLLLYWLLTILAALLSLLILI,L,F,A,All,12,0.8062617522510809
LLLYVLLGILLGLLLAFLILI,LLLYVLLGILLGALLAFLILI,G,L,A,All,12,0.9028775794543239
LLLAYLLGLLLGFLLGTLILI,LLLAALLGLLLGFLLGTLILI,G,Y,A,All,4,0.8409898321695456
LLLLALLFILTYLLAVLLILI,LLLLALLFALTYLLAVLLILI,L,I,A,All,8,0.9677575982974854
LLLSYLLGLLLGFLLSTLILI,LLLSALLGLLLGFLLSTLILI,G,Y,A,All,4,0.7797640044149611
LLLYALLLLLVTLLFSLLILI,LLLYALLALLVTLLFSLLILI,L,L,A,All,7,0.8518603876981385
LLLLAILLALLFVLTSLLILI,LLLLAALLALLFVLTSLLILI,L,I,A,All,5,0.9863178545425125
LLLLALLLFVLTLLLSILILI,LLLLALLLFVLTALLSILILI,L,L,A,All,12,0.8942002949002593
LLLLALLILLTSLLFVLLILI,LLLLALLIALTSLLFVLLILI,L,L,A,All,8,0.9448463779009677
LLLLALLTVLLALLFSLLILI,LLLLALLTALLALLFSLLILI,L,V,A,All,8,0.9875755580824704
LLLLLFLLAILYVLLLTLILI,LLLLAFLLAILYVLLLTLILI,L,L,A,All,4,0.8650232273604924
LLLLTVLLAILFLLLSLLILI,LLLLTVLLAILALLLSLLILI,L,F,A,All,11,0.9034469290108391
LLLLILLLALLFVLTSLLILI,LLLLALLLALLFVLTSLLILI,L,I,A,All,4,0.9355989635240185
LLLLYILLALLFVLLSTLILI,LLLLYALLALLFVLLSTLILI,L,I,A,All,5,0.890613410056418
LLLSYLLFTLLAILLTLLILI,LLLSALLFTLLAILLTLLILI,R,Y,A,All,4,0.7751861951519202
LLLYLLLGALLGILLSTLILI,LLLYALLGALLGILLSTLILI,G,L,A,All,4,0.806428352255293
LLLWTLLVFLLAILLSLLILI,LLLATLLVFLLAILLSLLILI,R,W,A,All,3,0.8212392960690441
LLLLIVLTWLLALLFSLLILI,LLLLIVLTALLALLFSLLILI,L,W,A,All,8,0.991695508713157
LLLLVLLLAILTFLLSLLILI,LLLLVLLLAILTALLSLLILI,L,F,A,All,12,0.8573662132960472
LLLYGLLFALLGTLLSLLILI,LLLYGLLAALLGTLLSLLILI,G,F,A,All,7,0.7902695257087641
LLLLLVLLAILLFLLSTLILI,LLLLLVLLAILAFLLSTLILI,L,L,A,All,11,0.8797980983683523
LLLLTLLIALLFLLVSLLILI,LLLLTLLIALLFALVSLLILI,L,L,A,All,12,0.9536787758996725
LLLYFLLAVLLGLLLGTLILI,LLLYALLAVLLGLLLGTLILI,G,F,A,All,4,0.8475942961885666
LLLLFVLLWTLALLLSILILI,LLLLFVLLATLALLLSILILI,L,W,A,All,8,0.8630655515486326
LLLYGLLFLLLGVLLASLILI,LLLYGLLFALLGVLLASLILI,G,L,A,All,8,0.8798979948479635
LLLAYLLGVLLGLLLTFLILI,LLLAALLGVLLGLLLTFLILI,G,Y,A,All,4,0.8182446859089061
LLLLAVLLFILALLLSTLILI,LLLLAVLLAILALLLSTLILI,L,F,A,All,8,0.8537992751715895
LLLLTLLLFILALLLSVLILI,LLLLTLLLAILALLLSVLILI,L,F,A,All,8,0.8507502759464224
LLLLVTLLAILLYLLSLLILI,LLLLVTLLAILLALLSLLILI,L,Y,A,All,12,0.8305794966345262
LLLLLALLLILVTLLSFLILI,LLLLLALLAILVTLLSFLILI,L,L,A,All,8,0.873019898556379
LLLSTLLGALLGLLLAVLILI,LLLSTLLGALLGALLAVLILI,G,L,A,All,12,0.8803453392688522
LLLYGLLFALLGILLTLLILI,LLLYGLLAALLGILLTLLILI,G,F,A,All,7,0.8660408033784717
LLLLWTLIALLLVLFSLLILI,LLLLATLIALLLVLFSLLILI,L,W,A,All,4,0.911655372700871
LLLYALLFLLTSLLFSLLILI,LLLYALLALLTSLLFSLLILI,L,F,A,All,7,0.8233707823230815
LLLYILLGLLLGTLLAFLILI,LLLYALLGLLLGTLLAFLILI,G,I,A,All,4,0.8906534191166491
LLLLYFLLATLVALLLSLILI,LLLLYALLATLVALLLSLILI,L,F,A,All,5,0.8043279932854066
LLLLVALLLILTLLLSFLILI,LLLLVALLAILTLLLSFLILI,L,L,A,All,8,0.889870660734747
LLLLALLYVLTFLLASLLILI,LLLLALLYVLTALLASLLILI,L,F,A,All,11,0.8276728730914775
LLLLAVLLALLLILLSTLILI,LLLLAVLLALLAILLSTLILI,L,L,A,All,11,0.9264168139940916
LLLLVALLTILFYLLSLLILI,LLLLVALLTILFYLLSALILI,L,L,A,All,16,0.9387556996295237
LLLLTLLVGLLFALLSILILI,LLLLTLLVGLLAALLSILILI,G,F,A,All,11,0.8247054236700744
LLLYFLLGVLLGTLLGLLILI,LLLYALLGVLLGTLLGLLILI,G,F,A,All,4,0.7854854498531639
LLLYVLLGALLGILLTLLILI,LLLYVLLGALLGALLTLLILI,G,I,A,All,12,0.9521631543719449
LLLLALLFILVTLLLSLLILI,LLLLALLAILVTLLLSLLILI,L,F,A,All,7,0.8268230314787053
LLLLLWLLTVLIALLSFLILI,LLLLLALLTVLIALLSFLILI,L,W,A,All,5,0.8963615170059532
LLLTFLLGLLLGYLLASLILI,LLLTFLLGLLLGALLASLILI,G,Y,A,All,12,0.7926700227658965
LLLVGLLFALLGILLTLLILI,LLLVGLLFALLGALLTLLILI,G,I,A,All,12,0.950889933351312
LLLYFLLAVLITLLLSLLILI,LLLYALLAVLITLLLSLLILI,L,F,A,All,4,0.7798909921754341
LLLYFLLGTLLGALLGLLILI,LLLYALLGTLLGALLGLLILI,G,F,A,All,4,0.7532938200762583
LLLTVLLGLLLGLLLGFLILI,LLLTVLLGLLLGALLGFLILI,G,L,A,All,12,0.8694777827696126
LLLYLLLGALLGTLLSFLILI,LLLYALLGALLGTLLSFLILI,G,L,A,All,4,0.8132055620325866
LLLVGLLFALLGILLSLLILI,LLLVGLLFALLGALLSLLILI,G,I,A,All,12,0.9260675932909523
LLLLFILLAVLLTLLLSLILI,LLLLFILLAVLATLLLSLILI,L,L,A,All,11,0.8855922304175148
LLLVALLLFLLSLLYTLLILI,LLLVALLLFLLSLLATLLILI,L,Y,A,All,14,0.7937534627823378
LLLLVLLLAILFTLLSLLILI,LLLLVLLLAILATLLSLLILI,L,F,A,All,11,0.8255308040375915
LLLLVALLLILFLLLSTLILI,LLLLVALLAILFLLLSTLILI,L,L,A,All,8,0.9124957180375294
LLLLIVLLFTLALLLSLLILI,LLLLIVLLATLALLLSLLILI,L,F,A,All,8,0.8551676809268625
LLLLFLLLAVLYLLLSTLILI,LLLLFLLLAVLALLLSTLILI,L,Y,A,All,11,0.8116271386666931
LLLLTYLLAILFVLLLSLILI,LLLLTYLLAILAVLLLSLILI,L,F,A,All,11,0.8990988546295352
LLLLFLLLLALTVLLSILILI,LLLLALLLLALTVLLSILILI,L,F,A,All,4,0.8646922467503254
LLLYILLGLLLGTLLASLILI,LLLYALLGLLLGTLLASLILI,G,I,A,All,4,0.913477352535894
LLLLAVLLLTLALLLSFLILI,LLLLAVLLATLALLLSFLILI,L,L,A,All,8,0.8826199869159252
LLLLVLLLLTLIALLSFLILI,LLLLVLLLATLIALLSFLILI,L,L,A,All,8,0.9070995977189338
LLLLFLLATLLGYLLSILILI,LLLLALLATLLGYLLSILILI,G,F,A,All,4,0.8040869062595626
LLLLFLLGTLLGALLAYLILI,LLLLALLGTLLGALLAYLILI,G,F,A,All,4,0.7752476019652185
LLLSTLLGLLLGVLLAILILI,LLLSTLLGALLGVLLAILILI,G,L,A,All,8,0.8961042501567572
LLLLALLFLLTSLLYVLLILI,LLLLALLFLLTSLLAVLLILI,L,Y,A,All,14,0.8702365579580734
LLLYVLLGLLLGFLLSTLILI,LLLAVLLGLLLGFLLSTLILI,G,Y,A,All,3,0.7969446865227873
LLLTFLLAVLLGLLLGILILI,LLLTALLAVLLGLLLGILILI,G,F,A,All,4,0.8423971220496619
LLLTYLLVALLAILLSLLILI,LLLTALLVALLAILLSLLILI,R,Y,A,All,4,0.7806104253189602
LLLVGLLLILLGALLATLILI,LLLVGLLLALLGALLATLILI,G,I,A,All,8,0.8864850498338874
LLLYLLLATLLAILLFSLILI,LLLYALLATLLAILLFSLILI,R,L,A,All,4,0.8454815819680683
LLLYILLTALLVALLSLLILI,LLLYILLTALLVALLSALILI,R,L,A,All,16,0.824303211226739
LLLFVLLTILLGALLSLLILI,LLLFVLLTALLGALLSLLILI,G,I,A,All,8,0.9210885604011866
LLLYALLVALLSLLLFTLILI,LLLYALLVALLSLLLATLILI,R,F,A,All,15,0.8375155597435981
LLLYVLLIALLATLLSLLILI,LLLYVLLAALLATLLSLLILI,R,I,A,All,7,0.9173658614792641
LLLTALLIGLLFGLLVLLILI,LLLTALLAGLLFGLLVLLILI,G,I,A,All,7,0.9091978382960686
LLLYSLLTALLVALLFLLILI,LLLYSLLAALLVALLFLLILI,R,T,A,All,7,0.947764317305191
LLLYALLLTLLSILLVFLILI,LLLYALLATLLSILLVFLILI,R,L,A,All,7,0.8913225515146547
LLLYALLLALLFSLLVTLILI,LLLYALLAALLFSLLVTLILI,R,L,A,All,7,0.9350794425464994
LLLAYLLVFLLALLLSTLILI,LLLAALLVFLLALLLSTLILI,R,Y,A,All,4,0.7430196546280563
LLLAYLLTTLLALLLSFLILI,LLLAALLTTLLALLLSFLILI,R,Y,A,All,4,0.7574903574183597
LLLLYLLTALLIALLFVLILI,LLLLALLTALLIALLFVLILI,R,Y,A,All,4,0.8022959724992568
LLLLILLSTLLATLLVFLILI,LLLLALLSTLLATLLVFLILI,R,I,A,All,4,0.8544641977740574
LLLVLLLTGLLFALLAYLILI,LLLVLLLTGLLAALLAYLILI,G,F,A,All,11,0.8233419424004677
LLLFALLLVLITLLYSLLILI,LLLFALLLVLITLLASLLILI,L,Y,A,All,14,0.7740797426651791
LLLTYLLLALLISLLFVLILI,LLLTYLLLALLASLLFVLILI,R,I,A,All,11,0.8995017686135799
LLLTVLLLALLFALLSILILI,LLLTVLLLALLAALLSILILI,R,F,A,All,11,0.813215252386153
LLLTILLAVLLAYLLSLLILI,LLLTALLAVLLAYLLSLLILI,R,I,A,All,4,0.858848949125909
LLLTALLFLLLGVLLGILILI,LLLTALLALLLGVLLGILILI,G,F,A,All,7,0.8306036964246717
LLLYVLLFTLLAALLSLLILI,LLLYVLLFTLLAALLSALILI,R,L,A,All,16,0.9325360824742266
LLLFYLLVALLLTLLSTLILI,LLLFALLVALLLTLLSTLILI,R,Y,A,All,4,0.8214004100299634
LLLVYLLLALLTSLLFILILI,LLLVALLLALLTSLLFILILI,R,Y,A,All,4,0.8374674144877159
LLLAYLLLTLLVALLSILILI,LLLAALLLTLLVALLSILILI,R,Y,A,All,4,0.8644114897809665
LLLVSLLLTLLAYLLALLILI,LLLVSLLLTLLAALLALLILI,R,Y,A,All,12,0.8238798773978018
LLLAYLLFALLTVLLSLLILI,LLLAALLFALLTVLLSLLILI,R,Y,A,All,4,0.7621803992583969
LLLTALLLALLFGLLFSLILI,LLLTALLLALLAGLLFSLILI,G,F,A,All,11,0.8347865159945698
LLLTSLLAVLIALLFLLLILI,LLLTSLLAVLIALLALLLILI,L,F,A,All,14,0.813567670435464
LLLYVLLTLLLGGLLFALILI,LLLYVLLTLLLGGLLAALILI,G,F,A,All,15,0.8694981539059461
LLLTALLVALLSLLLFILILI,LLLTALLVALLSLLLAILILI,R,F,A,All,15,0.7902764971712822
LLLFYLLITLLVALLSLLILI,LLLFYLLITLLVALLSALILI,R,L,A,All,16,0.8295158299758815
LLLTALLLLLVALLFSLLILI,LLLTALLALLVALLFSLLILI,L,L,A,All,7,0.9039291818568025
LLLFALLVALLTLLLSILILI,LLLAALLVALLTLLLSILILI,R,F,A,All,3,0.8516231922579705
LLLYTLLAVLIALLLSLLILI,LLLYTLLAVLIALLASLLILI,L,L,A,All,14,0.8991075822261233
LLLFYLLVILLALLLSTLILI,LLLFALLVILLALLLSTLILI,R,Y,A,All,4,0.7809198456380083
LLLFYLLVALLISLLTLLILI,LLLFALLVALLISLLTLLILI,R,Y,A,All,4,0.7855810096403023
LLLYALLTALLFVLLSLLILI,LLLYALLTALLFVLLSALILI,R,L,A,All,16,0.9376229030946864
LLLYILLATLLAFLLSLLILI,LLLYILLATLLAALLSLLILI,R,F,A,All,12,0.8403859786178264
LLLFYLLVALLLTLLSLLILI,LLLFALLVALLLTLLSLLILI,R,Y,A,All,4,0.7790378086241541
LLLATLLVALLFLLLSILILI,LLLATLLVALLALLLSILILI,R,F,A,All,11,0.8677970239350185
LLLYALLVTLLFTLLSLLILI,LLLYALLVTLLFTLLSALILI,R,L,A,All,16,0.9585338397021177
LLLYALLALLLGTLLGFLILI,LLLYALLAALLGTLLGFLILI,G,L,A,All,8,0.8560630087747129
LLLYILLLALLTVLLSFLILI,LLLYILLLALLTVLLSALILI,R,F,A,All,16,0.8541799409645914
LLLYALLTTLLSVLLFLLILI,LLLYALLTTLLSVLLALLILI,R,F,A,All,15,0.8348965293302195
LLLTALLIALLFVLLSLLILI,LLLTALLAALLFVLLSLLILI,R,I,A,All,7,0.930561063179894
LLLLAYLTVLLSILFLLLILI,LLLLAYLTVLLSILALLLILI,L,F,A,All,14,0.7522253172392448
LLLTALLFLLVALLLSLLILI,LLLTALLFLLVALLASLLILI,L,L,A,All,14,0.9237193292642788
LLLYSLLLALLATLLVFLILI,LLLYSLLAALLATLLVFLILI,R,L,A,All,7,0.9112372701222876
LLLAYLLVALLTLLLSFLILI,LLLAALLVALLTLLLSFLILI,R,Y,A,All,4,0.8667753655749696
LLLTALLFLLLGYLLGSLILI,LLLTALLFLLLGALLGSLILI,G,Y,A,All,12,0.815012174190716
LLLYVLLTILLALLLSFLILI,LLLYVLLTALLALLLSFLILI,R,I,A,All,8,0.9552413100994439
LLLLAVLIFLLATLLSLLILI,LLLLAVLIFLLATLASLLILI,L,L,A,All,14,0.8870790770990129
LLLVALLIALLLSLLFTLILI,LLLVALLAALLLSLLFTLILI,R,I,A,All,7,0.9502715155504362
LLLYLLLATLLFVLLSILILI,LLLYLLLATLLFVLLSALILI,R,I,A,All,16,0.9596263934920152
LLLALLLVTLLAYLLSFLILI,LLLALLLVTLLAALLSFLILI,R,Y,A,All,12,0.7753290809622785
LLLAALLFSLLTTLLVLLILI,LLLAALLFSLLTTLLVALILI,R,L,A,All,16,0.9631636803341759
LLLYTLLIALLAVLLSLLILI,LLLYTLLIALLAVLLSALILI,R,L,A,All,16,0.9031801286211578
LLLYALLVALLITLLFLLILI,LLLYALLVALLATLLFLLILI,R,I,A,All,11,0.8795966167859475
LLLYALLTALLGLLLGFLILI,LLLYALLTALLGALLGFLILI,G,L,A,All,12,0.8646307747020147
LLLTALLVALLFALLSLLILI,LLLTALLVALLFALLSALILI,R,L,A,All,16,0.9481636562941304
LLLSYLLVALLITLLFLLILI,LLLSALLVALLITLLFLLILI,R,Y,A,All,4,0.8528283910920568
LLLTYLLVFLLALLLSILILI,LLLTALLVFLLALLLSILILI,R,Y,A,All,4,0.7332359839948491
LLLTLLLAVLLAYLLSFLILI,LLLTALLAVLLAYLLSFLILI,R,L,A,All,4,0.8651997203041691
LLLYALLLVLITLLFSLLILI,LLLYALLLVLITLLASLLILI,L,F,A,All,14,0.7641982261016474
LLLTYLLIVLLALLLSFLILI,LLLTALLIVLLALLLSFLILI,R,Y,A,All,4,0.8815461018997816
LLLYALLFALLTVLLSLLILI,LLLYALLFALLTVLLSALILI,R,L,A,All,16,0.9374389381127244
LLLTSLLVGLLAYLLGLLILI,LLLTSLLVGLLAALLGLLILI,G,Y,A,All,12,0.7609898727370493
LLLYALLLALLVSLLTILILI,LLLYALLLALLVSLLTALILI,R,I,A,All,16,0.921611476758536
LLLAYLLIALLVSLLTLLILI,LLLAALLIALLVSLLTLLILI,R,Y,A,All,4,0.7376273030391555
LLLYALLFALLLSLLVTLILI,LLLYALLFALLASLLVTLILI,R,L,A,All,11,0.9563359322335698
LLLYVLLTTLLFALLSLLILI,LLLYVLLTTLLFALLSALILI,R,L,A,All,16,0.8934346121014928
LLLSYLLVALLTILLWLLILI,LLLSYLLVALLTILLALLILI,R,W,A,All,15,0.7472844184177287
LLLSTLLVALLFYLLALLILI,LLLSTLLVALLFALLALLILI,R,Y,A,All,12,0.8524191313096059
LLLYVLLAILLTLLLSFLILI,LLLYVLLAALLTLLLSFLILI,R,I,A,All,8,0.9726586278801681
LLLYLLLATLLAVLLSILILI,LLLYALLATLLAVLLSILILI,R,L,A,All,4,0.8261671867498794
LLLYALLLSLLTALLVFLILI,LLLYALLASLLTALLVFLILI,R,L,A,All,7,0.9094034166792482
LLLTALLIALLFLLLSVLILI,LLLTALLAALLFLLLSVLILI,R,I,A,All,7,0.9140680067083106
LLLYVLLFALLTVLLSLLILI,LLLYVLLFALLTVLLSALILI,R,L,A,All,16,0.894281868764656
LLLAYLLVLLLATLLSFLILI,LLLAALLVLLLATLLSFLILI,R,Y,A,All,4,0.7870506404664619
LLLYALLLTLLVALLSILILI,LLLYALLLTLLVALLSALILI,R,I,A,All,16,0.9350021202162624
LLLYALLLSLLFALLTILILI,LLLYALLLSLLAALLTILILI,R,F,A,All,11,0.8313191705889834
LLLYVLLATLLTFLLSLLILI,LLLYVLLATLLTALLSLLILI,R,F,A,All,12,0.878563872497165
LLLTVLLALLLGFLLGSLILI,LLLTVLLAALLGFLLGSLILI,G,L,A,All,8,0.9112434091640468
LLLFTLLVALLAYLLSLLILI,LLLFTLLVALLAALLSLLILI,R,Y,A,All,12,0.8044150652656964
LLLLALLVSLLIALLFTLILI,LLLLALLVSLLAALLFTLILI,R,I,A,All,11,0.9060325248673142
LLLYLLLFTLLAVLLSILILI,LLLYALLFTLLAVLLSILILI,R,L,A,All,4,0.8437539138058188
LLLYALLLTLIVLLFSLLILI,LLLYALLLTLIVLLASLLILI,L,F,A,All,14,0.7547584700065821
LLLAILLFTLLAYLLSLLILI,LLLAILLFTLLAALLSLLILI,R,Y,A,All,12,0.8513397120227685
LLLYILLTLLLGALLAFLILI,LLLYILLTALLGALLAFLILI,G,L,A,All,8,0.9104074987397646
LLLTALLIALLSVLLFLLILI,LLLTALLIALLSVLLALLILI,R,F,A,All,15,0.8620312405032522
LLLVLLLATLLGSLLGTLILI,LLLVALLATLLGSLLGTLILI,G,L,A,All,4,0.8771682431926525
LLLYLLLSTLLAFLLAILILI,LLLYALLSTLLAFLLAILILI,R,L,A,All,4,0.8385008612546532
LLLYVLLATLLSLLLFILILI,LLLYVLLATLLSLLLAILILI,R,F,A,All,15,0.784235610411829
LLLYALLLTLLSVLLFILILI,LLLYALLLTLLSVLLAILILI,R,F,A,All,15,0.8278659439352969
LLLTSLLVALLALLLFILILI,LLLTSLLVALLALLLAILILI,R,F,A,All,15,0.7558439913891353
LLLVALLIALLFTLLSLLILI,LLLVALLAALLFTLLSLLILI,R,I,A,All,7,0.9119983043028317
LLLLTLLVALLSTLLIFLILI,LLLLTLLVALLSTLLAFLILI,R,I,A,All,15,0.8899674898762329
LLLALLLVTLLAILLSFLILI,LLLALLLVTLLAALLSFLILI,R,I,A,All,12,0.9210758676900095
LLLVYLLLALLFTLLSILILI,LLLVALLLALLFTLLSILILI,R,Y,A,All,4,0.8461701818506968
LLLLSTLLAVLFLLLYILILI,LLLLSTLLAVLALLLYILILI,L,F,A,All,11,0.9416788102177274
LLLLYVLIALLLLLTSLLILI,LLLLAVLIALLLLLTSLLILI,L,Y,A,All,4,0.8222304361601015
LLLTALLAGLLFLLLSVLILI,LLLTALLAGLLALLLSVLILI,G,F,A,All,11,0.8599504575511298
LLLVALLIALLLTLLSLLILI,LLLVALLIALLATLLSLLILI,R,L,A,All,11,0.8952831185294736
LLLASLLTLLLGYLLGVLILI,LLLASLLTLLLGALLGVLILI,G,Y,A,All,12,0.7693999511252302
LLLTVLLALLLAFLLSILILI,LLLTVLLALLLAALLSILILI,R,F,A,All,12,0.8545605047092771
LLLTYLLTILLAVLLSLLILI,LLLTALLTILLAVLLSLLILI,R,Y,A,All,4,0.7917225273537176
LLLTYLLVALLIALLFLLILI,LLLTALLVALLIALLFLLILI,R,Y,A,All,4,0.8007159554386206
LLLFILLTALLAVLLSLLILI,LLLFALLTALLAVLLSLLILI,R,I,A,All,4,0.8515783855225696
LLLAVLLISLLTTLLFLLILI,LLLAVLLISLLTTLLALLILI,R,F,A,All,15,0.8907065495226666
LLLAYLLFTLLAVLLSLLILI,LLLAALLFTLLAVLLSLLILI,R,Y,A,All,4,0.755615715836027
LLLTSLLFALLGLLLGVLILI,LLLTSLLFALLGALLGVLILI,G,L,A,All,12,0.895675245423189
LLLTALLIALLLVLLSWLILI,LLLTALLIALLAVLLSWLILI,R,L,A,All,11,0.8966614672436348
LLLTYLLVFLLALLLASLILI,LLLTALLVFLLALLLASLILI,R,Y,A,All,4,0.7415910787396227
LLLALLLTVLTSLLFLLLILI,LLLALLLTVLTSLLALLLILI,L,F,A,All,14,0.8054752649589687
LLLLFYLTALLILLVSLLILI,LLLLAYLTALLILLVSLLILI,L,F,A,All,4,0.7752118065045089
LLLFALLLILTALLYVLLILI,LLLFALLLILTALLAVLLILI,L,Y,A,All,14,0.8806416740666385
LLLTYLLAVLLAILLFLLILI,LLLTYLLAVLLAILLALLILI,R,F,A,All,15,0.860118427088111
LLLTALLIALLLVLLSFLILI,LLLTALLAALLLVLLSFLILI,R,I,A,All,7,0.9256592366862452
LLLTYLLLVLLAILLSFLILI,LLLTALLLVLLAILLSFLILI,R,Y,A,All,4,0.8401800204882645
LLLTALLIALLLSLLFVLILI,LLLTALLAALLLSLLFVLILI,R,I,A,All,7,0.9306265389876873
LLLYVLLTILLALLLAFLILI,LLLYVLLTALLALLLAFLILI,R,I,A,All,8,0.8884483854371579
LLLSYLLTILLAVLLSLLILI,LLLSALLTILLAVLLSLLILI,R,Y,A,All,4,0.737278672834583
LLLYLLLATLLAVLLSFLILI,LLLYALLATLLAVLLSFLILI,R,L,A,All,4,0.8545990699784514
LLLYSLLLTLLATLLAFLILI,LLLYSLLATLLATLLAFLILI,R,L,A,All,7,0.9237345397925908
LLLYILLTVLLALLLSFLILI,LLLYILLTVLLAALLSFLILI,R,L,A,All,12,0.9058177379983716
LLLAVLLLTLLFTLLSYLILI,LLLAVLLLTLLFTLLSALILI,R,Y,A,All,16,0.8396634949643433
LLLVALLLFLTALLLSLLILI,LLLVALLAFLTALLLSLLILI,L,L,A,All,7,0.8646302725862458
LLLYSLLVALLFLLLATLILI,LLLYSLLVALLALLLATLILI,R,F,A,All,11,0.7868396552958868
LLLLTLLVALLAGLLFSLILI,LLLLTLLVALLAGLLASLILI,G,F,A,All,15,0.8665798721368383
LLLAFLLVTLLAYLLSLLILI,LLLAALLVTLLAYLLSLLILI,R,F,A,All,4,0.7967252904273961
LLLTFLLALLLGYLLGSLILI,LLLTFLLALLLGALLGSLILI,G,Y,A,All,12,0.8011719491364586
LLLLYLLIALLVALLSTLILI,LLLLALLIALLVALLSTLILI,R,Y,A,All,4,0.856123250642485
LLLYLLLTTLLAGLLFSLILI,LLLYALLTTLLAGLLFSLILI,G,L,A,All,4,0.8818663763519746
LLLYTLLVALLFLLLSLLILI,LLLYTLLVALLFLLLSALILI,R,L,A,All,16,0.918653956347346
LLLFYLLTALLIALLSLLILI,LLLFYLLTALLAALLSLLILI,R,I,A,All,11,0.8796582565008563
LLLLAYLVILLFTLLSLLILI,LLLLAYLVILLATLLSLLILI,L,F,A,All,11,0.79763781826676
LLLYWLLVALLLALLSTLILI,LLLYALLVALLLALLSTLILI,R,W,A,All,4,0.8904394861392839
LLLFALLTILLAYLLSLLILI,LLLFALLTILLAALLSLLILI,R,Y,A,All,12,0.815714801127222
LLLLVLLATLLGGLLSILILI,LLLLVLLATLLGGLLSALILI,G,I,A,All,16,0.9112082480801426
LLLAVLLITLLFTLLSLLILI,LLLAVLLITLLFTLLSALILI,R,L,A,All,16,0.8986387794429915
LLLVALLLILTFLLASLLILI,LLLVALLAILTFLLASLLILI,L,L,A,All,7,0.8800565342486503
LLLLFVLLALLTILLSLLILI,LLLLAVLLALLTILLSLLILI,L,F,A,All,4,0.7617814773546572
LLLYALLVALLLTLLSWLILI,LLLYALLVALLATLLSWLILI,R,L,A,All,11,0.8261750163817232
LLLYWLLLALLVALLSTLILI,LLLYALLLALLVALLSTLILI,R,W,A,All,4,0.806777916636036
LLLYALLTALLGGLLFLLILI,LLLYALLTALLGGLLALLILI,G,F,A,All,15,0.8803524589233194
LLLLALLIALLFVLLSTLILI,LLLLALLAALLFVLLSTLILI,R,I,A,All,7,0.9274172891115682
LLLALLLLTLLFVLLSILILI,LLLALLLLTLLFVLLSALILI,R,I,A,All,16,0.9504798325124344
LLLFYLLTALLITLLVLLILI,LLLFALLTALLITLLVLLILI,R,Y,A,All,4,0.8241675141463922
LLLSYLLVFLLALLLATLILI,LLLSALLVFLLALLLATLILI,R,Y,A,All,4,0.7473351483549444
LLLLVLLIALLFALLSTLILI,LLLLVLLIALLAALLSTLILI,R,F,A,All,11,0.8209985774261828
LLLTYLLVALLTFLLSLLILI,LLLTALLVALLTFLLSLLILI,R,Y,A,All,4,0.7705509941636167
LLLLYVLLATLLALLSFLILI,LLLLYVLLATLAALLSFLILI,L,L,A,All,11,0.8999347618808649
LLLLALLTILLFVLASLLILI,LLLLALLTILLAVLASLLILI,L,F,A,All,11,0.7644200913242006
LLLFVLLIALLLTLLSLLILI,LLLFVLLIALLATLLSLLILI,R,L,A,All,11,0.8932441687144993
LLLAILLYTLLAVLLSLLILI,LLLAILLYTLLAVLLSALILI,R,L,A,All,16,0.9269742198100399
LLLYSLLLTLLAVLLFSLILI,LLLYSLLLTLLAVLLASLILI,R,F,A,All,15,0.7557914404473386
LLLYLLLTVLALLLFSLLILI,LLLYLLLTVLALLLASLLILI,L,F,A,All,14,0.8023142422224335
LLLLYLLITLLFSLLVALILI,LLLLALLITLLFSLLVALILI,R,Y,A,All,4,0.7799173119532192
LLLYSLLLALLFALLVTLILI,LLLYSLLAALLFALLVTLILI,R,L,A,All,7,0.9222506393861887
LLLTSLLLALLFGLLFALILI,LLLTSLLLALLFGLLAALILI,G,F,A,All,15,0.9041691819741093
LLLTYLLTVLLAFLLSLLILI,LLLTALLTVLLAFLLSLLILI,R,Y,A,All,4,0.7816356081591542
LLLVYLLTTLLAFLLSLLILI,LLLVALLTTLLAFLLSLLILI,R,Y,A,All,4,0.7275206922498116
LLLFSLLLTLLAALLSYLILI,LLLFSLLATLLAALLSYLILI,R,L,A,All,7,0.9324426581320625
LLLAVLLTSLLGGLLFLLILI,LLLAVLLTSLLGGLLALLILI,G,F,A,All,15,0.877371758199847
LLLYILLSTLLALLLAFLILI,LLLYALLSTLLALLLAFLILI,R,I,A,All,4,0.8951908664731965
LLLLLFLLATLLILLSVLILI,LLLLAFLLATLLILLSVLILI,L,L,A,All,4,0.8899199701055646
LLLLYLLLAVLTALLFSLILI,LLLLYLLLAVLTALLASLILI,L,F,A,All,15,0.8674366444094974
LLLTFLLAILLGLLLGVLILI,LLLTFLLAALLGLLLGVLILI,G,I,A,All,8,0.976847583514997
LLLYALLFVLTALLLSLLILI,LLLYALLFVLTALLASLLILI,L,L,A,All,14,0.9198611573391656
LLLLALLWFLTSLLYVLLILI,LLLLALLWFLTSLLAVLLILI,L,Y,A,All,14,0.8451510881795422
LLLVTLLLALLLLLFSLLILI,LLLVTLLLALLLLLASLLILI,L,F,A,All,14,0.7738320587567198
LLLVYLLTILLALLLSFLILI,LLLVALLTILLALLLSFLILI,R,Y,A,All,4,0.7945395055504483
LLLYTLLVALLATLLSLLILI,LLLYTLLVALLATLLSALILI,R,L,A,All,16,0.9298691497508411
LLLYTLLATLLFLLLSVLILI,LLLYTLLATLLALLLSVLILI,R,F,A,All,11,0.8560050542712737
LLLYVLLFILLALLLSTLILI,LLLYVLLFILLAALLSTLILI,R,L,A,All,12,0.9334743433474337
LLLVGLLLALLGLLLGTLILI,LLLVGLLLALLGALLGTLILI,G,L,A,All,12,0.8687138007909211
LLLYTLLVALLFALLSLLILI,LLLYTLLVALLFALLSALILI,R,L,A,All,16,0.8890832027786887
LLLFSLLVLLTALLYLLLILI,LLLFSLLVALTALLYLLLILI,L,L,A,All,8,0.8727131280388979
LLLSYLLVALLTLLLSFLILI,LLLSALLVALLTLLLSFLILI,R,Y,A,All,4,0.7192408678428303
LLLYLLLAVLLAFLLTSLILI,LLLYALLAVLLAFLLTSLILI,R,L,A,All,4,0.8106523993447455
LLLTLLLATLLAYLLSFLILI,LLLTLLLATLLAALLSFLILI,R,Y,A,All,12,0.8080505050505049
LLLFYLLVALLTALLSLLILI,LLLFALLVALLTALLSLLILI,R,Y,A,All,4,0.8181244170194449
LLLVYLLITLLFALLSLLILI,LLLVALLITLLFALLSLLILI,R,Y,A,All,4,0.7422930377554551
LLLYALLFLLVILLWSLLILI,LLLYALLFLLVILLASLLILI,L,W,A,All,14,0.8556429305875364
LLLAILLLTLLFVLLSLLILI,LLLAILLLTLLFVLLSALILI,R,L,A,All,16,0.9220800391229929
LLLYTLLVALLSTLLFLLILI,LLLYTLLVALLSTLLALLILI,R,F,A,All,15,0.7666925993158722
LLLFYLLLTLLVALLSILILI,LLLFALLLTLLVALLSILILI,R,Y,A,All,4,0.7688840079489591
LLLAALLALLLGVLLGTLILI,LLLAALLALLLGALLGTLILI,G,V,A,All,12,0.9447142282914531
LLLLVLLTTLLGALLFGLILI,LLLLVLLTTLLGALLAGLILI,G,F,A,All,15,0.8571724230286949
LLLYLLLVALLATLLSFLILI,LLLYALLVALLATLLSFLILI,R,L,A,All,4,0.8542526548486841
LLLALLLVTLLTFLLSILILI,LLLALLLVTLLTALLSILILI,R,F,A,All,12,0.8527095559434317
LLLYWLLTVLFLLLASLLILI,LLLYALLTVLFLLLASLLILI,L,W,A,All,4,0.7450140442841171
LLLTYLLTILLAFLLSLLILI,LLLTALLTILLAFLLSLLILI,R,Y,A,All,4,0.7064440954455643
LLLLVLLITLLFALLSYLILI,LLLLVLLITLLFALLSALILI,R,Y,A,All,16,0.8158329736046914
LLLTWLLVALLLALLFSLILI,LLLTALLVALLLALLFSLILI,R,W,A,All,4,0.7955900995448785
LLLYLLLVTLLAILLSFLILI,LLLYALLVTLLAILLSFLILI,R,L,A,All,4,0.9101771617010954
LLLAYLLLTLLAVLLSILILI,LLLAALLLTLLAVLLSILILI,R,Y,A,All,4,0.837394909147263
LLLYSLLVALLATLLFLLILI,LLLYSLLVALLATLLALLILI,R,F,A,All,15,0.762276133283733
LLLAILLVTLLFTLLSLLILI,LLLAILLVTLLFTLLSALILI,R,L,A,All,16,0.8963004414599263
LLLYALLTALLSVLLFLLILI,LLLYALLTALLSVLLALLILI,R,F,A,All,15,0.818314415103217
LLLAYLLTVLLAFLLSLLILI,LLLAALLTVLLAFLLSLLILI,R,Y,A,All,4,0.7729630790700499
LLLFSLLLTLLVALLSYLILI,LLLFSLLATLLVALLSYLILI,R,L,A,All,7,0.9589122802261113
LLLYILLFALLTVLLSLLILI,LLLYILLFALLTVLLSALILI,R,L,A,All,16,0.9303164392221037
LLLAYLLIALLLTLLFVLILI,LLLAALLIALLLTLLFVLILI,R,Y,A,All,4,0.8344771901493748
LLLVYLLTALLIALLSLLILI,LLLVYLLTALLAALLSLLILI,R,I,A,All,11,0.9024509453305668
LLLYALLVALLTALLSLLILI,LLLYALLAALLTALLSLLILI,R,V,A,All,7,0.9173536563667645
LLLTALLLALLAVLLSFLILI,LLLTALLAALLAVLLSFLILI,R,L,A,All,7,0.9145024458255541
LLLAVLLLTLLFALLSYLILI,LLLAVLLLTLLFALLSALILI,R,Y,A,All,16,0.8255709165386586
LLLYILLLTLLAVLLSFLILI,LLLYALLLTLLAVLLSFLILI,R,I,A,All,4,0.8927186029039723
LLLYFLLVALLLALLSTLILI,LLLYALLVALLLALLSTLILI,R,F,A,All,4,0.7932556049678561
LLLATLLFALLVLLLSLLILI,LLLATLLFALLVLLLSALILI,R,L,A,All,16,0.9179282340998371
LLLTALLVALLAYLLSFLILI,LLLTALLVALLAALLSFLILI,R,Y,A,All,12,0.8042967480690882
LLLVSLLLTLLFALLAYLILI,LLLVSLLLTLLAALLAYLILI,R,F,A,All,11,0.8318227389186506
LLLYSLLVALLTLLLFILILI,LLLYSLLVALLTLLLAILILI,R,F,A,All,15,0.7676832896552597
LLLLTLLIALLFVLLYSLILI,LLLLTLLIALLAVLLYSLILI,R,F,A,All,11,0.9396171037751092
LLLLILLSVLLAYLLTFLILI,LLLLILLSVLLAALLTFLILI,R,Y,A,All,12,0.8016117758315854
LLLTYLLVALLIALLSLLILI,LLLTALLVALLIALLSLLILI,R,Y,A,All,4,0.7840675071575671
LLLYLLLGTLLGILLAFLILI,LLLYALLGTLLGILLAFLILI,G,L,A,All,4,0.8295238491749586
LLLVALLLALLFTLLSILILI,LLLVALLAALLFTLLSILILI,R,L,A,All,7,0.9361954842131964
LLLYFLLAVLLTLLFSLLILI,LLLYFLLAVLLTLLASLLILI,L,F,A,All,14,0.8117219412565655
LLLYFLLATLLGVLLGLLILI,LLLYALLATLLGVLLGLLILI,G,F,A,All,4,0.8380618786408222
LLLTYLLFTLLALLLSVLILI,LLLTALLFTLLALLLSVLILI,R,Y,A,All,4,0.7947827896374624
LLLVYLLLALLFTLLSLLILI,LLLVYLLLALLATLLSLLILI,R,F,A,All,11,0.8016001840467268
LLLAVLLIGLLFGLLSTLILI,LLLAVLLIGLLAGLLSTLILI,G,F,A,All,11,0.7944720291294269
LLLYVLLTALLFALLSLLILI,LLLYVLLTALLFALLSALILI,R,L,A,All,16,0.8728287608796098
LLLLTLLIALLVALLSFLILI,LLLLTLLAALLVALLSFLILI,R,I,A,All,7,0.9330015792403737
LLLFSLLTTLLAYLLALLILI,LLLFSLLTTLLAALLALLILI,R,Y,A,All,12,0.8161158905730801
LLLYFLLAILLAVLLTLLILI,LLLYALLAILLAVLLTLLILI,R,F,A,All,4,0.77834179357022
LLLLLVLTALLYILFLLLILI,LLLLAVLTALLYILFLLLILI,L,L,A,All,4,0.8573452297990473
LLLTALLVGLLGLLLGFLILI,LLLTALLVGLLGALLGFLILI,G,L,A,All,12,0.8468985158862875
LLLLALLFALLGILLSTLILI,LLLLALLFALLGALLSTLILI,G,I,A,All,12,0.9487551233975764
LLLYALLFVLLILLFSLLILI,LLLYALLFVLLILLASLLILI,L,F,A,All,14,0.7284985326388704
LLLFALLTTLLAYLLSLLILI,LLLFALLTTLLAALLSLLILI,R,Y,A,All,12,0.7974894112528629
LLLAVLLLTLLGGLLFALILI,LLLAVLLLTLLGGLLAALILI,G,F,A,All,15,0.8486357366349299
LLLVALLLALLFALLSTLILI,LLLVALLAALLFALLSTLILI,R,L,A,All,7,0.9455439759484121
LLLLALLFALLTVLLSILILI,LLLLALLFALLTVLLSALILI,R,I,A,All,16,0.9489183874139627
LLLVTLLLSLLAGLLFALILI,LLLVTLLLSLLAGLLAALILI,G,F,A,All,15,0.8771567914336473
LLLVALLLTLLAILLSFLILI,LLLVALLATLLAILLSFLILI,R,L,A,All,7,0.8738879926250295
LLLYLLLTVLLAFLLSILILI,LLLYLLLTVLLAALLSILILI,R,F,A,All,12,0.8036477241856217
LLLTILLAVLLALLLFLLILI,LLLTILLAVLLALLLALLILI,R,F,A,All,15,0.7828764857091951
LLLTSLLLALLFVLLILLILI,LLLTSLLAALLFVLLILLILI,R,L,A,All,7,0.9290456830811424
LLLYALLLALLTVLLSILILI,LLLYALLLALLTVLLSALILI,R,I,A,All,16,0.954064980591783
LLLAYLLLTLLATLLSFLILI,LLLAALLLTLLATLLSFLILI,R,Y,A,All,4,0.8594904694343344
LLLVWLLTALLIALLSLLILI,LLLVALLTALLIALLSLLILI,R,W,A,All,4,0.8731542193080662
LLLTYLLIALLLALLFVLILI,LLLTALLIALLLALLFVLILI,R,Y,A,All,4,0.800811157554939
LLLSSLLFLLLGVLLGTLILI,LLLSSLLFLLLGALLGTLILI,G,V,A,All,12,0.9684975682517671
LLLTSLLAVLLALLFSLLILI,LLLTSLLAVLLALLASLLILI,L,F,A,FA,14,0.7965709773842423
LLLTFLLAVLLGLLLGILILI,LLLTALLAVLLGLLLGILILI,G,F,A,FA,4,0.8423971220496619
LLLYSLLVALLTLLLFILILI,LLLYSLLVALLTLLLAILILI,R,F,A,FA,15,0.7676832896552597
LLLYGLLFALLGILLTLLILI,LLLYGLLAALLGILLTLLILI,G,F,A,FA,7,0.8660408033784717
LLLYALLFLLTSLLFSLLILI,LLLYALLALLTSLLFSLLILI,L,F,A,FA,7,0.8233707823230815
LLLTILLAVLLALLLFLLILI,LLLTILLAVLLALLLALLILI,R,F,A,FA,15,0.7828764857091951
LLLYLLLTVLLAFLLSILILI,LLLYLLLTVLLAALLSILILI,R,F,A,FA,12,0.8036477241856217
LLLVTLLLSLLAGLLFALILI,LLLVTLLLSLLAGLLAALILI,G,F,A,FA,15,0.8771567914336473
LLLAVLLLTLLGGLLFALILI,LLLAVLLLTLLGGLLAALILI,G,F,A,FA,15,0.8486357366349299
LLLYALLFVLLILLFSLLILI,LLLYALLFVLLILLASLLILI,L,F,A,FA,14,0.7284985326388704
LLLVALLFLLTSLLYLLLILI,LLLVALLALLTSLLYLLLILI,L,F,A,FA,7,0.844233068466772
LLLLVLLIGLLFGLLFALILI,LLLLVLLIGLLAGLLFALILI,G,F,A,FA,11,0.7996931560934267
LLLLTLLLFILALLLSVLILI,LLLLTLLLAILALLLSVLILI,L,F,A,FA,8,0.8507502759464224
LLLYFLLAILLAVLLTLLILI,LLLYALLAILLAVLLTLLILI,R,F,A,FA,4,0.77834179357022
LLLYVLLFTLLGALLGLLILI,LLLYVLLATLLGALLGLLILI,G,F,A,FA,7,0.7738378351315492
LLLAVLLIGLLFGLLSTLILI,LLLAVLLIGLLAGLLSTLILI,G,F,A,FA,11,0.7944720291294269
LLLVYLLLALLFTLLSLLILI,LLLVYLLLALLATLLSLLILI,R,F,A,FA,11,0.8016001840467268
LLLYFLLATLLGVLLGLLILI,LLLYALLATLLGVLLGLLILI,G,F,A,FA,4,0.8380618786408222
LLLYFLLAVLLTLLFSLLILI,LLLYFLLAVLLTLLASLLILI,L,F,A,FA,14,0.8117219412565655
LLLYTLLVALLSTLLFLLILI,LLLYTLLVALLSTLLALLILI,R,F,A,FA,15,0.7666925993158722
LLLLTLLIALLFVLLYSLILI,LLLLTLLIALLAVLLYSLILI,R,F,A,FA,11,0.9396171037751092
LLLLWYLLSTLVALLFLLILI,LLLLWYLLSTLVALLALLILI,L,F,A,FA,15,0.7079979179024075
LLLLALLTILLFVLASLLILI,LLLLALLTILLAVLASLLILI,L,F,A,FA,11,0.7644200913242006
LLLLVLLIALLFALLSTLILI,LLLLVLLIALLAALLSTLILI,R,F,A,FA,11,0.8209985774261828
LLLLSTLTSLLAVLLFLLILI,LLLLSTLTSLLAVLLALLILI,L,F,A,FA,15,0.786975796788881
LLLLAVLLFLLALLTSLLILI,LLLLAVLLALLALLTSLLILI,L,F,A,FA,8,0.8566430956956549
LLLLAVLLFILALLLSTLILI,LLLLAVLLAILALLLSTLILI,L,F,A,FA,8,0.8537992751715895
LLLALLLVTLLTFLLSILILI,LLLALLLVTLLTALLSILILI,R,F,A,FA,12,0.8527095559434317
LLLYALLTTLLSVLLFLLILI,LLLYALLTTLLSVLLALLILI,R,F,A,FA,15,0.8348965293302195
LLLYILLLALLTVLLSFLILI,LLLYILLLALLTVLLSALILI,R,F,A,FA,16,0.8541799409645914
LLLATLLVALLFLLLSILILI,LLLATLLVALLALLLSILILI,R,F,A,FA,11,0.8677970239350185
LLLYILLATLLAFLLSLLILI,LLLYILLATLLAALLSLLILI,R,F,A,FA,12,0.8403859786178264
LLLLVLLLAILFTLLSLLILI,LLLLVLLLAILATLLSLLILI,L,F,A,FA,11,0.8255308040375915
LLLLIVLLFTLALLLSLLILI,LLLLIVLLATLALLLSLLILI,L,F,A,FA,8,0.8551676809268625
LLLLTYLLAILFVLLLSLILI,LLLLTYLLAILAVLLLSLILI,L,F,A,FA,11,0.8990988546295352
LLLFALLVALLTLLLSILILI,LLLAALLVALLTLLLSILILI,R,F,A,FA,3,0.8516231922579705
LLLLFLLLLALTVLLSILILI,LLLLALLLLALTVLLSILILI,L,F,A,FA,4,0.8646922467503254
LLLLFLLATLLGYLLSILILI,LLLLALLATLLGYLLSILILI,G,F,A,FA,4,0.8040869062595626
LLLLVLLTTLLGALLFGLILI,LLLLVLLTTLLGALLAGLILI,G,F,A,FA,15,0.8571724230286949
LLLVSLLLTLLFALLAYLILI,LLLVSLLLTLLAALLAYLILI,R,F,A,FA,11,0.8318227389186506
LLLYFLLVALLLALLSTLILI,LLLYALLVALLLALLSTLILI,R,F,A,FA,4,0.7932556049678561
LLLLALLYVLTFLLASLLILI,LLLLALLYVLTALLASLLILI,L,F,A,FA,11,0.8276728730914775
LLLLYFLLATLVALLLSLILI,LLLLYALLATLVALLLSLILI,L,F,A,FA,5,0.8043279932854066
LLLLTVLLAILFLLLSLLILI,LLLLTVLLAILALLLSLLILI,L,F,A,FA,11,0.9034469290108391
LLLVTLLLGLLFGLLFALILI,LLLVTLLLGLLAGLLFALILI,G,F,A,FA,11,0.8369227602724347
LLLYALLTALLSVLLFLLILI,LLLYALLTALLSVLLALLILI,R,F,A,FA,15,0.818314415103217
LLLYSLLVALLATLLFLLILI,LLLYSLLVALLATLLALLILI,R,F,A,FA,15,0.762276133283733
LLLLVLLLAILTFLLSLLILI,LLLLVLLLAILTALLSLLILI,L,F,A,FA,12,0.8573662132960472
LLLYGLLFALLGTLLSLLILI,LLLYGLLAALLGTLLSLLILI,G,F,A,FA,7,0.7902695257087641
LLLYFLLAVLLGLLLGTLILI,LLLYALLAVLLGLLLGTLILI,G,F,A,FA,4,0.8475942961885666
LLLLFLLGTLLGALLAYLILI,LLLLALLGTLLGALLAYLILI,G,F,A,FA,4,0.7752476019652185
LLLLAYLTVLLSILFLLLILI,LLLLAYLTVLLSILALLLILI,L,F,A,FA,14,0.7522253172392448
LLLTFLLAVLLGLLLGSLILI,LLLTALLAVLLGLLLGSLILI,G,F,A,FA,4,0.7882707061313887
LLLLFVLLALLTILLSLLILI,LLLLAVLLALLTILLSLLILI,L,F,A,FA,4,0.7617814773546572
LLLATLLVGLLFGLLFLLILI,LLLATLLVGLLAGLLFLLILI,G,F,A,FA,11,0.8276326924212312
LLLYLLLTVLALLLFSLLILI,LLLYLLLTVLALLLASLLILI,L,F,A,FA,14,0.8023142422224335
LLLYSLLLTLLAVLLFSLILI,LLLYSLLLTLLAVLLASLILI,R,F,A,FA,15,0.7557914404473386
LLLYFLLAVLLGLLLGSLILI,LLLYALLAVLLGLLLGSLILI,G,F,A,FA,4,0.7968298744039228
LLLVALLLLLTSLLFSLLILI,LLLVALLLLLTSLLASLLILI,L,F,A,FA,14,0.8938923731090261
LLLLYVLLALLFTLLSILILI,LLLLYVLLALLATLLSILILI,L,F,A,FA,11,0.8075080238422748
LLLLFLLLAILLVLLSTLILI,LLLLALLLAILLVLLSTLILI,L,F,A,FA,4,0.8151158833982383
LLLLYWLLAVLLSLLFTLILI,LLLLYWLLAVLLSLLATLILI,L,F,A,FA,15,0.8703066801763872
LLLYTLLVGLLFALLGLLILI,LLLYTLLVGLLAALLGLLILI,G,F,A,FA,11,0.7774317439006944
LLLVALLLTLLGGLLFALILI,LLLVALLLTLLGGLLAALILI,G,F,A,FA,15,0.8581776342455183
LLLTSLLLALLFGLLFALILI,LLLTSLLLALLFGLLAALILI,G,F,A,FA,15,0.9041691819741093
LLLYVLLATLLAFLLSLLILI,LLLYVLLATLLAALLSLLILI,R,F,A,FA,12,0.8730067104408694
LLLTVLLLGLLFGLLFALILI,LLLTVLLLGLLFGLLAALILI,G,F,A,FA,15,0.8902963939923727
LLLVSLLILLTALLFLLLILI,LLLVSLLILLTALLALLLILI,L,F,A,FA,14,0.7742753837946779
LLLLAYLLLTLAVLLFSLILI,LLLLAYLLLTLAVLLASLILI,L,F,A,FA,15,0.8153687412907273
LLLLALLTTLLAFLLSILILI,LLLLALLTTLLAALLSILILI,R,F,A,FA,12,0.8417352066944404
LLLATLLISLLFTLLVLLILI,LLLATLLISLLATLLVLLILI,R,F,A,FA,11,0.8270795540137695
LLLLFLLLTALLVLLSILILI,LLLLALLLTALLVLLSILILI,L,F,A,FA,4,0.8686535540097549
LLLYALLTSLLVALLFLLILI,LLLYALLTSLLVALLALLILI,R,F,A,FA,15,0.8959505591524423
LLLYVLLATLLGGLLFLLILI,LLLYVLLATLLGGLLALLILI,G,F,A,FA,15,0.8761153255402232
LLLATLLVGLLFLLLGLLILI,LLLATLLVGLLALLLGLLILI,G,F,A,FA,11,0.8228260532276916
LLLYALLLALLVSLLFTLILI,LLLYALLLALLVSLLATLILI,R,F,A,FA,15,0.8882865950790176
LLLVYLLIALLFSLLTLLILI,LLLVYLLIALLASLLTLLILI,R,F,A,FA,11,0.8115542264958359
LLLYALLTALLGGLLFLLILI,LLLYALLTALLGGLLALLILI,G,F,A,FA,15,0.8803524589233194
LLLYTLLVSLLFALLILLILI,LLLYTLLVSLLAALLILLILI,R,F,A,FA,11,0.8411768357023157
LLLLYLLLAVLTALLFSLILI,LLLLYLLLAVLTALLASLILI,L,F,A,FA,15,0.8674366444094974
LLLLYALLFLLTALLFSLILI,LLLLYALLALLTALLFSLILI,L,F,A,FA,8,0.8364435196968145
LLLLFALLALLYVLTSLLILI,LLLLAALLALLYVLTSLLILI,L,F,A,FA,4,0.8405279376073737
LLLLAYLVILLFTLLSLLILI,LLLLAYLVILLATLLSLLILI,L,F,A,FA,11,0.79763781826676
LLLYSLLVALLFTLLFLLILI,LLLYSLLVALLFTLLALLILI,R,F,A,FA,15,0.8413244210210595
LLLAFLLVTLLAYLLSLLILI,LLLAALLVTLLAYLLSLLILI,R,F,A,FA,4,0.7967252904273961
LLLLTLLVALLAGLLFSLILI,LLLLTLLVALLAGLLASLILI,G,F,A,FA,15,0.8665798721368383
LLLYSLLVALLFLLLATLILI,LLLYSLLVALLALLLATLILI,R,F,A,FA,11,0.7868396552958868
LLLSYLLVALLTILLFLLILI,LLLSYLLVALLTILLALLILI,R,F,A,FA,15,0.753596118583647
LLLVTLLLGLLFALLSTLILI,LLLVTLLLGLLAALLSTLILI,G,F,A,FA,11,0.8253593983712817
LLLLLLLLFILAVLLSTLILI,LLLLLLLLAILAVLLSTLILI,L,F,A,FA,8,0.8088590141330573
LLLAVLLTSLLGGLLFLLILI,LLLAVLLTSLLGGLLALLILI,G,F,A,FA,15,0.877371758199847
LLLLAVLLFLLATLISLLILI,LLLLAVLLALLATLISLLILI,L,F,A,FA,8,0.8386692458006823
LLLLVALLLTLISLLFLLILI,LLLLVALLLTLISLLALLILI,L,F,A,FA,15,0.859450633327214
LLLLVLLTTLLGGLLFALILI,LLLLVLLTTLLGGLLAALILI,G,F,A,FA,15,0.8672708277654956
LLLLYVLLALLFTLISLLILI,LLLLYVLLALLATLISLLILI,L,F,A,FA,11,0.8084145921124318
LLLYTLLISLLVALLFLLILI,LLLYTLLISLLVALLALLILI,R,F,A,FA,15,0.8779689043508139
LLLLAYLLALLFLLTSLLILI,LLLLAYLLALLALLTSLLILI,L,F,A,FA,11,0.855364907996487
LLLYTLLATLLFLLLSVLILI,LLLYTLLATLLALLLSVLILI,R,F,A,FA,11,0.8560050542712737
LLLTSLLLGLLFALLAYLILI,LLLTSLLLGLLAALLAYLILI,G,F,A,FA,11,0.811684481741704
LLLVTLLLALLLLLFSLLILI,LLLVTLLLALLLLLASLLILI,L,F,A,FA,14,0.7738320587567198
LLLYSLLFALLGALLTLLILI,LLLYSLLAALLGALLTLLILI,G,F,A,FA,7,0.7713103001711301
LLLTALLVGLLGGLLFLLILI,LLLTALLVGLLGGLLALLILI,G,F,A,FA,15,0.884790783262662
LLLYFLLVALLTLLLSILILI,LLLYALLVALLTLLLSILILI,R,F,A,FA,4,0.7959090195257298
LLLYFLLGTLLGALLGLLILI,LLLYALLGTLLGALLGLLILI,G,F,A,FA,4,0.7532938200762583
LLLASLLVGLLFLLLGLLILI,LLLASLLVGLLALLLGLLILI,G,F,A,FA,11,0.8206709187192902
LLLYFLLATLLGLLLGVLILI,LLLYALLATLLGLLLGVLILI,G,F,A,FA,4,0.8573696411014999
LLLAFLLGTLLGVLLGLLILI,LLLAALLGTLLGVLLGLLILI,G,F,A,FA,4,0.8338245718762826
LLLVALLLLLTALLFSLLILI,LLLVALLLLLTALLASLLILI,L,F,A,FA,14,0.9003544292068196
LLLLAILLAVLFLLLSTLILI,LLLLAILLAVLALLLSTLILI,L,F,A,FA,11,0.8874498303490113
LLLYVLLTLLLGGLLFALILI,LLLYVLLTLLLGGLLAALILI,G,F,A,FA,15,0.8694981539059461
LLLTALLLALLFGLLFSLILI,LLLTALLLALLAGLLFSLILI,G,F,A,FA,11,0.8347865159945698
LLLLFVLLLLLATLISLLILI,LLLLAVLLLLLATLISLLILI,L,F,A,FA,4,0.8670036673604914
LLLYFLLALLLGTLLGSLILI,LLLYALLALLLGTLLGSLILI,G,F,A,FA,4,0.8647458747432778
LLLTALLFLLLGVLLGILILI,LLLTALLALLLGVLLGILILI,G,F,A,FA,7,0.8306036964246717
LLLTVLLLALLFALLSILILI,LLLTVLLLALLAALLSILILI,R,F,A,FA,11,0.813215252386153
LLLLFLLLAILYVLLSTLILI,LLLLALLLAILYVLLSTLILI,L,F,A,FA,4,0.8713694086602775
LLLLVLLLTILLFLLSALILI,LLLLVLLLTILLALLSALILI,L,F,A,FA,12,0.8299977364469758
LLLVLLLTGLLFALLAYLILI,LLLVLLLTGLLAALLAYLILI,G,F,A,FA,11,0.8233419424004677
LLLALLLGFLLGTLLGVLILI,LLLALLLGALLGTLLGVLILI,G,F,A,FA,8,0.8608011059037727
LLLLWYLVSLLILLTFLLILI,LLLLWYLVSLLILLTALLILI,L,F,A,FA,15,0.7438347448330341
LLLLVSLLILLTALLFLLILI,LLLLVSLLILLTALLALLILI,L,F,A,FA,15,0.8945051421806796
LLLYALLLTLLSVLLFILILI,LLLYALLLTLLSVLLAILILI,R,F,A,FA,15,0.8278659439352969
LLLTSLLVALLALLLFILILI,LLLTSLLVALLALLLAILILI,R,F,A,FA,15,0.7558439913891353
LLLYFLLAVLITLLLSLLILI,LLLYALLAVLITLLLSLLILI,L,F,A,FA,4,0.7798909921754341
LLLLSTLLAVLFLLLYILILI,LLLLSTLLAVLALLLYILILI,L,F,A,FA,11,0.9416788102177274
LLLTYLLAVLLAILLFLLILI,LLLTYLLAVLLAILLALLILI,R,F,A,FA,15,0.860118427088111
LLLLAALVFLLTSLILLLILI,LLLLAALVALLTSLILLLILI,L,F,A,FA,8,0.9128520343717196
LLLTALLIALLSVLLFLLILI,LLLTALLIALLSVLLALLILI,R,F,A,FA,15,0.8620312405032522
LLLLYWLLTILAFLLSLLILI,LLLLYWLLTILAALLSLLILI,L,F,A,FA,12,0.8062617522510809
LLLLFYLTALLILLVSLLILI,LLLLAYLTALLILLVSLLILI,L,F,A,FA,4,0.7752118065045089
LLLALLLTVLTSLLFLLLILI,LLLALLLTVLTSLLALLLILI,L,F,A,FA,14,0.8054752649589687
LLLLAFLLTVLLLLLSILILI,LLLLAALLTVLLLLLSILILI,L,F,A,FA,5,0.8368182844365134
LLLTFLLGLLLGVLLAILILI,LLLTALLGLLLGVLLAILILI,G,F,A,FA,4,0.8794771570657322
LLLYALLLVLITLLFSLLILI,LLLYALLLVLITLLASLLILI,L,F,A,FA,14,0.7641982261016474
LLLLVALLLLLTSLIFLLILI,LLLLVALLLLLTSLIALLILI,L,F,A,FA,15,0.8867119890084396
LLLTVLLALLLAFLLSILILI,LLLTVLLALLLAALLSILILI,R,F,A,FA,12,0.8545605047092771
LLLLFVLLAILYTLLLSLILI,LLLLAVLLAILYTLLLSLILI,L,F,A,FA,4,0.795997363658238
LLLLLALLFVLTSLLAILILI,LLLLLALLAVLTSLLAILILI,L,F,A,FA,8,0.8596934339967973
LLLTALLAGLLFLLLSVLILI,LLLTALLAGLLALLLSVLILI,G,F,A,FA,11,0.8599504575511298
LLLLLFLLAVLTYLLSLLILI,LLLLLALLAVLTYLLSLLILI,L,F,A,FA,5,0.8212034781402521
LLLLLALLFVLTSLLYLLILI,LLLLLALLAVLTSLLYLLILI,L,F,A,FA,8,0.8633730513822823
LLLAVLLISLLTTLLFLLILI,LLLAVLLISLLTTLLALLILI,R,F,A,FA,15,0.8907065495226666
LLLLVALLLLLTSLLFLLILI,LLLLVALLLLLTSLLALLILI,L,F,A,FA,15,0.8924858792351139
LLLYVLLATLLSLLLFILILI,LLLYVLLATLLSLLLAILILI,R,F,A,FA,15,0.784235610411829
LLLTALLVALLSLLLFILILI,LLLTALLVALLSLLLAILILI,R,F,A,FA,15,0.7902764971712822
LLLYFLLGVLLGTLLGLLILI,LLLYALLGVLLGTLLGLLILI,G,F,A,FA,4,0.7854854498531639
LLLYALLLSLLFALLTILILI,LLLYALLLSLLAALLTILILI,R,F,A,FA,11,0.8313191705889834
LLLLTLLVGLLFALLSILILI,LLLLTLLVGLLAALLSILILI,G,F,A,FA,11,0.8247054236700744
LLLYVLLATLLTFLLSLLILI,LLLYVLLATLLTALLSLLILI,R,F,A,FA,12,0.878563872497165
LLLYALLLTLIVLLFSLLILI,LLLYALLLTLIVLLASLLILI,L,F,A,FA,14,0.7547584700065821
LLLFYLLGVLLGLLLASLILI,LLLAYLLGVLLGLLLASLILI,G,F,A,FA,3,0.785076992310552
LLLYALLVALLSLLLFTLILI,LLLYALLVALLSLLLATLILI,R,F,A,FA,15,0.8375155597435981
LLLLALLFILVTLLLSLLILI,LLLLALLAILVTLLLSLLILI,L,F,A,FA,7,0.8268230314787053
LLLTSLLAVLIALLFLLLILI,LLLTSLLAVLIALLALLLILI,L,F,A,FA,14,0.813567670435464
LLLLVALLLLLTALLFSLILI,LLLLVALLLLLTALLASLILI,L,F,A,FA,15,0.8016837957054254
LLLYALLLALLVSLLTILILI,LLLYALLLALLVSLLTALILI,R,I,A,IA,16,0.921611476758536
LLLLALLIALLFVLLSTLILI,LLLLALLAALLFVLLSTLILI,R,I,A,IA,7,0.9274172891115682
LLLALLLLTLLFVLLSILILI,LLLALLLLTLLFVLLSALILI,R,I,A,IA,16,0.9504798325124344
LLLYALLVALLITLLFLLILI,LLLYALLVALLATLLFLLILI,R,I,A,IA,11,0.8795966167859475
LLLALLLVTLLAILLSFLILI,LLLALLLVTLLAALLSFLILI,R,I,A,IA,12,0.9210758676900095
LLLTVLLAILLGLLLGFLILI,LLLTVLLAALLGLLLGFLILI,G,I,A,IA,8,0.9405065015350117
LLLLILLATLLAYLLSFLILI,LLLLALLATLLAYLLSFLILI,R,I,A,IA,4,0.8652250686697683
LLLLVLLATLLGGLLSILILI,LLLLVLLATLLGGLLSALILI,G,I,A,IA,16,0.9112082480801426
LLLYILLGLLLGTLLASLILI,LLLYALLGLLLGTLLASLILI,G,I,A,IA,4,0.913477352535894
LLLFYLLTALLIALLSLLILI,LLLFYLLTALLAALLSLLILI,R,I,A,IA,11,0.8796582565008563
LLLTALLIALLFLLLSVLILI,LLLTALLAALLFLLLSVLILI,R,I,A,IA,7,0.9140680067083106
LLLFALLASLLGILLTLLILI,LLLFALLASLLGALLTLLILI,G,I,A,IA,12,0.9574339060588332
LLLLALLFILTYLLAVLLILI,LLLLALLFALTYLLAVLLILI,L,I,A,IA,8,0.9677575982974854
LLLYVLLTILLALLLAFLILI,LLLYVLLTALLALLLAFLILI,R,I,A,IA,8,0.8884483854371579
LLLTALLIALLLVLLSFLILI,LLLTALLAALLLVLLSFLILI,R,I,A,IA,7,0.9256592366862452
LLLVGLLFALLGILLTLLILI,LLLVGLLFALLGALLTLLILI,G,I,A,IA,12,0.950889933351312
LLLTALLIALLFVLLSLLILI,LLLTALLAALLFVLLSLLILI,R,I,A,IA,7,0.930561063179894
LLLYVLLTILLALLLSFLILI,LLLYVLLTALLALLLSFLILI,R,I,A,IA,8,0.9552413100994439
LLLTFLLAILLGLLLGVLILI,LLLTFLLAALLGLLLGVLILI,G,I,A,IA,8,0.976847583514997
LLLVGLLFALLGILLSLLILI,LLLVGLLFALLGALLSLLILI,G,I,A,IA,12,0.9260675932909523
LLLVALLIALLLSLLFTLILI,LLLVALLAALLLSLLFTLILI,R,I,A,IA,7,0.9502715155504362
LLLLIFLLATLYVLLLLLILI,LLLLAFLLATLYVLLLLLILI,L,I,A,IA,4,0.8886083280245555
LLLYILLSTLLALLLAFLILI,LLLYALLSTLLALLLAFLILI,R,I,A,IA,4,0.8951908664731965
LLLYLLLATLLFVLLSILILI,LLLYLLLATLLFVLLSALILI,R,I,A,IA,16,0.9596263934920152
LLLFILLTALLAVLLSLLILI,LLLFALLTALLAVLLSLLILI,R,I,A,IA,4,0.8515783855225696
LLLYVLLGALLGILLTLLILI,LLLYVLLGALLGALLTLLILI,G,I,A,IA,12,0.9521631543719449
LLLLTLLVALLSTLLIFLILI,LLLLTLLVALLSTLLAFLILI,R,I,A,IA,15,0.8899674898762329
LLLTVLLGILLGLLLAFLILI,LLLTVLLGALLGLLLAFLILI,G,I,A,IA,8,0.9561040251780689
LLLYTLLIALLVLLLFSLILI,LLLYTLLAALLVLLLFSLILI,R,I,A,IA,7,0.9184312372125123
LLLVALLIALLFTLLSLLILI,LLLVALLAALLFTLLSLLILI,R,I,A,IA,7,0.9119983043028317
LLLVYLLTALLIALLSLLILI,LLLVYLLTALLAALLSLLILI,R,I,A,IA,11,0.9024509453305668
LLLLALLFALLTVLLSILILI,LLLLALLFALLTVLLSALILI,R,I,A,IA,16,0.9489183874139627
LLLLALLVSLLIALLFTLILI,LLLLALLVSLLAALLFTLILI,R,I,A,IA,11,0.9060325248673142
LLLTILLAVLLAYLLSLLILI,LLLTALLAVLLAYLLSLLILI,R,I,A,IA,4,0.858848949125909
LLLYALLLTLLVALLSILILI,LLLYALLLTLLVALLSALILI,R,I,A,IA,16,0.9350021202162624
LLLYALLLALLTVLLSILILI,LLLYALLLALLTVLLSALILI,R,I,A,IA,16,0.954064980591783
LLLYILLGLLLGTLLAFLILI,LLLYALLGLLLGTLLAFLILI,G,I,A,IA,4,0.8906534191166491
LLLLFALLTILVALLSLLILI,LLLLFALLTALVALLSLLILI,L,I,A,IA,9,0.9152874792859685
LLLTYLLLALLISLLFVLILI,LLLTYLLLALLASLLFVLILI,R,I,A,IA,11,0.8995017686135799
LLLLILLSTLLATLLVFLILI,LLLLALLSTLLATLLVFLILI,R,I,A,IA,4,0.8544641977740574
LLLYVLLAILLTLLLSFLILI,LLLYVLLAALLTLLLSFLILI,R,I,A,IA,8,0.9726586278801681
LLLYVLLIALLATLLSLLILI,LLLYVLLAALLATLLSLLILI,R,I,A,IA,7,0.9173658614792641
LLLLVALLTILFLLLSLLILI,LLLLVALLTALFLLLSLLILI,L,I,A,IA,9,0.9838752152334644
LLLLYILLALLFVLLSTLILI,LLLLYALLALLFVLLSTLILI,L,I,A,IA,5,0.890613410056418
LLLTALLIGLLFGLLVLLILI,LLLTALLAGLLFGLLVLLILI,G,I,A,IA,7,0.9091978382960686
LLLFVLLTILLGALLSLLILI,LLLFVLLTALLGALLSLLILI,G,I,A,IA,8,0.9210885604011866
LLLTALLIALLLSLLFVLILI,LLLTALLAALLLSLLFVLILI,R,I,A,IA,7,0.9306265389876873
LLLLILLLALLFVLTSLLILI,LLLLALLLALLFVLTSLLILI,L,I,A,IA,4,0.9355989635240185
LLLVGLLLILLGALLATLILI,LLLVGLLLALLGALLATLILI,G,I,A,IA,8,0.8864850498338874
LLLVALLTILLALLFSLLILI,LLLVALLTALLALLFSLLILI,L,I,A,IA,8,0.9566149536737767
LLLYILLLTLLAVLLSFLILI,LLLYALLLTLLAVLLSFLILI,R,I,A,IA,4,0.8927186029039723
LLLYTLLAILLGLLLGFLILI,LLLYTLLAALLGLLLGFLILI,G,I,A,IA,8,0.9406496477813237
LLLLTLLIALLVALLSFLILI,LLLLTLLAALLVALLSFLILI,R,I,A,IA,7,0.9330015792403737
LLLLVALLTILLSLLFLLILI,LLLLVALLTALLSLLFLLILI,L,I,A,IA,9,0.9713800825458672
LLLYSLLIALLFVLLTLLILI,LLLYSLLAALLFVLLTLLILI,R,I,A,IA,7,0.9144601605324977
LLLLVALLLLLTALLFILILI,LLLLVALLLLLTALLFALILI,L,I,A,IA,16,0.9795990586903052
LLLLALLFALLGILLSTLILI,LLLLALLFALLGALLSTLILI,G,I,A,IA,12,0.9487551233975764
LLLLAILLALLFVLTSLLILI,LLLLAALLALLFVLTSLLILI,L,I,A,IA,5,0.9863178545425125
LLLYILLATLLTLLLSFLILI,LLLYALLATLLTLLLSFLILI,R,I,A,IA,4,0.8552242483982252
LLLFALLLVLITLLLSLLILI,LLLFALLAVLITLLLSLLILI,L,L,A,LA,7,0.9299809770679607
LLLYLLLATLLFVLLSLLILI,LLLYLLLATLLFVLLSALILI,R,L,A,LA,16,0.8959889244525739
LLLYSLLLTLLATLLVFLILI,LLLYSLLATLLATLLVFLILI,R,L,A,LA,7,0.9141059327893784
LLLALLLGLLLGTLLSFLILI,LLLALLLGALLGTLLSFLILI,G,L,A,LA,8,0.8881849195850444
LLLAYLLGTLLGLLLGFLILI,LLLAYLLGTLLGALLGFLILI,G,L,A,LA,12,0.9196972825452682
LLLYVLLGILLGLLLAFLILI,LLLYVLLGILLGALLAFLILI,G,L,A,LA,12,0.9028775794543239
LLLLVALLLFLLYLLSTLILI,LLLLVALLAFLLYLLSTLILI,L,L,A,LA,8,0.9019836197509827
LLLALLLGTLLGFLLSILILI,LLLAALLGTLLGFLLSILILI,G,L,A,LA,4,0.9034963782536012
LLLAVLLFSLLGLLLGTLILI,LLLAVLLFSLLGALLGTLILI,G,L,A,LA,12,0.8834176257417073
LLLVALLFALLGLLLGTLILI,LLLVALLFALLGALLGTLILI,G,L,A,LA,12,0.8856760246783686
LLLAYLLGVLLGLLLGSLILI,LLLAYLLGVLLGALLGSLILI,G,L,A,LA,12,0.9285513756316677
LLLYLLLGALLGVLLSTLILI,LLLYALLGALLGVLLSTLILI,G,L,A,LA,4,0.8816053975369111
LLLYLLLFVLIALLLTLLILI,LLLYLLLFVLIALLATLLILI,L,L,A,LA,14,0.8671021156518124
LLLYALLFTLVALLLSLLILI,LLLYALLFTLVALLASLLILI,L,L,A,LA,14,0.9203579158936301
LLLTVLLGLLLGLLLGFLILI,LLLTVLLGLLLGALLGFLILI,G,L,A,LA,12,0.8694777827696126
LLLYVLLFLLLGALLGTLILI,LLLYVLLFALLGALLGTLILI,G,L,A,LA,8,0.9427885140299158
LLLLVLLLATLYLLLAFLILI,LLLLVLLLATLYALLAFLILI,L,L,A,LA,12,0.8875716242548186
LLLYGLLFLLLGVLLASLILI,LLLYGLLFALLGVLLASLILI,G,L,A,LA,8,0.8798979948479635
LLLLTLLIALLFLLVSLLILI,LLLLTLLIALLFALVSLLILI,L,L,A,LA,12,0.9536787758996725
LLLLLVLLAILLFLLSTLILI,LLLLLVLLAILAFLLSTLILI,L,L,A,LA,11,0.8797980983683523
LLLYLLLASLLGILLAFLILI,LLLYALLASLLGILLAFLILI,G,L,A,LA,4,0.8267710857274714
LLLLVALLLTLLALLFILILI,LLLLVALLATLLALLFILILI,L,L,A,LA,8,0.8934268512196631
LLLYLLLGALLGILLSTLILI,LLLYALLGALLGILLSTLILI,G,L,A,LA,4,0.806428352255293
LLLLLFLLAILYVLLLTLILI,LLLLAFLLAILYVLLLTLILI,L,L,A,LA,4,0.8650232273604924
LLLLALLILLTSLLFVLLILI,LLLLALLIALTSLLFVLLILI,L,L,A,LA,8,0.9448463779009677
LLLLVALLLILTLLLSFLILI,LLLLVALLAILTLLLSFLILI,L,L,A,LA,8,0.889870660734747
LLLLAVLLALLLILLSTLILI,LLLLAVLLALLAILLSTLILI,L,L,A,LA,11,0.9264168139940916
LLLSTLLGLLLGVLLAILILI,LLLSTLLGALLGVLLAILILI,G,L,A,LA,8,0.8961042501567572
LLLLALLLFVLTLLLSILILI,LLLLALLLFVLTALLSILILI,L,L,A,LA,12,0.8942002949002593
LLLLVLLLLTLIALLSFLILI,LLLLVLLLATLIALLSFLILI,L,L,A,LA,8,0.9070995977189338
LLLLAVLLLTLALLLSFLILI,LLLLAVLLATLALLLSFLILI,L,L,A,LA,8,0.8826199869159252
LLLLVALLTILFYLLSLLILI,LLLLVALLTILFYLLSALILI,L,L,A,LA,16,0.9387556996295237
LLLLVALLLILFLLLSTLILI,LLLLVALLAILFLLLSTLILI,L,L,A,LA,8,0.9124957180375294
LLLLFILLAVLLTLLLSLILI,LLLLFILLAVLATLLLSLILI,L,L,A,LA,11,0.8855922304175148
LLLYLLLGALLGTLLSFLILI,LLLYALLGALLGTLLSFLILI,G,L,A,LA,4,0.8132055620325866
LLLLVLLLLALTFLLSILILI,LLLLVLLLAALTFLLSILILI,L,L,A,LA,8,0.914389337909114
LLLLLALLLILVTLLSFLILI,LLLLLALLAILVTLLSFLILI,L,L,A,LA,8,0.873019898556379
LLLSTLLGALLGLLLAVLILI,LLLSTLLGALLGALLAVLILI,G,L,A,LA,12,0.8803453392688522
LLLLLLLLAVLYTLLSFLILI,LLLLALLLAVLYTLLSFLILI,L,L,A,LA,4,0.9155388593452701
LLLYTLLVSLLALLLAFLILI,LLLYTLLVSLLAALLAFLILI,R,L,A,LA,12,0.8906131603673508
LLLALLLTVLLGGLLFSLILI,LLLAALLTVLLGGLLFSLILI,G,L,A,LA,4,0.8743645778896862
LLLVSLLLFLIALLLTLLILI,LLLVSLLAFLIALLLTLLILI,L,L,A,LA,7,0.8195300783202798
LLLLFVLLITLALLLLSLILI,LLLLFVLLITLALLLASLILI,L,L,A,LA,15,0.8224491486315394
LLLLVALLLILTSLLFLLILI,LLLLVALLAILTSLLFLLILI,L,L,A,LA,8,0.8806969349570635
LLLLVALLLTLIALLFSLILI,LLLLVALLATLIALLFSLILI,L,L,A,LA,8,0.8828854645634426
LLLALLLGVLLGTLLGFLILI,LLLAALLGVLLGTLLGFLILI,G,L,A,LA,4,0.9096883932525464
LLLLLTLLAVLISLLFLLILI,LLLLLTLLAVLISLLFALILI,L,L,A,LA,16,0.9636809289928151
LLLLTLLVALLLFLISLLILI,LLLLTLLVALLAFLISLLILI,L,L,A,LA,11,0.9154402200170961
LLLYALLVALLFTLLSLLILI,LLLYALLVALLFTLLSALILI,R,L,A,LA,16,0.9587189364400807
LLLYTLLIALLFVLLSLLILI,LLLYTLLIALLFVLLSALILI,R,L,A,LA,16,0.9180809696591364
LLLLLALLFVLTWLLSLLILI,LLLLLALLFVLTWLLSALILI,L,L,A,LA,16,0.9637157454714357
LLLLLLLLFVLATLLSILILI,LLLLALLLFVLATLLSILILI,L,L,A,LA,4,0.9076609988968771
LLLAALLFSLLGLLLGTLILI,LLLAALLFSLLGALLGTLILI,G,L,A,LA,12,0.8763213312412256
LLLALLLGLLLGVLLGSLILI,LLLALLLGALLGVLLGSLILI,G,L,A,LA,8,0.8717666194448814
LLLYGLLFLLLGVLLATLILI,LLLYGLLFALLGVLLATLILI,G,L,A,LA,8,0.9141772176999574
LLLTVLLGLLLGFLLSALILI,LLLTVLLGALLGFLLSALILI,G,L,A,LA,8,0.9006751843772723
LLLLAVLTALLLLLFSLLILI,LLLLAVLTALLALLFSLLILI,L,L,A,LA,11,0.9072432746958148
LLLAYLLGVLLGLLLAFLILI,LLLAYLLGVLLGALLAFLILI,G,L,A,LA,12,0.9076093615978438
LLLYALLLLLVTLLFSLLILI,LLLYALLALLVTLLFSLLILI,L,L,A,LA,7,0.8518603876981385
LLLYTLLVLLLAFLLSILILI,LLLYTLLVALLAFLLSILILI,R,L,A,LA,8,0.8828885865538758
LLLTLLLGLLLGVLLGSLILI,LLLTLLLGALLGVLLGSLILI,G,L,A,LA,8,0.8482986101322209
LLLYILLTLLLGALLAFLILI,LLLYILLTALLGALLAFLILI,G,L,A,LA,8,0.9104074987397646
LLLYSLLALLLGTLLGFLILI,LLLYSLLAALLGTLLGFLILI,G,L,A,LA,8,0.873440558903688
LLLTALLVALLFALLSLLILI,LLLTALLVALLFALLSALILI,R,L,A,LA,16,0.9481636562941304
LLLTALLLLLVALLFSLLILI,LLLTALLALLVALLFSLLILI,L,L,A,LA,7,0.9039291818568025
LLLVALLLFLTALLLSLLILI,LLLVALLAFLTALLLSLLILI,L,L,A,LA,7,0.8646302725862458
LLLYTLLAVLIALLLSLLILI,LLLYTLLAVLIALLASLLILI,L,L,A,LA,14,0.8991075822261233
LLLYILLTVLLALLLSFLILI,LLLYILLTVLLAALLSFLILI,R,L,A,LA,12,0.9058177379983716
LLLLYVLLATLLALLSFLILI,LLLLYVLLATLAALLSFLILI,L,L,A,LA,11,0.8999347618808649
LLLFVLLIALLLTLLSLLILI,LLLFVLLIALLATLLSLLILI,R,L,A,LA,11,0.8932441687144993
LLLYALLTALLFVLLSLLILI,LLLYALLTALLFVLLSALILI,R,L,A,LA,16,0.9376229030946864
LLLYLLLTTLLAGLLFSLILI,LLLYALLTTLLAGLLFSLILI,G,L,A,LA,4,0.8818663763519746
LLLAILLYTLLAVLLSLLILI,LLLAILLYTLLAVLLSALILI,R,L,A,LA,16,0.9269742198100399
LLLYALLALLLGTLLGFLILI,LLLYALLAALLGTLLGFLILI,G,L,A,LA,8,0.8560630087747129
LLLTALLFLLVALLLSLLILI,LLLTALLFLLVALLASLLILI,L,L,A,LA,14,0.9237193292642788
LLLYSLLLALLATLLVFLILI,LLLYSLLAALLATLLVFLILI,R,L,A,LA,7,0.9112372701222876
LLLYLLLAVLLAFLLTSLILI,LLLYALLAVLLAFLLTSLILI,R,L,A,LA,4,0.8106523993447455
LLLTSLLLALLFVLLILLILI,LLLTSLLAALLFVLLILLILI,R,L,A,LA,7,0.9290456830811424
LLLAALLFSLLTTLLVLLILI,LLLAALLFSLLTTLLVALILI,R,L,A,LA,16,0.9631636803341759
LLLFSLLVLLTALLYLLLILI,LLLFSLLVALTALLYLLLILI,L,L,A,LA,8,0.8727131280388979
LLLYTLLVALLFALLSLLILI,LLLYTLLVALLFALLSALILI,R,L,A,LA,16,0.8890832027786887
LLLYALLVTLLFTLLSLLILI,LLLYALLVTLLFTLLSALILI,R,L,A,LA,16,0.9585338397021177
LLLVGLLLALLGLLLGTLILI,LLLVGLLLALLGALLGTLILI,G,L,A,LA,12,0.8687138007909211
LLLYLLLATLLAVLLSFLILI,LLLYALLATLLAVLLSFLILI,R,L,A,LA,4,0.8545990699784514
LLLYSLLLTLLATLLAFLILI,LLLYSLLATLLATLLAFLILI,R,L,A,LA,7,0.9237345397925908
LLLVALLLTLLAILLSFLILI,LLLVALLATLLAILLSFLILI,R,L,A,LA,7,0.8738879926250295
LLLVALLLALLFALLSTLILI,LLLVALLAALLFALLSTLILI,R,L,A,LA,7,0.9455439759484121
LLLYLLLVALLATLLSFLILI,LLLYALLVALLATLLSFLILI,R,L,A,LA,4,0.8542526548486841
LLLTALLVGLLGLLLGFLILI,LLLTALLVGLLGALLGFLILI,G,L,A,LA,12,0.8468985158862875
LLLLLVLTALLYILFLLLILI,LLLLAVLTALLYILFLLLILI,L,L,A,LA,4,0.8573452297990473
LLLYVLLTALLFALLSLLILI,LLLYVLLTALLFALLSALILI,R,L,A,LA,16,0.8728287608796098
LLLVALLLALLFTLLSILILI,LLLVALLAALLFTLLSILILI,R,L,A,LA,7,0.9361954842131964
LLLYLLLGTLLGILLAFLILI,LLLYALLGTLLGILLAFLILI,G,L,A,LA,4,0.8295238491749586
LLLYTLLVALLFLLLSLLILI,LLLYTLLVALLFLLLSALILI,R,L,A,LA,16,0.918653956347346
LLLYLLLVTLLAILLSFLILI,LLLYALLVTLLAILLSFLILI,R,L,A,LA,4,0.9101771617010954
LLLAILLVTLLFTLLSLLILI,LLLAILLVTLLFTLLSALILI,R,L,A,LA,16,0.8963004414599263
LLLFSLLLTLLVALLSYLILI,LLLFSLLATLLVALLSYLILI,R,L,A,LA,7,0.9589122802261113
LLLYILLFALLTVLLSLLILI,LLLYILLFALLTVLLSALILI,R,L,A,LA,16,0.9303164392221037
LLLTALLLALLAVLLSFLILI,LLLTALLAALLAVLLSFLILI,R,L,A,LA,7,0.9145024458255541
LLLYALLVALLLTLLSWLILI,LLLYALLVALLATLLSWLILI,R,L,A,LA,11,0.8261750163817232
LLLVALLLILTFLLASLLILI,LLLVALLAILTFLLASLLILI,L,L,A,LA,7,0.8800565342486503
LLLAVLLITLLFTLLSLLILI,LLLAVLLITLLFTLLSALILI,R,L,A,LA,16,0.8986387794429915
LLLATLLFALLVLLLSLLILI,LLLATLLFALLVLLLSALILI,R,L,A,LA,16,0.9179282340998371
LLLAILLLTLLFVLLSLLILI,LLLAILLLTLLFVLLSALILI,R,L,A,LA,16,0.9220800391229929
LLLYTLLIALLAVLLSLLILI,LLLYTLLIALLAVLLSALILI,R,L,A,LA,16,0.9031801286211578
LLLLAVLIFLLATLLSLLILI,LLLLAVLIFLLATLASLLILI,L,L,A,LA,14,0.8870790770990129
LLLFYLLITLLVALLSLLILI,LLLFYLLITLLVALLSALILI,R,L,A,LA,16,0.8295158299758815
LLLYALLFALLTVLLSLLILI,LLLYALLFALLTVLLSALILI,R,L,A,LA,16,0.9374389381127244
LLLALLLGLLLGTLLGFLILI,LLLAALLGLLLGTLLGFLILI,G,L,A,LA,4,0.8559147009057431
LLLYVLLFILLALLLSTLILI,LLLYVLLFILLAALLSTLILI,R,L,A,LA,12,0.9334743433474337
LLLFSLLTALLGLLLGVLILI,LLLFSLLTALLGALLGVLILI,G,L,A,LA,12,0.8812360616552282
LLLYVLLTTLLFALLSLLILI,LLLYVLLTTLLFALLSALILI,R,L,A,LA,16,0.8934346121014928
LLLYWLLTALLLSLLFVLILI,LLLYWLLTALLASLLFVLILI,R,L,A,LA,11,0.9137081835022343
LLLYLLLATLLAVLLSILILI,LLLYALLATLLAVLLSILILI,R,L,A,LA,4,0.8261671867498794
LLLYALLLSLLTALLVFLILI,LLLYALLASLLTALLVFLILI,R,L,A,LA,7,0.9094034166792482
LLLYVLLFALLTVLLSLLILI,LLLYVLLFALLTVLLSALILI,R,L,A,LA,16,0.894281868764656
LLLTVLLALLLGFLLGSLILI,LLLTVLLAALLGFLLGSLILI,G,L,A,LA,8,0.9112434091640468
LLLLLILTALLFVLLSLLILI,LLLLAILTALLFVLLSLLILI,L,L,A,LA,4,0.9096231111276841
LLLYSLLLALLFALLTILILI,LLLYSLLAALLFALLTILILI,R,L,A,LA,7,0.9281962870778432
LLLYLLLFTLLAVLLSILILI,LLLYALLFTLLAVLLSILILI,R,L,A,LA,4,0.8437539138058188
LLLYTLLVALLALLLGLLILI,LLLYTLLVALLAALLGLLILI,G,L,A,LA,12,0.8933294597632908
LLLYFLLAILVTLLLSLLILI,LLLYFLLAILVTLLASLLILI,L,L,A,LA,14,0.9262471135132947
LLLTLLLAVLLAYLLSFLILI,LLLTALLAVLLAYLLSFLILI,R,L,A,LA,4,0.8651997203041691
LLLYLLLSTLLAFLLAILILI,LLLYALLSTLLAFLLAILILI,R,L,A,LA,4,0.8385008612546532
LLLYALLFALLLSLLVTLILI,LLLYALLFALLASLLVTLILI,R,L,A,LA,11,0.9563359322335698
LLLYALLLTLLSILLVFLILI,LLLYALLATLLSILLVFLILI,R,L,A,LA,7,0.8913225515146547
LLLYALLTALLGLLLGFLILI,LLLYALLTALLGALLGFLILI,G,L,A,LA,12,0.8646307747020147
LLLYLLLATLLAILLFSLILI,LLLYALLATLLAILLFSLILI,R,L,A,LA,4,0.8454815819680683
LLLLLFLLATLLILLSVLILI,LLLLAFLLATLLILLSVLILI,L,L,A,LA,4,0.8899199701055646
LLLYILLTALLVALLSLLILI,LLLYILLTALLVALLSALILI,R,L,A,LA,16,0.824303211226739
LLLYALLFVLTALLLSLLILI,LLLYALLFVLTALLASLLILI,L,L,A,LA,14,0.9198611573391656
LLLTALLIALLLVLLSWLILI,LLLTALLIALLAVLLSWLILI,R,L,A,LA,11,0.8966614672436348
LLLYALLLALLFSLLVTLILI,LLLYALLAALLFSLLVTLILI,R,L,A,LA,7,0.9350794425464994
LLLFSLLLTLLAALLSYLILI,LLLFSLLATLLAALLSYLILI,R,L,A,LA,7,0.9324426581320625
LLLYVLLFTLLAALLSLLILI,LLLYVLLFTLLAALLSALILI,R,L,A,LA,16,0.9325360824742266
LLLVLLLATLLGSLLGTLILI,LLLVALLATLLGSLLGTLILI,G,L,A,LA,4,0.8771682431926525
LLLYTLLVALLATLLSLLILI,LLLYTLLVALLATLLSALILI,R,L,A,LA,16,0.9298691497508411
LLLVALLIALLLTLLSLLILI,LLLVALLIALLATLLSLLILI,R,L,A,LA,11,0.8952831185294736
LLLTSLLFALLGLLLGVLILI,LLLTSLLFALLGALLGVLILI,G,L,A,LA,12,0.895675245423189
LLLYSLLLALLFALLVTLILI,LLLYSLLAALLFALLVTLILI,R,L,A,LA,7,0.9222506393861887
LLLYSLLTALLVALLFLLILI,LLLYSLLAALLVALLFLLILI,R,T,A,TA,7,0.947764317305191
LLLTVLLASLLGALLFGLILI,LLLTALLASLLGALLFGLILI,G,V,A,VA,4,0.9475935558171028
LLLAGLLFLLLGVLLATLILI,LLLAGLLFLLLGALLATLILI,G,V,A,VA,12,0.9552875392841111
LLLSSLLFLLLGVLLGTLILI,LLLSSLLFLLLGALLGTLILI,G,V,A,VA,12,0.9684975682517671
LLLLALLTVLLALLFSLLILI,LLLLALLTALLALLFSLLILI,L,V,A,VA,8,0.9875755580824704
LLLVALLALLLGTLLSFLILI,LLLAALLALLLGTLLSFLILI,G,V,A,VA,3,0.9349268430857722
LLLYALLVALLTALLSLLILI,LLLYALLAALLTALLSLLILI,R,V,A,VA,7,0.9173536563667645
LLLLALLVALLFALLSTLILI,LLLLALLAALLFALLSTLILI,R,V,A,VA,7,0.9357571973041058
LLLAALLALLLGVLLGTLILI,LLLAALLALLLGALLGTLILI,G,V,A,VA,12,0.9447142282914531
LLLAGLLFLLLGVLLGTLILI,LLLAGLLFLLLGALLGTLILI,G,V,A,VA,12,0.9236800348464572
LLLLFVLLWTLALLLSILILI,LLLLFVLLATLALLLSILILI,L,W,A,WA,8,0.8630655515486326
LLLWTLLVFLLAILLSLLILI,LLLATLLVFLLAILLSLLILI,R,W,A,WA,3,0.8212392960690441
LLLLWALLFVLATLLSLLILI,LLLLAALLFVLATLLSLLILI,L,W,A,WA,4,0.9302140209636918
LLLTWLLVALLLALLFSLILI,LLLTALLVALLLALLFSLILI,R,W,A,WA,4,0.7955900995448785
LLLLIVLTWLLALLFSLLILI,LLLLIVLTALLALLFSLLILI,L,W,A,WA,8,0.991695508713157
LLLSYLLVALLTILLWLLILI,LLLSYLLVALLTILLALLILI,R,W,A,WA,15,0.7472844184177287
LLLLFWLLAVLTALLYLLILI,LLLLFALLAVLTALLYLLILI,L,W,A,WA,5,0.9601579836723058
LLLYALLFLLVILLWSLLILI,LLLYALLFLLVILLASLLILI,L,W,A,WA,14,0.8556429305875364
LLLLLWLLTVLIALLSFLILI,LLLLLALLTVLIALLSFLILI,L,W,A,WA,5,0.8963615170059532
LLLLWTLIALLLVLFSLLILI,LLLLATLIALLLVLFSLLILI,L,W,A,WA,4,0.911655372700871
LLLYWLLTVLFLLLASLLILI,LLLYALLTVLFLLLASLLILI,L,W,A,WA,4,0.7450140442841171
LLLYWLLVALLISLLTLLILI,LLLYALLVALLISLLTLLILI,R,W,A,WA,4,0.8601258618659481
LLLYWLLLALLVALLSTLILI,LLLYALLLALLVALLSTLILI,R,W,A,WA,4,0.806777916636036
LLLSYLLIALLTVLLWLLILI,LLLSYLLIALLTVLLALLILI,R,W,A,WA,15,0.7278927913390782
LLLVWLLTALLIALLSLLILI,LLLVALLTALLIALLSLLILI,R,W,A,WA,4,0.8731542193080662
LLLYWLLVALLITLLFLLILI,LLLYALLVALLITLLFLLILI,R,W,A,WA,4,0.9342328102066163
LLLYWLLVALLLALLSTLILI,LLLYALLVALLLALLSTLILI,R,W,A,WA,4,0.8904394861392839
LLLLYLLITLLFSLLVALILI,LLLLALLITLLFSLLVALILI,R,Y,A,YA,4,0.7799173119532192
LLLSYLLTILLAVLLSLLILI,LLLSALLTILLAVLLSLLILI,R,Y,A,YA,4,0.737278672834583
LLLTYLLVALLAILLSLLILI,LLLTALLVALLAILLSLLILI,R,Y,A,YA,4,0.7806104253189602
LLLAYLLFTLLAVLLSLLILI,LLLAALLFTLLAVLLSLLILI,R,Y,A,YA,4,0.755615715836027
LLLTYLLVALLIALLFLLILI,LLLTALLVALLIALLFLLILI,R,Y,A,YA,4,0.8007159554386206
LLLAYLLVFLLALLLSTLILI,LLLAALLVFLLALLLSTLILI,R,Y,A,YA,4,0.7430196546280563
LLLAYLLTTLLALLLSFLILI,LLLAALLTTLLALLLSFLILI,R,Y,A,YA,4,0.7574903574183597
LLLLFVLLAILYLLLSTLILI,LLLLFVLLAILALLLSTLILI,L,Y,A,YA,11,0.8817581908694478
LLLTYLLTILLAVLLSLLILI,LLLTALLTILLAVLLSLLILI,R,Y,A,YA,4,0.7917225273537176
LLLASLLTLLLGYLLGVLILI,LLLASLLTLLLGALLGVLILI,G,Y,A,YA,12,0.7693999511252302
LLLWYLLLVLLATLLSFLILI,LLLWALLLVLLATLLSFLILI,R,Y,A,YA,4,0.8502961224717848
LLLLYVLIALLLLLTSLLILI,LLLLAVLIALLLLLTSLLILI,L,Y,A,YA,4,0.8222304361601015
LLLVYLLLALLFTLLSILILI,LLLVALLLALLFTLLSILILI,R,Y,A,YA,4,0.8461701818506968
LLLTYLLVFLLALLLSILILI,LLLTALLVFLLALLLSILILI,R,Y,A,YA,4,0.7332359839948491
LLLVYLLTALLISLLFLLILI,LLLVALLTALLISLLFLLILI,R,Y,A,YA,4,0.8025308745075312
LLLLYLLTALLIALLFVLILI,LLLLALLTALLIALLFVLILI,R,Y,A,YA,4,0.8022959724992568
LLLSYLLVALLITLLFLLILI,LLLSALLVALLITLLFLLILI,R,Y,A,YA,4,0.8528283910920568
LLLAYLLFALLTVLLSLLILI,LLLAALLFALLTVLLSLLILI,R,Y,A,YA,4,0.7621803992583969
LLLVSLLLTLLAYLLALLILI,LLLVSLLLTLLAALLALLILI,R,Y,A,YA,12,0.8238798773978018
LLLAYLLLTLLVALLSILILI,LLLAALLLTLLVALLSILILI,R,Y,A,YA,4,0.8644114897809665
LLLVYLLLALLTSLLFILILI,LLLVALLLALLTSLLFILILI,R,Y,A,YA,4,0.8374674144877159
LLLFALLLVLITLLYSLLILI,LLLFALLLVLITLLASLLILI,L,Y,A,YA,14,0.7740797426651791
LLLFYLLVALLLTLLSTLILI,LLLFALLVALLLTLLSTLILI,R,Y,A,YA,4,0.8214004100299634
LLLLALLTALLYVLFSLLILI,LLLLALLTALLAVLFSLLILI,L,Y,A,YA,11,0.9061182926484314
LLLLIFLLAVLYLLLSTLILI,LLLLIFLLAVLALLLSTLILI,L,Y,A,YA,11,0.8281158400750378
LLLFALLLLLVTLLYSLLILI,LLLFALLLLLVTLLASLLILI,L,Y,A,YA,14,0.7655615157057456
LLLSYLLGLLLGFLLSTLILI,LLLSALLGLLLGFLLSTLILI,G,Y,A,YA,4,0.7797640044149611
LLLFALLLILTALLYVLLILI,LLLFALLLILTALLAVLLILI,L,Y,A,YA,14,0.8806416740666385
LLLAILLFTLLAYLLSLLILI,LLLAILLFTLLAALLSLLILI,R,Y,A,YA,12,0.8513397120227685
LLLLVLLTILLAYLLSFLILI,LLLLVLLTILLAALLSFLILI,R,Y,A,YA,12,0.7912944223719742
LLLFTLLVALLAYLLSLLILI,LLLFTLLVALLAALLSLLILI,R,Y,A,YA,12,0.8044150652656964
LLLTALLFALLAYLLSLLILI,LLLTALLFALLAALLSLLILI,R,Y,A,YA,12,0.8113179383615767
LLLAYLLVLLLATLLSFLILI,LLLAALLVLLLATLLSFLILI,R,Y,A,YA,4,0.7870506404664619
LLLLYLLVTLLFALLSILILI,LLLLALLVTLLFALLSILILI,R,Y,A,YA,4,0.7709723130586443
LLLSYLLGVLLGLLLGTLILI,LLLSALLGVLLGLLLGTLILI,G,Y,A,YA,4,0.7837006166482919
LLLLWVLLATLYLLLSFLILI,LLLLWVLLATLALLLSFLILI,L,Y,A,YA,11,0.8452200853345898
LLLTYLLFTLLAVLLSLLILI,LLLTALLFTLLAVLLSLLILI,R,Y,A,YA,4,0.8018639868941536
LLLSTLLVALLFYLLALLILI,LLLSTLLVALLFALLALLILI,R,Y,A,YA,12,0.8524191313096059
LLLSYLLGVLLGTLLGFLILI,LLLSALLGVLLGTLLGFLILI,G,Y,A,YA,4,0.7232473715283451
LLLSYLLGLLLGTLLGFLILI,LLLSALLGLLLGTLLGFLILI,G,Y,A,YA,4,0.7535954895121595
LLLLYLLLFILAVLLSTLILI,LLLLALLLFILAVLLSTLILI,L,Y,A,YA,4,0.8866410787057714
LLLTYLLGVLLGLLLGFLILI,LLLTALLGVLLGLLLGFLILI,G,Y,A,YA,4,0.8725074052584978
LLLVYLLLALLTALLSILILI,LLLVALLLALLTALLSILILI,R,Y,A,YA,4,0.8331449843781166
LLLSYLLVFLLATLLSLLILI,LLLSALLVFLLATLLSLLILI,R,Y,A,YA,4,0.7487258901434166
LLLAYLLIALLVSLLTLLILI,LLLAALLIALLVSLLTLLILI,R,Y,A,YA,4,0.7376273030391555
LLLTSLLVGLLAYLLGLLILI,LLLTSLLVGLLAALLGLLILI,G,Y,A,YA,12,0.7609898727370493
LLLFYLLVALLTLLLSILILI,LLLFALLVALLTLLLSILILI,R,Y,A,YA,4,0.7285328753680079
LLLSYLLGVLLGLLLATLILI,LLLSALLGVLLGLLLATLILI,G,Y,A,YA,4,0.7517612929962706
LLLFVLLATLLAYLLSLLILI,LLLFVLLATLLAALLSLLILI,R,Y,A,YA,12,0.8421478341373085
LLLTYLLIVLLALLLSFLILI,LLLTALLIVLLALLLSFLILI,R,Y,A,YA,4,0.8815461018997816
LLLSFLLVLLLGTLLAYLILI,LLLSFLLVLLLGTLLAALILI,G,Y,A,YA,16,0.8387063596365928
LLLAYLLGLLLGFLLGTLILI,LLLAALLGLLLGFLLGTLILI,G,Y,A,YA,4,0.8409898321695456
LLLTYLLLVLLAILLSFLILI,LLLTALLLVLLAILLSFLILI,R,Y,A,YA,4,0.8401800204882645
LLLTYLLVFLLALLLASLILI,LLLTALLVFLLALLLASLILI,R,Y,A,YA,4,0.7415910787396227
LLLTYLLTVLLAFLLSLLILI,LLLTALLTVLLAFLLSLLILI,R,Y,A,YA,4,0.7816356081591542
LLLAYLLLTLLATLLSFLILI,LLLAALLLTLLATLLSFLILI,R,Y,A,YA,4,0.8594904694343344
LLLLALLWFLTSLLYVLLILI,LLLLALLWFLTSLLAVLLILI,L,Y,A,YA,14,0.8451510881795422
LLLSYLLTLLLAFLLSILILI,LLLSALLTLLLAFLLSILILI,R,Y,A,YA,4,0.7405838474997701
LLLAYLLIALLLTLLFVLILI,LLLAALLIALLLTLLFVLILI,R,Y,A,YA,4,0.8344771901493748
LLLSYLLFTLLALLLSILILI,LLLSALLFTLLALLLSILILI,R,Y,A,YA,4,0.7604693015851041
LLLFYLLTALLITLLVLLILI,LLLFALLTALLITLLVLLILI,R,Y,A,YA,4,0.8241675141463922
LLLSYLLVFLLALLLATLILI,LLLSALLVFLLALLLATLILI,R,Y,A,YA,4,0.7473351483549444
LLLAYLLTVLLAFLLSLLILI,LLLAALLTVLLAFLLSLLILI,R,Y,A,YA,4,0.7729630790700499
LLLSYLLFTLLALLLAVLILI,LLLSALLFTLLALLLAVLILI,R,Y,A,YA,4,0.7912415869642224
LLLSYLLFTLLAILLTLLILI,LLLSALLFTLLAILLTLLILI,R,Y,A,YA,4,0.7751861951519202
LLLAYLLLTLLAVLLSILILI,LLLAALLLTLLAVLLSILILI,R,Y,A,YA,4,0.837394909147263
LLLTYLLVALLTFLLSLLILI,LLLTALLVALLTFLLSLLILI,R,Y,A,YA,4,0.7705509941636167
LLLSYLLVILLTLLLAFLILI,LLLSALLVILLTLLLAFLILI,R,Y,A,YA,4,0.7204159079219894
LLLLILLTTLLAYLLSFLILI,LLLLILLTTLLAALLSFLILI,R,Y,A,YA,12,0.7998973431973136
LLLTYLLFTLLALLLSVLILI,LLLTALLFTLLALLLSVLILI,R,Y,A,YA,4,0.7947827896374624
LLLLVLLITLLFALLSYLILI,LLLLVLLITLLFALLSALILI,R,Y,A,YA,16,0.8158329736046914
LLLTYLLTILLAFLLSLLILI,LLLTALLTILLAFLLSLLILI,R,Y,A,YA,4,0.7064440954455643
LLLFSLLTTLLAYLLALLILI,LLLFSLLTTLLAALLALLILI,R,Y,A,YA,12,0.8161158905730801
LLLLTLLVGLLFALLYGLILI,LLLLTLLVGLLFALLAGLILI,G,Y,A,YA,15,0.9364006266362463
LLLFALLTTLLAYLLSLLILI,LLLFALLTTLLAALLSLLILI,R,Y,A,YA,12,0.7974894112528629
LLLAYLLGVLLGLLLTFLILI,LLLAALLGVLLGLLLTFLILI,G,Y,A,YA,4,0.8182446859089061
LLLLVFLLALLYLLTSLLILI,LLLLVFLLALLALLTSLLILI,L,Y,A,YA,11,0.7529635063695004
LLLFYLLLTLLVALLSILILI,LLLFALLLTLLVALLSILILI,R,Y,A,YA,4,0.7688840079489591
LLLLVTLLAILLYLLSLLILI,LLLLVTLLAILLALLSLLILI,L,Y,A,YA,12,0.8305794966345262
LLLLILLSVLLAYLLTFLILI,LLLLILLSVLLAALLTFLILI,R,Y,A,YA,12,0.8016117758315854
LLLTYLLIALLLALLFVLILI,LLLTALLIALLLALLFVLILI,R,Y,A,YA,4,0.800811157554939
LLLTYLLVALLIALLSLLILI,LLLTALLVALLIALLSLLILI,R,Y,A,YA,4,0.7840675071575671
LLLLALLFLLTSLLYVLLILI,LLLLALLFLLTSLLAVLLILI,L,Y,A,YA,14,0.8702365579580734
LLLAVLLLTLLFALLSYLILI,LLLAVLLLTLLFALLSALILI,R,Y,A,YA,16,0.8255709165386586
LLLFALLTILLAYLLSLLILI,LLLFALLTILLAALLSLLILI,R,Y,A,YA,12,0.815714801127222
LLLTALLVALLAYLLSFLILI,LLLTALLVALLAALLSFLILI,R,Y,A,YA,12,0.8042967480690882
LLLVYLLTILLALLLSFLILI,LLLVALLTILLALLLSFLILI,R,Y,A,YA,4,0.7945395055504483
LLLASLLLALLFVLLYTLILI,LLLASLLLALLFVLLATLILI,R,Y,A,YA,15,0.8530556674145235
LLLTYLLFVLLAILLSLLILI,LLLTALLFVLLAILLSLLILI,R,Y,A,YA,4,0.8448981907941397
LLLSYLLFVLLALLLATLILI,LLLSALLFVLLALLLATLILI,R,Y,A,YA,4,0.7900645912455299
LLLSYLLVALLTLLLSFLILI,LLLSALLVALLTLLLSFLILI,R,Y,A,YA,4,0.7192408678428303
LLLALLLVTLLAYLLSFLILI,LLLALLLVTLLAALLSFLILI,R,Y,A,YA,12,0.7753290809622785
LLLLVLLIALLFTLLSYLILI,LLLLVLLIALLFTLLSALILI,R,Y,A,YA,16,0.8337004991326376
LLLAYLLLSLLITLLFVLILI,LLLAALLLSLLITLLFVLILI,R,Y,A,YA,4,0.8598108662893478
LLLTFLLGLLLGYLLASLILI,LLLTFLLGLLLGALLASLILI,G,Y,A,YA,12,0.7926700227658965
LLLTALLFLLLGYLLGSLILI,LLLTALLFLLLGALLGSLILI,G,Y,A,YA,12,0.815012174190716
LLLAYLLVALLTLLLSFLILI,LLLAALLVALLTLLLSFLILI,R,Y,A,YA,4,0.8667753655749696
LLLSYLLVLLLAFLLTILILI,LLLSALLVLLLAFLLTILILI,R,Y,A,YA,4,0.7509621402793871
LLLVYLLTTLLAFLLSLLILI,LLLVALLTTLLAFLLSLLILI,R,Y,A,YA,4,0.7275206922498116
LLLAGLLFLLLGTLLSYLILI,LLLAGLLFLLLGTLLSALILI,G,Y,A,YA,16,0.9261011196504515
LLLFYLLVALLTALLSLLILI,LLLFALLVALLTALLSLLILI,R,Y,A,YA,4,0.8181244170194449
LLLFYLLVALLLTLLSLLILI,LLLFALLVALLLTLLSLLILI,R,Y,A,YA,4,0.7790378086241541
LLLVALLLFLLSLLYTLLILI,LLLVALLLFLLSLLATLLILI,L,Y,A,YA,14,0.7937534627823378
LLLVYLLITLLFALLSLLILI,LLLVALLITLLFALLSLLILI,R,Y,A,YA,4,0.7422930377554551
LLLFYLLVALLISLLTLLILI,LLLFALLVALLISLLTLLILI,R,Y,A,YA,4,0.7855810096403023
LLLFYLLVILLALLLSTLILI,LLLFALLVILLALLLSTLILI,R,Y,A,YA,4,0.7809198456380083
LLLLFLLLAVLYLLLSTLILI,LLLLFLLLAVLALLLSTLILI,L,Y,A,YA,11,0.8116271386666931
LLLAVLLLTLLFTLLSYLILI,LLLAVLLLTLLFTLLSALILI,R,Y,A,YA,16,0.8396634949643433
LLLTFLLALLLGYLLGSLILI,LLLTFLLALLLGALLGSLILI,G,Y,A,YA,12,0.8011719491364586
LLLLYLLIALLVALLSTLILI,LLLLALLIALLVALLSTLILI,R,Y,A,YA,4,0.856123250642485
LLLLVLLTGLLFGLLYALILI,LLLLVLLTGLLFGLLAALILI,G,Y,A,YA,15,0.9223792063217982
LLLSYLLFVLLALLLSTLILI,LLLSALLFVLLALLLSTLILI,R,Y,A,YA,4,0.7842165568604981
LLLTLLLATLLAYLLSFLILI,LLLTLLLATLLAALLSFLILI,R,Y,A,YA,12,0.8080505050505049
LLLYVLLGLLLGFLLSTLILI,LLLAVLLGLLLGFLLSTLILI,G,Y,A,YA,3,0.7969446865227873
