Sample,Sequence,Computational Score (kcal/mol),GpA (%),,
G_001,LLLTSLLLGLLFALLAYLILI,-24.73,0.22 Â± 0.13,,
G_002,LLLYALLTALLGLLLGFLILI,-15.18,0.23 Â± 0.08,,
G_003,LLLVTLLLGLLFALLSTLILI,-26.16,0.25 Â± 0.05,,
G_004,LLLYALLFLLLGTLLSILILI,-15.45,0.17 Â± 0.05,,
G_005,LLLYFLLATLLGLLLGVLILI,-35.12,0.36 Â± 0.02,,
G_006,LLLYVLLGLLLGTLLAFLILI,-34.97,0.32 Â± 0.14,,
G_007,LLLYLLLGALLGILLSTLILI,-29.9,0.75 Â± 0.08,,
G_008,LLLYFLLALLLGTLLGSLILI,-35.41,0.23 Â± 0.02,,
G_009,LLLYVLLATLLGLLLGFLILI,-28.48,0.3 Â± 0.06,,
G_010,LLLLVLLATLLGGLLSILILI,-19.93,0.26 Â± 0.05,,
G_011,LLLTALLFLLLGYLLGSLILI,-15.85,1.09 Â± 0.12,,
G_012,LLLFALLASLLGILLTLLILI,-26.35,0.19 Â± 0.04,,
G_013,LLLFSLLTALLGLLLGVLILI,-21.8,0.27 Â± 0.05,,
G_014,LLLYLLLGALLGALLTFLILI,-34.32,1.12 Â± 0.17,,
G_015,LLLALLLGLLLGTLLGFLILI,-21.76,0.81 Â± 0.07,,
G_016,LLLYTLLVGLLFALLGLLILI,-22.03,0.25 Â± 0.01,,
G_017,LLLYLLLASLLGILLAFLILI,-34.17,0.15 Â± 0.02,,
G_018,LLLVTLLLSLLAGLLFALILI,-18.48,0.34 Â± 0.05,,
G_019,LLLVGLLLILLGALLATLILI,-15.08,0.96 Â± 0.12,,
G_020,LLLTLLLGLLLGVLLGSLILI,-37.29,0.91 Â± 0.21,,
G_021,LLLAFLLGTLLGVLLGLLILI,-37.15,1.33 Â± 0.24,,
G_022,LLLYSLLALLLGTLLGFLILI,-22.59,0.15 Â± 0.05,,
G_023,LLLLFLLGTLLGALLAYLILI,-31.69,1.15 Â± 0.16,,
G_024,LLLYLLLGILLGTLLAFLILI,-36.83,0.53 Â± 0.04,,
G_025,LLLYTLLVALLALLLGLLILI,-22.53,0.33 Â± 0.05,,
G_026,LLLTVLLLGLLFGLLFALILI,-22.26,0.5 Â± 0.05,,
G_027,LLLAVLLLTLLGGLLFALILI,-18.6,0.28 Â± 0.04,,
G_028,LLLTVLLASLLGALLFGLILI,-24.73,0.25 Â± 0.11,,
G_029,LLLTALLIGLLFGLLVLLILI,-14.95,0.39 Â± 0.06,,
G_030,LLLAGLLFLLLGVLLATLILI,-22.42,0.33 Â± 0.01,,
G_031,LLLYVLLTLLLGALLGFLILI,-22.36,0.26 Â± 0.08,,
G_032,LLLFVLLTILLGALLSLLILI,-15.06,0.25 Â± 0.05,,
G_033,LLLAYLLGVLLGLLLAFLILI,-35.55,1.12 Â± 0.09,,
G_034,LLLYGLLFALLGTLLSLLILI,-29.53,0.19 Â± 0.01,,
G_035,LLLLVLLTGLLFGLLYALILI,-26.51,0.31 Â± 0.08,,
G_036,LLLYALLALLLGTLLGFLILI,-16.12,0.19 Â± 0.03,,
G_037,LLLSFLLVLLLGTLLAYLILI,-21.46,0.19 Â± 0.07,,
G_038,LLLAALLALLLGVLLGTLILI,-17.8,0.39 Â± 0.04,,
G_039,LLLLVLLTTLLGALLFGLILI,-17.73,0.16 Â± 0.08,,
G_040,LLLYVLLFTLLGALLGLLILI,-27.82,0.22 Â± 0.03,,
G_041,LLLLTLLVALLAGLLFSLILI,-20.31,0.31 Â± 0.03,,
G_042,LLLVALLALLLGTLLSFLILI,-27.01,0.28 Â± 0.05,,
G_043,LLLTFLLAVLLGLLLGSLILI,-27.01,0.6 Â± 0.14,,
G_044,LLLTFLLAILLGLLLGVLILI,-21.01,0.64 Â± 0.05,,
G_045,LLLYVLLALLLGTLLGFLILI,-27.25,0.18 Â± 0.03,,
G_046,LLLVTLLFSLLGALLSLLILI,-17.19,0.48 Â± 0.05,,
G_047,LLLYILLGLLLGTLLASLILI,-32.08,0.31 Â± 0.04,,
G_048,LLLVTLLLTLLGALLSALILI,-27.56,0.28 Â± 0.03,,
G_049,LLLYGLLFLLLGVLLATLILI,-27.64,0.4 Â± 0.04,,
G_050,LLLLFLLATLLGYLLSILILI,-31.69,0.42 Â± 0.04,,
G_051,LLLTVLLGLLLGFLLSALILI,-27.67,0.72 Â± 0.05,,
G_052,LLLVGLLLALLGLLLGTLILI,-20.8,0.39 Â± 0.05,,
G_053,LLLVGLLFALLGILLSLLILI,-32.71,0.3 Â± 0.03,,
G_054,LLLYLLLGALLGTLLSFLILI,-32.9,0.53 Â± 0.04,,
G_055,LLLTVLLGLLLGLLLGFLILI,-32.92,0.54 Â± 0.06,,
G_056,LLLTALLFLLLGVLLASLILI,-16.15,0.82 Â± 0.11,,
G_057,LLLTFLLAVLLGLLLGILILI,-21.45,0.65 Â± 0.11,,
G_058,LLLLTLLVGLLFALLSILILI,-33.76,0.38 Â± 0.08,,
G_059,LLLLVLLIGLLFGLLFALILI,-27.85,0.91 Â± 0.08,,
G_060,LLLYFLLGVLLGTLLGLLILI,-33.58,1.07 Â± 0.03,,
G_061,LLLYLLLTTLLAGLLFSLILI,-20.09,0.17 Â± 0.1,,
G_062,LLLTSLLLALLFGLLFALILI,-21.25,0.38 Â± 0.05,,
G_063,LLLYVLLGALLGILLTLLILI,-33.55,0.95 Â± 0.1,,
G_064,LLLLTLLVGLLFALLYGLILI,-27.85,0.25 Â± 0.02,,
G_065,LLLAVLLTSLLGGLLFLLILI,-21.13,0.25 Â± 0.04,,
G_066,LLLAALLFSLLGLLLGTLILI,-26.92,0.3 Â± 0.09,,
G_067,LLLTFLLGLLLGYLLASLILI,-33.27,1.23 Â± 0.08,,
G_068,LLLVGLLFALLGILLTLLILI,-33.23,0.36 Â± 0.05,,
G_069,LLLTFLLALLLGYLLGSLILI,-20.12,0.95 Â± 0.14,,
G_070,LLLYFLLGTLLGALLGLLILI,-33.02,0.81 Â± 0.07,,
G_071,LLLVLLLTGLLFALLAYLILI,-14.18,0.25 Â± 0.07,,
G_072,LLLFALLASLLGTLLTLLILI,-25.91,0.24 Â± 0.08,,
G_073,LLLATLLVGLLFLLLGLLILI,-22.58,0.49 Â± 0.08,,
G_074,LLLYLLLGALLAFLLSTLILI,-25.05,0.18 Â± 0.01,,
G_075,LLLYVLLFLLLGALLGTLILI,-25.05,0.17 Â± 0.02,,
G_076,LLLTFLLGLLLGVLLAILILI,-43.87,1.23 Â± 0.09,,
G_077,LLLALLLGFLLGTLLGVLILI,-43.57,1.11 Â± 0.1,,
G_078,LLLALLLGTLLGFLLSILILI,-43.23,1.26 Â± 0.1,,
G_079,LLLSYLLGVLLGTLLGFLILI,-42.81,0.79 Â± 0.12,,
G_080,LLLSYLLGLLLGTLLGFLILI,-42.79,0.83 Â± 0.06,,
G_081,LLLTYLLGVLLGLLLGFLILI,-42.23,0.87 Â± 0.19,,
G_082,LLLSTLLGALLGLLLAVLILI,-28.31,0.91 Â± 0.09,,
G_083,LLLYFLLAVLLGLLLGSLILI,-23.94,0.25 Â± 0.15,,
G_084,LLLYFLLATLLGVLLGLLILI,-19.14,0.34 Â± 0.05,,
G_085,LLLAYLLGVLLGLLLTFLILI,-28.76,0.9 Â± 0.05,,
G_086,LLLAYLLGVLLGLLLGSLILI,-41.95,1.11 Â± 0.12,,
G_087,LLLALLLGLLLGVLLGSLILI,-37.44,1.04 Â± 0.21,,
G_088,LLLYGLLFALLGILLTLLILI,-28.27,0.28 Â± 0.01,,
G_089,LLLTSLLFALLGLLLGVLILI,-12.51,0.36 Â± 0.06,,
G_090,LLLSYLLGVLLGLLLGTLILI,-44.36,0.95 Â± 0.08,,
G_091,LLLYGLLFLLLGVLLASLILI,-28.77,0.32 Â± 0.06,,
G_092,LLLLVLLGALLGTLLSFLILI,-24.93,0.44 Â± 0.07,,
G_093,LLLATLLVGLLFGLLFLLILI,-24.29,0.49 Â± 0.05,,
G_094,LLLTVLLALLLGFLLGSLILI,-9.61,0.78 Â± 0.07,,
G_095,LLLYSLLFALLGALLTLLILI,-24.61,0.36 Â± 0.04,,
G_096,LLLTALLVGLLGGLLFLLILI,-24.58,0.29 Â± 0.05,,
G_097,LLLYLLLGALLGVLLSTLILI,-24.54,0.84 Â± 0.22,,
G_098,LLLYILLTLLLGALLAFLILI,-6.71,0.29 Â± 0.14,,
G_099,LLLSSLLFLLLGVLLGTLILI,-6.06,0.3 Â± 0.06,,
G_100,LLLATLLVGLLFLLLGTLILI,-24.42,0.4 Â± 0.05,,
G_101,LLLYVLLGLLLGFLLSTLILI,-52.21,1.04 Â± 0.05,,
G_102,LLLYLLLGALLGFLLSTLILI,-48.02,1.11 Â± 0.17,,
G_103,LLLFYLLGVLLGLLLASLILI,-47.35,0.92 Â± 0.1,,
G_104,LLLAYLLGTLLGLLLGFLILI,-45.74,1.14 Â± 0.15,,
G_105,LLLALLLGLLLGTLLSFLILI,-45.31,1.04 Â± 0.05,,
G_106,LLLTSLLVGLLAYLLGLLILI,-11.56,0.41 Â± 0.02,,
G_107,LLLYTLLAILLGLLLGFLILI,-44.96,0.24 Â± 0.03,,
G_108,LLLYLLLGTLLGILLAFLILI,-19.35,0.43 Â± 0.07,,
G_109,LLLTVLLAILLGLLLGFLILI,-24.29,0.36 Â± 0.03,,
G_110,LLLSYLLGVLLGLLLATLILI,-41.31,1.03 Â± 0.11,,
G_111,LLLSTLLGLLLGVLLAILILI,-31.67,0.9 Â± 0.13,,
G_112,LLLVLLLATLLGSLLGTLILI,-13.7,0.31 Â± 0.07,,
G_113,LLLTALLLALLFGLLFSLILI,-13.75,0.38 Â± 0.03,,
G_114,LLLLALLFALLGILLSTLILI,-18.68,0.25 Â± 0.12,,
G_115,LLLYVLLTLLLGGLLFALILI,-13.73,0.32 Â± 0.04,,
G_116,LLLSYLLGLLLGFLLSTLILI,-38.42,1.09 Â± 0.18,,
G_117,LLLALLLGVLLGTLLGFLILI,-38.02,0.95 Â± 0.12,,
G_118,LLLAVLLIGLLFGLLSTLILI,-19.06,0.49 Â± 0.03,,
G_119,LLLYVLLATLLGGLLFLLILI,-23.03,0.21 Â± 0.06,,
G_120,LLLYILLGLLLGTLLAFLILI,-28.2,0.25 Â± 0.09,,
G_121,LLLVTLLLGLLFGLLFALILI,-22.79,0.83 Â± 0.23,,
G_122,LLLALLLTVLLGGLLFSLILI,-25.5,0.26 Â± 0.04,,
G_123,LLLAGLLFLLLGTLLSYLILI,-25.42,0.14 Â± 0.02,,
G_124,LLLYALLTALLGGLLFLLILI,-19.63,0.22 Â± 0.06,,
G_125,LLLASLLVGLLFLLLGLLILI,-22.66,0.45 Â± 0.02,,
G_126,LLLAVLLFSLLGLLLGTLILI,-22.9,0.27 Â± 0.04,,
G_127,LLLYFLLAVLLGLLLGTLILI,-29.4,0.28 Â± 0.06,,
G_128,LLLLVLLTTLLGGLLFALILI,-25.32,0.29 Â± 0.04,,
G_129,LLLTALLVGLLGLLLGFLILI,-18.68,0.27 Â± 0.02,,
G_130,LLLAGLLFLLLGVLLGTLILI,-23.5,0.29 Â± 0.09,,
G_131,LLLYVLLGILLGLLLAFLILI,-40.28,0.82 Â± 0.1,,
G_132,LLLTVLLGILLGLLLAFLILI,-37.57,0.71 Â± 0.06,,
G_133,LLLAYLLGLLLGFLLGTLILI,-39.49,1.11 Â± 0.11,,
G_134,LLLASLLTLLLGYLLGVLILI,-12.98,0.41 Â± 0.05,,
G_135,LLLTALLFLLLGVLLGILILI,-13.97,0.72 Â± 0.06,,
G_136,LLLVALLLTLLGGLLFALILI,-23.49,0.32 Â± 0.04,,
G_137,LLLTALLAGLLFLLLSVLILI,-13.06,0.31 Â± 0.02,,
G_138,LLLVALLFALLGLLLGTLILI,-22.94,0.39 Â± 0.04,,
L_001,LLLLYVLLATLLALLSFLILI,-20.52,0.28 Â± 0.08,,
L_002,LLLVALLLFLTALLLSLLILI,-20.35,0.55 Â± 0.1,,
L_003,LLLLAILLLLLTVLFSLLILI,-28.43,0.18 Â± 0.08,,
L_004,LLLLFVLTILLALLYSLLILI,-27.78,0.19 Â± 0.1,,
L_005,LLLVALLLILTFLLASLLILI,-19.85,0.35 Â± 0.06,,
L_006,LLLLVTLLAILLYLLSLLILI,-28.47,0.3 Â± 0.16,,
L_007,LLLLWTLIALLLVLFSLLILI,-28.25,0.32 Â± 0.08,,
L_008,LLLLFVLLALLTILLSLLILI,-19.85,0.15 Â± 0.05,,
L_009,LLLYALLLLLVTLLFSLLILI,-28.03,0.22 Â± 0.08,,
L_010,LLLLSTLTSLLAVLLFLLILI,-27.84,0.43 Â± 0.06,,
L_011,LLLYALLFVLLLLLTSLLILI,-19.75,0.17 Â± 0.07,,
L_012,LLLLVFLLALLYLLTSLLILI,-28.01,0.51 Â± 0.05,,
L_013,LLLLLALLLILVTLLSFLILI,-28.35,0.32 Â± 0.1,,
L_014,LLLLYVLIALLTLLFSLLILI,-19.91,0.28 Â± 0.05,,
L_015,LLLVALLFLLTSLLYLLLILI,-27.98,0.21 Â± 0.07,,
L_016,LLLTSLLAVLLALLFSLLILI,-2.89,0.16 Â± 0.02,,
L_017,LLLLAYLVILLFTLLSLLILI,-19.99,0.32 Â± 0.06,,
L_018,LLLVALLTILLALLFSLLILI,-27.98,0.41 Â± 0.15,,
L_019,LLLYALLFLLTSLLFSLLILI,-28.21,0.14 Â± 0.08,,
L_020,LLLLFALLTILVALLSLLILI,-28.01,0.36 Â± 0.05,,
L_021,LLLLLLLLTVLTALLFILILI,-28.17,0.26 Â± 0.07,,
L_022,LLLLLLLLAVLYTLLSFLILI,-28.07,0.23 Â± 0.04,,
L_023,LLLLVALLTILFLLLSLLILI,-22.07,0.47 Â± 0.03,,
L_024,LLLFSLLVLLTALLYLLLILI,-20.71,0.23 Â± 0.05,,
L_025,LLLYFLLAILVTLLLSLLILI,-22.59,0.19 Â± 0.11,,
L_026,LLLVALLILLTYLLFSLLILI,-22.6,0.42 Â± 0.03,,
L_027,LLLLWALLFVLATLLSLLILI,-22.61,0.33 Â± 0.09,,
L_028,LLLLWVLLSTLLALLLFLILI,-22.86,0.42 Â± 0.08,,
L_029,LLLLAILLTLLAVLFSLLILI,-25.76,0.61 Â± 0.06,,
L_030,LLLVSLLLFLIALLLTLLILI,-25.69,0.57 Â± 0.19,,
L_031,LLLVALLLLLISLLFTLLILI,-25.63,0.37 Â± 0.19,,
L_032,LLLYALLFTLVALLLSLLILI,-23.22,0.55 Â± 0.05,,
L_033,LLLLYLLLFILAVLLSTLILI,-23.39,0.21 Â± 0.09,,
L_034,LLLLYWLLAVLLSLLFTLILI,-23.51,0.41 Â± 0.06,,
L_035,LLLYLLLFVLIALLLTLLILI,-23.58,0.26 Â± 0.17,,
L_036,LLLLYVLLALLFTLISLLILI,-25.06,0.18 Â± 0.12,,
L_037,LLLLYVLLATLLLLLFSLILI,-23.66,0.55 Â± 0.13,,
L_038,LLLLFLLLAILLVLLSTLILI,-23.7,0.21 Â± 0.05,,
L_039,LLLLYVLLALLFTLLSILILI,-23.75,0.23 Â± 0.07,,
L_040,LLLVALLLLLTSLLFSLLILI,-23.88,0.37 Â± 0.12,,
L_041,LLLVTLLFLLYLLLASLLILI,-24.09,0.45 Â± 0.27,,
L_042,LLLFALLLVLITLLLSLLILI,-24.14,0.52 Â± 0.1,,
L_043,LLLLAYLLALLFLLTSLLILI,-24.92,0.32 Â± 0.07,,
L_044,LLLLIFLLATLYVLLLLLILI,-24.56,0.6 Â± 0.15,,
L_045,LLLLLLLTALLIFLVSLLILI,-24.86,0.23 Â± 0.09,,
L_046,LLLLFVLLITLALLLLSLILI,-25.95,0.31 Â± 0.09,,
L_047,LLLLWYLLSTLVALLFLLILI,-27.45,0.56 Â± 0.13,,
L_048,LLLLVALLLTLISLLFLLILI,-25.95,0.6 Â± 0.12,,
L_049,LLLLLILTALLFVLLSLLILI,-22.46,0.4 Â± 0.09,,
L_050,LLLLAVLLFLLALLTSLLILI,-27.1,0.41 Â± 0.08,,
L_051,LLLLTILLLVLALLLSFLILI,-26.94,0.23 Â± 0.19,,
L_052,LLLVTLLLALLLLLFSLLILI,-20.94,0.27 Â± 0.06,,
L_053,LLLLALLWFLTSLLYVLLILI,-20.95,0.77 Â± 0.13,,
L_054,LLLYALLFVLTALLLSLLILI,-20.96,0.49 Â± 0.08,,
L_055,LLLLYLLLAVLTALLFSLILI,-21.06,0.27 Â± 0.09,,
L_056,LLLLLFLLATLLILLSVLILI,-21.08,0.25 Â± 0.05,,
L_057,LLLLLLLLFVLATLLSILILI,-26.85,0.23 Â± 0.07,,
L_058,LLLLYALLFLLTALLFSLILI,-26.79,0.45 Â± 0.14,,
L_059,LLLLFALLALLYVLTSLLILI,-26.73,0.53 Â± 0.11,,
L_060,LLLLTLLLALIVLLFSLLILI,-21.35,0.47 Â± 0.12,,
L_061,LLLYLLLTVLALLLFSLLILI,-21.39,0.23 Â± 0.06,,
L_062,LLLLVLLLTILFLLLSALILI,-26.56,0.23 Â± 0.04,,
L_063,LLLLYFLLALLAVLTSLLILI,-21.69,0.27 Â± 0.09,,
L_064,LLLLTLLVALLLFLISLLILI,-26.31,0.41 Â± 0.26,,
L_065,LLLLYVLLATLLFLLSLLILI,-21.98,0.41 Â± 0.16,,
L_066,LLLLLTLLAVLISLLFLLILI,-26.3,0.41 Â± 0.22,,
L_067,LLLVALLLLLFLLLTSLLILI,-22.22,0.48 Â± 0.23,,
L_068,LLLLLLLLFILAVLLSTLILI,-26.11,0.16 Â± 0.05,,
L_069,LLLLAVLLFLLATLISLLILI,-26.1,0.22 Â± 0.05,,
L_070,LLLVSLLILLTALLFLLLILI,-22.28,0.35 Â± 0.11,,
L_071,LLLLFLLLTALLVLLSILILI,-22.49,0.31 Â± 0.1,,
L_072,LLLLLFLTALLYVLISLLILI,-28.61,0.28 Â± 0.27,,
L_073,LLLLAYLLLTLAVLLFSLILI,-22.33,0.45 Â± 0.01,,
L_074,LLLLALLLLFLTVLLSILILI,-28.66,0.24 Â± 0.07,,
L_075,LLLLLALLFVLTWLLSLLILI,-37.46,0.66 Â± 0.1,,
L_076,LLLFALLLVLITLLYSLLILI,-14.18,0.53 Â± 0.11,,
L_077,LLLLAILTALLFVLLSLLILI,-37.43,0.42 Â± 0.07,,
L_078,LLLVALLLLLTALLFSLLILI,-37.02,0.35 Â± 0.06,,
L_079,LLLFALLLLLVTLLYSLLILI,-36.99,0.29 Â± 0.07,,
L_080,LLLLAILLAVLFLLLSTLILI,-36.63,0.25 Â± 0.11,,
L_081,LLLVLLLAILFLLLTSLLILI,-36.54,0.24 Â± 0.09,,
L_082,LLLYTLLAVLLLLLASLLILI,-14.73,0.15 Â± 0.05,,
L_083,LLLLVALLTILLSLLFLLILI,-36.46,0.36 Â± 0.12,,
L_084,LLLLFVLLLLLATLISLLILI,-36.31,0.27 Â± 0.08,,
L_085,LLLLLALLLILFVLLSTLILI,-36.28,0.37 Â± 0.07,,
L_086,LLLLAVLTALLLLLFSLLILI,-36.08,0.21 Â± 0.13,,
L_087,LLLLYVLTALLFLLISLLILI,-35.8,0.26 Â± 0.1,,
L_088,LLLVALLLLLTFLLASLLILI,-15.13,0.35 Â± 0.03,,
L_089,LLLTSLLAVLIALLFLLLILI,-15.14,0.39 Â± 0.08,,
L_090,LLLLALLTALLYVLFSLLILI,-35.28,0.66 Â± 0.09,,
L_091,LLLLALLLFVLTWLLSLLILI,-35.17,0.62 Â± 0.07,,
L_092,LLLLVALLLILTLLLSFLILI,-33.91,0.32 Â± 0.14,,
L_093,LLLLLVLASLLFTLLILLILI,-34.04,0.32 Â± 0.14,,
L_094,LLLLFALLLILTLLLSVLILI,-34.07,0.45 Â± 0.07,,
L_095,LLLLAILLALLFVLTSLLILI,-34.1,0.3 Â± 0.1,,
L_096,LLLLALLTILLFVLASLLILI,-19.45,0.27 Â± 0.09,,
L_097,LLLLAYLTVLLSILFLLLILI,-16.04,0.38 Â± 0.08,,
L_098,LLLLFVLLAILYTLLLSLILI,-37.52,0.6 Â± 0.09,,
L_099,LLLLVSLLILLTALLFLLILI,-34.32,0.41 Â± 0.11,,
L_100,LLLTALLFLLVALLLSLLILI,-15.86,0.53 Â± 0.15,,
L_101,LLLLVLLLATLYLLLAFLILI,-34.42,0.59 Â± 0.19,,
L_102,LLLLAVLIFLLATLLSLLILI,-15.75,0.29 Â± 0.03,,
L_103,LLLLVLLLLALTFLLSILILI,-34.56,0.42 Â± 0.08,,
L_104,LLLLVLLLTILLFLLSALILI,-34.96,0.21 Â± 0.09,,
L_105,LLLLIFLLAVLYLLLSTLILI,-35,0.32 Â± 0.09,,
L_106,LLLLWYLVSLLILLTFLLILI,-34.36,0.48 Â± 0.16,,
L_107,LLLLALLLFVLTLLLSILILI,-33.83,0.39 Â± 0.06,,
L_108,LLLLFVLLAILYLLLSTLILI,-37.79,0.35 Â± 0.08,,
L_109,LLLLVALLLTLIALLFSLILI,-38.04,0.81 Â± 0.2,,
L_110,LLLYALLLTLIVLLFSLLILI,-8.65,0.55 Â± 0.3,,
L_111,LLLALLLLTLIVLLFSLLILI,-10.84,0.38 Â± 0.12,,
L_112,LLLLVALLLLLTALLFSLILI,-44.9,0.42 Â± 0.1,,
L_113,LLLLLLLLAVLTALLFILILI,-44.72,0.28 Â± 0.06,,
L_114,LLLLVALLLLLTSLLFLLILI,-44.48,0.48 Â± 0.05,,
L_115,LLLYALLLVLITLLFSLLILI,-11.73,0.35 Â± 0.12,,
L_116,LLLLWVLLATLYLLLSFLILI,-44.22,0.78 Â± 0.06,,
L_117,LLLLFLLLAILYVLLSTLILI,-42.34,0.11 Â± 0.08,,
L_118,LLLLVALLLLLTALLFILILI,-41.95,0.43 Â± 0.16,,
L_119,LLLFALLLILTALLYVLLILI,-12.21,0.37 Â± 0.12,,
L_120,LLLLFYLTALLILLVSLLILI,-12.34,0.28 Â± 0.15,,
L_121,LLLALLLTVLTSLLFLLLILI,-12.4,0.33 Â± 0.15,,
L_122,LLLLLALLFVLTSLLYLLILI,-41.84,0.41 Â± 0.04,,
L_123,LLLLLFLLAVLTYLLSLLILI,-41.81,0.32 Â± 0.04,,
L_124,LLLLFWLLAVLTALLYLLILI,-41.58,0.38 Â± 0.06,,
L_125,LLLLLALLFVLTSLLAILILI,-41.09,0.48 Â± 0.09,,
L_126,LLLLVALLLFLLYLLSTLILI,-40.59,0.27 Â± 0.09,,
L_127,LLLLVLLTALLFLLISLLILI,-38.23,0.35 Â± 0.08,,
L_128,LLLLVALLLILTSLLFLLILI,-38.23,0.48 Â± 0.17,,
L_129,LLLLAFLLTVLLLLLSILILI,-38.25,0.45 Â± 0.23,,
L_130,LLLLTVLLALLFLLISLLILI,-38.49,0.2 Â± 0.12,,
L_131,LLLLALLLFVLTYLLSLLILI,-38.81,0.5 Â± 0.04,,
L_132,LLLLAALVFLLTSLILLLILI,-38.82,0.41 Â± 0.11,,
L_133,LLLLVALLLLLTSLIFLLILI,-37.95,0.27 Â± 0.11,,
L_134,LLLFSLLLLLVALLLTLLILI,-39.09,0.56 Â± 0.1,,
L_135,LLLLALLFILTYLLAVLLILI,-39.16,0.67 Â± 0.09,,
L_136,LLLLYSLTALLFVLLLLLILI,-39.3,0.27 Â± 0.06,,
L_137,LLLLSTLLAVLFLLLYILILI,-13.28,0.33 Â± 0.18,,
L_138,LLLLYVLIALLLLLTSLLILI,-13.11,0.36 Â± 0.29,,
L_139,LLLLYWLLTILAFLLSLLILI,-40.46,0.4 Â± 0.13,,
L_140,LLLLYVLLATLFLLLSILILI,-40.53,0.2 Â± 0.17,,
L_141,LLLLFALLLILTVLLSLLILI,-39.13,0.36 Â± 0.07,,
L_142,LLLLVALLTILFYLLSLLILI,-33.82,0.57 Â± 0.1,,
L_143,LLLLVALLLTLLALLFILILI,-34.15,0.42 Â± 0.08,,
L_144,LLLLVLLLAILTFLLSLLILI,-29.58,0.4 Â± 0.05,,
L_145,LLLLYVLLLALTILLFSLILI,-19.09,0.19 Â± 0.11,,
L_146,LLLLSYLVALLLTLFLLLILI,-31.72,0.37 Â± 0.28,,
L_147,LLLAALLLLLVTLLFSLLILI,-17.48,0.53 Â± 0.08,,
L_148,LLLYWLLTVLFLLLASLLILI,-17.52,0.28 Â± 0.03,,
L_149,LLLLAVLLALLLILLSTLILI,-31.53,0.2 Â± 0.02,,
L_150,LLLYSLLLLLTFLLAVLLILI,-31.39,0.2 Â± 0.18,,
L_151,LLLLFVLLWTLALLLSILILI,-28.93,0.64 Â± 0.01,,
L_152,LLLLALLFLLTSLLYVLLILI,-31.34,0.36 Â± 0.04,,
L_153,LLLLALLYVLTFLLASLLILI,-31.33,0.72 Â± 0.19,,
L_154,LLLLALLFTLVSLLLILLILI,-33.68,0.36 Â± 0.05,,
L_155,LLLLALLLYVLFLLLSTLILI,-31.28,0.8 Â± 0.07,,
L_156,LLLLYFLLATLVALLLSLILI,-31.23,0.47 Â± 0.13,,
L_157,LLLLALLILLTSLLFVLLILI,-31.22,0.34 Â± 0.06,,
L_158,LLLLALLTVLLALLFSLLILI,-31.03,0.35 Â± 0.03,,
L_159,LLLLLFLLAILYVLLLTLILI,-30.99,0.57 Â± 0.16,,
L_160,LLLLTVLLAILFLLLSLLILI,-30.91,0.29 Â± 0.09,,
L_161,LLLLAVLLLILTLLLSFLILI,-30.86,0.38 Â± 0.2,,
L_162,LLLLYWLLTLLVALLSFLILI,-29.15,0.42 Â± 0.06,,
L_163,LLLLILLLALLFVLTSLLILI,-30.54,0.35 Â± 0.14,,
L_164,LLLLYILLALLFVLLSTLILI,-30,0.22 Â± 0.02,,
L_165,LLLLLVLLAILLFLLSTLILI,-29.41,0.24 Â± 0.1,,
L_166,LLLLTLLIALLFLLVSLLILI,-29.41,0.4 Â± 0.14,,
L_167,LLLLLVLTALLYILFLLLILI,-18.7,0.8 Â± 0.16,,
L_168,LLLYALLFVLLILLFSLLILI,-18.68,0.14 Â± 0.05,,
L_169,LLLLIVLTWLLALLFSLLILI,-29.78,0.7 Â± 0.06,,
L_170,LLLLLVLTLLLAILFSLLILI,-29.76,0.24 Â± 0.16,,
L_171,LLLLAILLAVLFTLLSLLILI,-29.66,0.33 Â± 0.08,,
L_172,LLLLVLLLLTLIALLSFLILI,-31.73,0.25 Â± 0.11,,
L_173,LLLLYLLLAVLLSLLFTLILI,-29.49,0.26 Â± 0.08,,
L_174,LLLYFLLAVLLTLLFSLLILI,-19.2,0.16 Â± 0.09,,
L_175,LLLLAVLLLTLALLLSFLILI,-32.06,0.26 Â± 0.03,,
L_176,LLLYTLLAVLIALLLSLLILI,-16.38,0.44 Â± 0.09,,
L_177,LLLTALLLLLVALLFSLLILI,-16.4,0.46 Â± 0.11,,
L_178,LLLLALLFILVTLLLSLLILI,-33.43,0.33 Â± 0.21,,
L_179,LLLLLLLTALLFVLISLLILI,-28.69,0.25 Â± 0.17,,
L_180,LLLLLWLLTVLIALLSFLILI,-33.41,0.55 Â± 0.13,,
L_181,LLLYALLFLLVILLWSLLILI,-16.46,0.26 Â± 0.11,,
L_182,LLLYFLLAVLITLLLSLLILI,-33.12,0.18 Â± 0.09,,
L_183,LLLIALLLLLVSLLFTLLILI,-32.94,0.42 Â± 0.21,,
L_184,LLLLFILLAVLLTLLLSLILI,-32.64,0.22 Â± 0.13,,
L_185,LLLYLLLAVLTSLLFLLLILI,-28.74,0.14 Â± 0.1,,
L_186,LLLLVLLLAILFTLLSLLILI,-32.33,0.29 Â± 0.07,,
L_187,LLLLVALLFILLYLLSTLILI,-32.28,0.3 Â± 0.11,,
L_188,LLLVALLLFLLSLLYTLLILI,-32.59,0.27 Â± 0.08,,
L_189,LLLFALLLVLISLLLTLLILI,-16.9,0.52 Â± 0.17,,
L_190,LLLLFLLLLALTVLLSILILI,-32.09,0.33 Â± 0.1,,
L_191,LLLLAVLLFILALLLSTLILI,-28.73,0.4 Â± 0.05,,
L_192,LLLLTYLLAILFVLLLSLILI,-32.09,0.25 Â± 0.12,,
L_193,LLLLTLLLFILALLLSVLILI,-28.7,0.49 Â± 0.14,,
L_194,LLLLAYLTLLLWFLVSLLILI,-18.65,0.79 Â± 0.22,,
L_195,LLLLFLLLAVLYLLLSTLILI,-32.17,0.32 Â± 0.14,,
L_196,LLLLIVLLFTLALLLSLLILI,-32.19,0.45 Â± 0.08,,
L_197,LLLLVALLLILFLLLSTLILI,-32.21,0.28 Â± 0.08,,
L_198,LLLLSYLLAVLFTLLLILILI,-32.13,0.34 Â± 0.08,,
R_001,LLLSYLLFVLLALLLATLILI,-25.01,0.34 Â± 0.03,,
R_002,LLLYTLLVSLLALLLAFLILI,-25.05,0.31 Â± 0.07,,
R_003,LLLAILLFTLLAYLLSLLILI,-8.63,0.45 Â± 0.07,,
R_004,LLLYLLLFTLLAVLLSILILI,-8.79,0.3 Â± 0.06,,
R_005,LLLLALLVSLLIALLFTLILI,-9.13,0.35 Â± 0.05,,
R_006,LLLYALLVALLFTLLSLLILI,-24.88,0.26 Â± 0.05,,
R_007,LLLFTLLVALLAYLLSLLILI,-9.41,0.43 Â± 0.05,,
R_008,LLLASLLLALLFVLLYTLILI,-24.85,0.35 Â± 0.04,,
R_009,LLLTYLLFVLLAILLSLLILI,-24.89,0.29 Â± 0.1,,
R_010,LLLYTLLVLLLAFLLSILILI,-26.75,0.3 Â± 0.07,,
R_011,LLLLVLLIALLFTLLSYLILI,-25.24,0.33 Â± 0.04,,
R_012,LLLYTLLIALLFVLLSLLILI,-26.69,0.28 Â± 0.04,,
R_013,LLLYSLLVALLFTLLFLLILI,-26.6,0.23 Â± 0.1,,
R_014,LLLYTLLISLLFVLLALLILI,-26.81,0.31 Â± 0.08,,
R_015,LLLSYLLFVLLALLLSTLILI,-26.54,0.39 Â± 0.07,,
R_016,LLLSYLLTLLLAFLLSILILI,-26.9,0.55 Â± 0.08,,
R_017,LLLSYLLVALLTILLFLLILI,-26.24,0.47 Â± 0.06,,
R_018,LLLSYLLFTLLALLLSILILI,-26.98,0.48 Â± 0.06,,
R_019,LLLYFLLVALLTLLLSILILI,-26.06,0.27 Â± 0.09,,
R_020,LLLSYLLFTLLALLLAVLILI,-27.41,0.38 Â± 0.03,,
R_021,LLLYTLLISLLVALLFLLILI,-25.05,0.25 Â± 0.1,,
R_022,LLLLILLATLLAYLLSFLILI,-27.42,0.37 Â± 0.05,,
R_023,LLLLILLTTLLAYLLSFLILI,-27.54,0.37 Â± 0.06,,
R_024,LLLYSLLLALLFVLLTILILI,-27.63,0.3 Â± 0.06,,
R_025,LLLYSLLIALLFVLLTLLILI,-27.75,0.28 Â± 0.1,,
R_026,LLLYSLLVALLATLLTLLILI,-27.82,0.39 Â± 0.04,,
R_027,LLLSYLLVLLLAFLLTILILI,-25.39,0.35 Â± 0.08,,
R_028,LLLYSLLLTLLFVLLALLILI,-30.22,0.3 Â± 0.13,,
R_029,LLLSYLLFTLLAILLTLLILI,-29.93,0.3 Â± 0.09,,
R_030,LLLWTLLVFLLAILLSLLILI,-29.79,0.29 Â± 0.06,,
R_031,LLLAYLLLSLLITLLFVLILI,-25.29,0.48 Â± 0.12,,
R_032,LLLSYLLVILLTLLLAFLILI,-27.49,0.38 Â± 0.1,,
R_033,LLLLYLLVALLISLLFTLILI,-25.89,0.39 Â± 0.18,,
R_034,LLLYALLLTLLVALLSILILI,-10.03,0.33 Â± 0.05,,
R_035,LLLYALLLSLLFTLLVILILI,-24.67,0.26 Â± 0.04,,
R_036,LLLYALLIALLFTLLVLLILI,-16.15,0.3 Â± 0.03,,
R_037,LLLYILLLALLTVLLSFLILI,-16.1,0.2 Â± 0.07,,
R_038,LLLYALLTTLLSVLLFLLILI,-16.09,0.44 Â± 0.07,,
R_039,LLLTALLIALLFVLLSLLILI,-16.08,0.33 Â± 0.01,,
R_040,LLLYSLLLTLLVALLIFLILI,-15.9,0.24 Â± 0.11,,
R_041,LLLYSLLLALLATLLVFLILI,-15.86,0.24 Â± 0.07,,
R_042,LLLAYLLVALLTLLLSFLILI,-15.86,0.54 Â± 0.01,,
R_043,LLLYVLLTILLALLLSFLILI,-15.76,0.34 Â± 0.13,,
R_044,LLLVALLIALLLSLLFTLILI,-15.7,0.37 Â± 0.07,,
R_045,LLLYLLLATLLFVLLSILILI,-15.7,0.31 Â± 0.03,,
R_046,LLLALLLVTLLAYLLSFLILI,-15.68,0.49 Â± 0.02,,
R_047,LLLAALLFSLLTTLLVLLILI,-15.6,0.48 Â± 0.08,,
R_048,LLLYALLVTLLFTLLSLLILI,-16.21,0.27 Â± 0.04,,
R_049,LLLYTLLIALLAVLLSLLILI,-15.58,0.37 Â± 0.05,,
R_050,LLLFYLLITLLVALLSLLILI,-15.25,0.34 Â± 0.09,,
R_051,LLLTALLVALLSLLLFILILI,-15.16,0.52 Â± 0.01,,
R_052,LLLYLLLATLLAILLFSLILI,-15.07,0.14 Â± 0.06,,
R_053,LLLYILLTALLVALLSLLILI,-15.06,0.31 Â± 0.05,,
R_054,LLLAALLLSLLFTLLVYLILI,-15.05,0.32 Â± 0.08,,
R_055,LLLYALLVALLSLLLFTLILI,-15.04,0.35 Â± 0.03,,
R_056,LLLYVLLIALLATLLSLLILI,-15.04,0.33 Â± 0.06,,
R_057,LLLYSLLTALLVALLFLLILI,-14.78,0.29 Â± 0.08,,
R_058,LLLYALLLTLLSILLVFLILI,-14.69,0.22 Â± 0.04,,
R_059,LLLYALLLALLFSLLVTLILI,-14.68,0.3 Â± 0.1,,
R_060,LLLAYLLTTLLALLLSFLILI,-14.58,0.56 Â± 0.06,,
R_061,LLLAYLLVFLLALLLSTLILI,-14.58,0.44 Â± 0.06,,
R_062,LLLYALLVALLITLLFLLILI,-15.3,0.3 Â± 0.07,,
R_063,LLLLYLLTALLIALLFVLILI,-14.55,0.27 Â± 0.06,,
R_064,LLLATLLVALLFLLLSILILI,-16.25,0.43 Â± 0.06,,
R_065,LLLYILLATLLAFLLSLLILI,-16.29,0.27 Â± 0.12,,
R_066,LLLAYLLLTLLAVLLSILILI,-17.34,0.45 Â± 0.04,,
R_067,LLLYSLLVALLATLLFLLILI,-17.33,0.26 Â± 0.07,,
R_068,LLLAILLVTLLFTLLSLLILI,-17.29,0.36 Â± 0.09,,
R_069,LLLYALLTALLSVLLFLLILI,-17.19,0.37 Â± 0.03,,
R_070,LLLAYLLTVLLAFLLSLLILI,-17.18,0.56 Â± 0.02,,
R_071,LLLFSLLLTLLVALLSYLILI,-17.12,0.26 Â± 0.08,,
R_072,LLLYILLFALLTVLLSLLILI,-17.06,0.26 Â± 0.06,,
R_073,LLLAILLLTLLTVLLSFLILI,-17,0.32 Â± 0.06,,
R_074,LLLAYLLIALLLTLLFVLILI,-16.83,0.47 Â± 0.07,,
R_075,LLLVYLLTALLIALLSLLILI,-16.69,0.37 Â± 0.05,,
R_076,LLLYSLLLTLLVALLSFLILI,-16.68,0.29 Â± 0.1,,
R_077,LLLYALLVALLTALLSLLILI,-16.67,0.35 Â± 0.08,,
R_078,LLLFYLLVALLLTLLSLLILI,-16.26,0.4 Â± 0.08,,
R_079,LLLTALLLALLAVLLSFLILI,-16.65,0.4 Â± 0.06,,
R_080,LLLYILLLTLLAVLLSFLILI,-16.59,0.24 Â± 0.04,,
R_081,LLLYFLLVALLLALLSTLILI,-16.58,0.32 Â± 0.03,,
R_082,LLLATLLFALLVLLLSLLILI,-16.57,0.44 Â± 0.05,,
R_083,LLLTALLVALLAYLLSFLILI,-16.55,0.5 Â± 0.04,,
R_084,LLLVSLLLTLLFALLAYLILI,-16.54,0.29 Â± 0.03,,
R_085,LLLYSLLLTLLATLLAFLILI,-16.53,0.21 Â± 0.08,,
R_086,LLLYLLLATLLAVLLSFLILI,-16.45,0.25 Â± 0.07,,
R_087,LLLTALLVALLFALLSLLILI,-16.43,0.44 Â± 0.03,,
R_088,LLLFALLVALLTLLLSILILI,-16.4,0.48 Â± 0.02,,
R_089,LLLFYLLVILLALLLSTLILI,-16.37,0.29 Â± 0.14,,
R_090,LLLFYLLVALLISLLTLLILI,-16.35,0.34 Â± 0.05,,
R_091,LLLYALLTALLFVLLSLLILI,-16.34,0.32 Â± 0.01,,
R_092,LLLAVLLLTLLFALLSYLILI,-16.62,0.26 Â± 0.06,,
R_093,LLLLILLSTLLATLLVFLILI,-14.36,0.23 Â± 0.05,,
R_094,LLLYILLLTLLVALLSFLILI,-14.33,0.28 Â± 0.01,,
R_095,LLLLALLFALLVSLLTWLILI,-14.2,0.3 Â± 0.0,,
R_096,LLLTALLIALLLVLLSFLILI,-12.1,0.41 Â± 0.04,,
R_097,LLLTYLLLVLLAILLSFLILI,-12.04,0.19 Â± 0.12,,
R_098,LLLTALLIALLLSLLFVLILI,-12.03,0.41 Â± 0.04,,
R_099,LLLYVLLIALLFTLLSLLILI,-11.97,0.26 Â± 0.07,,
R_100,LLLYVLLTILLALLLAFLILI,-11.94,0.32 Â± 0.09,,
R_101,LLLYVLLATLLSLLLFILILI,-11.94,0.28 Â± 0.1,,
R_102,LLLYLLLSTLLAFLLAILILI,-11.93,0.28 Â± 0.04,,
R_103,LLLTALLIALLSVLLFLLILI,-11.82,0.37 Â± 0.06,,
R_104,LLLTLLLAVLLAYLLSFLILI,-11.77,0.42 Â± 0.04,,
R_105,LLLTYLLIVLLALLLSFLILI,-11.69,0.41 Â± 0.02,,
R_106,LLLYLLLFTLLAALLTSLILI,-11.61,0.12 Â± 0.06,,
R_107,LLLYALLFALLTVLLSLLILI,-11.58,0.33 Â± 0.08,,
R_108,LLLTYLLAVLLAILLFLLILI,-12.11,0.32 Â± 0.07,,
R_109,LLLYALLLALLVSLLTILILI,-11.56,0.59 Â± 0.04,,
R_110,LLLYALLFALLLSLLVTLILI,-11.25,0.27 Â± 0.02,,
R_111,LLLYVLLTTLLFALLSLLILI,-11.22,0.28 Â± 0.08,,
R_112,LLLSYLLVALLTILLWLLILI,-11.02,0.66 Â± 0.2,,
R_113,LLLSTLLVALLFYLLALLILI,-10.94,0.35 Â± 0.06,,
R_114,LLLYVLLAILLTLLLSFLILI,-10.68,0.27 Â± 0.1,,
R_115,LLLAALLLSLLFTLLVFLILI,-10.66,0.46 Â± 0.05,,
R_116,LLLYLLLATLLAVLLSILILI,-10.64,0.24 Â± 0.07,,
R_117,LLLYALLLSLLTALLVFLILI,-10.61,0.28 Â± 0.09,,
R_118,LLLTALLIALLFLLLSVLILI,-10.55,0.4 Â± 0.04,,
R_119,LLLYVLLFALLTVLLSLLILI,-10.4,0.3 Â± 0.02,,
R_120,LLLYSLLFVLLAILLTLLILI,-10.33,0.25 Â± 0.1,,
R_121,LLLAYLLVLLLATLLSFLILI,-10.19,0.34 Â± 0.07,,
R_122,LLLAYLLIALLVSLLTLLILI,-11.53,0.62 Â± 0.15,,
R_123,LLLTYLLVFLLALLLASLILI,-12.42,0.44 Â± 0.08,,
R_124,LLLYVLLATLLALLLSFLILI,-12.44,0.26 Â± 0.03,,
R_125,LLLTALLIALLLVLLSWLILI,-12.45,0.36 Â± 0.03,,
R_126,LLLTYLLLALLISLLFVLILI,-14.15,0.41 Â± 0.08,,
R_127,LLLTVLLLALLFALLSILILI,-14.11,0.36 Â± 0.06,,
R_128,LLLTILLAVLLAYLLSLLILI,-13.99,0.48 Â± 0.07,,
R_129,LLLYVLLFTLLAALLSLLILI,-13.95,0.28 Â± 0.06,,
R_130,LLLFYLLVALLLTLLSTLILI,-13.94,0.39 Â± 0.03,,
R_131,LLLYVLLLTLLFALLSLLILI,-13.89,0.3 Â± 0.11,,
R_132,LLLVYLLLALLTSLLFILILI,-13.89,0.39 Â± 0.03,,
R_133,LLLAYLLLTLLVALLSILILI,-13.88,0.4 Â± 0.04,,
R_134,LLLYSLLLILLAVLLTFLILI,-13.86,0.24 Â± 0.07,,
R_135,LLLVSLLLTLLAYLLALLILI,-13.82,0.64 Â± 0.06,,
R_136,LLLAYLLFALLTVLLSLLILI,-13.77,0.42 Â± 0.05,,
R_137,LLLSYLLVALLITLLFLLILI,-13.71,0.44 Â± 0.15,,
R_138,LLLTYLLVFLLALLLSILILI,-13.66,0.34 Â± 0.09,,
R_139,LLLYALLLTLLSVLLFILILI,-13.65,0.3 Â± 0.07,,
R_140,LLLTSLLVALLALLLFILILI,-13.63,0.5 Â± 0.06,,
R_141,LLLVALLIALLFTLLSLLILI,-13.46,0.5 Â± 0.06,,
R_142,LLLLTLLVALLSTLLIFLILI,-13.34,0.4 Â± 0.03,,
R_143,LLLALLLVTLLAILLSFLILI,-13.32,0.17 Â± 0.07,,
R_144,LLLVYLLLALLFTLLSILILI,-13.29,0.39 Â± 0.09,,
R_145,LLLVALLIALLLTLLSLLILI,-13.04,0.9 Â± 0.05,,
R_146,LLLTYLLTILLAVLLSLLILI,-12.94,0.43 Â± 0.05,,
R_147,LLLTVLLALLLAFLLSILILI,-12.94,0.35 Â± 0.06,,
R_148,LLLTYLLVALLIALLFLLILI,-12.88,0.37 Â± 0.05,,
R_149,LLLYALLLTLLVALLSFLILI,-12.82,0.25 Â± 0.08,,
R_150,LLLFILLTALLAVLLSLLILI,-12.81,0.3 Â± 0.04,,
R_151,LLLAVLLISLLTTLLFLLILI,-12.63,0.42 Â± 0.06,,
R_152,LLLAYLLFTLLAVLLSLLILI,-12.56,0.42 Â± 0.02,,
R_153,LLLYLLLVTLLAILLSFLILI,-17.35,0.17 Â± 0.09,,
R_154,LLLTWLLVALLLALLFSLILI,-17.39,0.59 Â± 0.07,,
R_155,LLLYLLLTTLLVALLSFLILI,-17.43,0.44 Â± 0.05,,
R_156,LLLLVLLITLLFALLSYLILI,-17.49,0.32 Â± 0.06,,
R_157,LLLFYLLVALLTLLLSILILI,-21.68,0.39 Â± 0.15,,
R_158,LLLSYLLIALLTVLLWLLILI,-21.53,0.68 Â± 0.04,,
R_159,LLLSYLLTILLAVLLSLLILI,-21.43,0.49 Â± 0.12,,
R_160,LLLTYLLVALLAILLSLLILI,-21.41,0.28 Â± 0.02,,
R_161,LLLYSLLLTLLAVLLFSLILI,-21.39,0.21 Â± 0.1,,
R_162,LLLLYLLITLLFSLLVALILI,-21.29,0.3 Â± 0.05,,
R_163,LLLYSLLLALLFALLVTLILI,-21.29,0.27 Â± 0.05,,
R_164,LLLYSLLVALLFTLLILLILI,-21.29,0.28 Â± 0.12,,
R_165,LLLTYLLTVLLAFLLSLLILI,-21.23,0.49 Â± 0.04,,
R_166,LLLVYLLTTLLAFLLSLLILI,-21.19,0.64 Â± 0.1,,
R_167,LLLFSLLLTLLAALLSYLILI,-21.16,0.21 Â± 0.07,,
R_168,LLLYILLSTLLALLLAFLILI,-21.11,0.21 Â± 0.04,,
R_169,LLLLALLVALLFALLSTLILI,-21.9,0.42 Â± 0.04,,
R_170,LLLVYLLTILLALLLSFLILI,-20.93,0.41 Â± 0.07,,
R_171,LLLYTLLVALLATLLSLLILI,-20.91,0.38 Â± 0.07,,
R_172,LLLYTLLATLLFLLLSVLILI,-20.85,0.27 Â± 0.11,,
R_173,LLLYVLLFILLALLLSTLILI,-20.83,0.22 Â± 0.1,,
R_174,LLLYILLSVLLALLLTFLILI,-20.82,0.19 Â± 0.08,,
R_175,LLLAYLLVTLLFTLLSLLILI,-20.81,0.52 Â± 0.1,,
R_176,LLLYTLLVALLFALLSLLILI,-20.72,0.3 Â± 0.07,,
R_177,LLLSYLLVALLTLLLSFLILI,-20.7,0.54 Â± 0.03,,
R_178,LLLYLLLAVLLAFLLTSLILI,-20.67,0.24 Â± 0.09,,
R_179,LLLTLLLATLLAYLLSFLILI,-20.66,0.38 Â± 0.07,,
R_180,LLLFYLLVALLTALLSLLILI,-20.62,0.39 Â± 0.03,,
R_181,LLLAILLYTLLAVLLSLLILI,-20.6,0.65 Â± 0.08,,
R_182,LLLVYLLITLLFALLSLLILI,-20.57,0.43 Â± 0.04,,
R_183,LLLYSLLITLLFVLLALLILI,-20.93,0.25 Â± 0.09,,
R_184,LLLYVLLLTLLATLLSFLILI,-21.91,0.22 Â± 0.12,,
R_185,LLLYWLLTALLLSLLFVLILI,-22.11,0.21 Â± 0.05,,
R_186,LLLTYLLFTLLAVLLSLLILI,-22.18,0.36 Â± 0.04,,
R_187,LLLYWLLVALLISLLTLLILI,-24.44,0.32 Â± 0.03,,
R_188,LLLYTLLIALLVLLLFSLILI,-24.33,0.31 Â± 0.18,,
R_189,LLLYTLLVSLLFALLILLILI,-24.31,0.23 Â± 0.06,,
R_190,LLLVYLLTALLISLLFLLILI,-24.25,0.37 Â± 0.07,,
R_191,LLLWYLLLVLLATLLSFLILI,-24.21,0.35 Â± 0.07,,
R_192,LLLYSLLLTLLATLLVFLILI,-24.19,0.21 Â± 0.08,,
R_193,LLLYILLATLLTLLLSFLILI,-24.1,0.21 Â± 0.11,,
R_194,LLLYSLLVALLFALLTLLILI,-23.75,0.37 Â± 0.07,,
R_195,LLLFVLLATLLAYLLSLLILI,-23.75,0.36 Â± 0.03,,
R_196,LLLSYLLVFLLATLLSLLILI,-23.6,0.39 Â± 0.06,,
R_197,LLLVYLLLALLTALLSILILI,-23.55,0.36 Â± 0.11,,
R_198,LLLYSLLLTLLALLLAFLILI,-23.54,0.3 Â± 0.08,,
R_199,LLLYSLLLTLLFALLVILILI,-23.43,0.36 Â± 0.02,,
R_200,LLLYVLLATLLAFLLSLLILI,-23.31,0.29 Â± 0.06,,
R_201,LLLLALLTTLLAFLLSILILI,-23.21,0.45 Â± 0.02,,
R_202,LLLLYLLVTLLFALLSILILI,-23.2,0.37 Â± 0.07,,
R_203,LLLTALLFALLAYLLSLLILI,-23.08,0.37 Â± 0.06,,
R_204,LLLATLLISLLFTLLVLLILI,-23.06,0.43 Â± 0.09,,
R_205,LLLLVLLTILLAYLLSFLILI,-22.96,0.33 Â± 0.05,,
R_206,LLLYLLLATLLFVLLSLLILI,-22.94,0.21 Â± 0.12,,
R_207,LLLYALLLALLVSLLFTLILI,-22.59,0.38 Â± 0.06,,
R_208,LLLYSLLLALLFALLTILILI,-22.52,0.45 Â± 0.06,,
R_209,LLLYALLTSLLVALLFLLILI,-22.5,0.34 Â± 0.02,,
R_210,LLLYVLLATLLTFLLSLLILI,-9.81,0.29 Â± 0.02,,
R_211,LLLYALLTILLTFLLSLLILI,-22.25,0.28 Â± 0.15,,
R_212,LLLYWLLVALLITLLFLLILI,-22.24,0.39 Â± 0.03,,
R_213,LLLVYLLIALLFSLLTLLILI,-22.22,0.34 Â± 0.04,,
R_214,LLLFVLLIALLLTLLSLLILI,-20.55,0.35 Â± 0.05,,
R_215,LLLLSLLFALLIALLVTLILI,-24.71,0.29 Â± 0.03,,
R_216,LLLYILLTVLLALLLSFLILI,-20.38,0.26 Â± 0.05,,
R_217,LLLYSLLVALLFLLLATLILI,-20.33,0.28 Â± 0.1,,
R_218,LLLFSLLTTLLAYLLALLILI,-18.76,0.75 Â± 0.25,,
R_219,LLLYFLLAILLAVLLTLLILI,-18.7,0.24 Â± 0.06,,
R_220,LLLFALLTTLLAYLLSLLILI,-18.65,0.48 Â± 0.08,,
R_221,LLLVALLLALLFALLSTLILI,-18.56,0.36 Â± 0.04,,
R_222,LLLLALLFALLTVLLSILILI,-18.52,0.44 Â± 0.02,,
R_223,LLLVALLLTLLAILLSFLILI,-18.48,0.28 Â± 0.05,,
R_224,LLLYILLVALLATLLTLLILI,-18.48,0.34 Â± 0.11,,
R_225,LLLYLLLTVLLAFLLSILILI,-18.43,0.27 Â± 0.05,,
R_226,LLLTILLAVLLALLLFLLILI,-18.42,0.63 Â± 0.18,,
R_227,LLLTSLLLALLFVLLILLILI,-18.37,0.39 Â± 0.07,,
R_228,LLLAYLLLTLLATLLSFLILI,-18.31,0.4 Â± 0.05,,
R_229,LLLYALLLALLTVLLSILILI,-18.31,0.42 Â± 0.04,,
R_230,LLLFVLLTTLLAILLSLLILI,-18.76,0.22 Â± 0.02,,
R_231,LLLVWLLTALLIALLSLLILI,-18.21,0.41 Â± 0.01,,
R_232,LLLLALLVALLSTLLIFLILI,-18.12,0.39 Â± 0.06,,
R_233,LLLTYLLIALLLALLFVLILI,-18.08,0.4 Â± 0.01,,
R_234,LLLALLLVTLLFILLSLLILI,-18.05,0.31 Â± 0.04,,
R_235,LLLLVLLIALLATLLSFLILI,-17.99,0.3 Â± 0.1,,
R_236,LLLLILLSVLLAYLLTFLILI,-17.97,0.4 Â± 0.03,,
R_237,LLLYSLLVALLTLLLFILILI,-17.88,0.31 Â± 0.13,,
R_238,LLLFYLLLTLLVALLSILILI,-17.85,0.48 Â± 0.06,,
R_239,LLLYSLLLALLAVLLTILILI,-17.72,0.31 Â± 0.22,,
R_240,LLLYLLLVALLATLLSFLILI,-17.7,0.22 Â± 0.08,,
R_241,LLLYTLLATLLVLLLSFLILI,-17.69,0.25 Â± 0.07,,
R_242,LLLALLLVTLLTFLLSILILI,-17.62,0.43 Â± 0.06,,
R_243,LLLTYLLTILLAFLLSLLILI,-17.5,0.41 Â± 0.05,,
R_244,LLLTYLLVALLIALLSLLILI,-18.14,0.36 Â± 0.02,,
R_245,LLLLTLLIALLVALLSFLILI,-18.94,0.34 Â± 0.07,,
R_246,LLLYVLLTALLFALLSLLILI,-19.06,0.32 Â± 0.06,,
R_247,LLLVYLLLALLFTLLSLLILI,-19.07,0.47 Â± 0.06,,
R_248,LLLAFLLVTLLAYLLSLLILI,-20.24,0.38 Â± 0.04,,
R_249,LLLYSLLLTLLAALLVFLILI,-20.13,0.23 Â± 0.08,,
R_250,LLLLYLLIALLVALLSTLILI,-20.11,0.3 Â± 0.05,,
R_251,LLLYTLLVALLFLLLSLLILI,-20.05,0.27 Â± 0.1,,
R_252,LLLFYLLTALLIALLSLLILI,-20,0.38 Â± 0.03,,
R_253,LLLYWLLVALLLALLSTLILI,-19.98,0.36 Â± 0.01,,
R_254,LLLFALLTILLAYLLSLLILI,-19.95,0.4 Â± 0.06,,
R_255,LLLAVLLITLLFTLLSLLILI,-19.89,0.37 Â± 0.09,,
R_256,LLLTYLLLALLVSLLFILILI,-19.87,0.47 Â± 0.09,,
R_257,LLLYALLVALLLTLLSWLILI,-19.84,0.27 Â± 0.04,,
R_258,LLLYWLLLALLVALLSTLILI,-19.77,0.3 Â± 0.04,,
R_259,LLLYSLLFTLLAVLLALLILI,-19.77,0.32 Â± 0.1,,
R_260,LLLLALLIALLFVLLSTLILI,-19.62,0.27 Â± 0.05,,
R_261,LLLALLLLTLLFVLLSILILI,-19.62,0.34 Â± 0.07,,
R_262,LLLATLLVSLLFTLLILLILI,-19.61,0.53 Â± 0.16,,
R_263,LLLYTLLVSLLAILLTLLILI,-19.61,0.33 Â± 0.09,,
R_264,LLLFYLLTALLITLLVLLILI,-19.54,0.31 Â± 0.09,,
R_265,LLLSYLLVFLLALLLATLILI,-19.53,0.48 Â± 0.07,,
R_266,LLLLVLLIALLFALLSTLILI,-19.51,0.33 Â± 0.02,,
R_267,LLLTYLLVALLTFLLSLLILI,-19.5,0.59 Â± 0.25,,
R_268,LLLYILLFTLLVALLSLLILI,-19.46,0.19 Â± 0.06,,
R_269,LLLLTLLIALLFVLLYSLILI,-19.44,0.43 Â± 0.06,,
R_270,LLLAILLLTLLFVLLSLLILI,-19.44,0.33 Â± 0.06,,
R_271,LLLYTLLVALLSTLLFLLILI,-19.39,0.23 Â± 0.09,,
R_272,LLLLTLLATLLAVLLSFLILI,-19.38,0.37 Â± 0.03,,
R_273,LLLVALLLALLFTLLSILILI,-19.24,0.61 Â± 0.05,,
R_274,LLLTYLLFTLLALLLSVLILI,-19.1,0.4 Â± 0.05,,
R_275,LLLAVLLLTLLFTLLSYLILI,-20.37,0.21 Â± 0.11,,
R_276,LLLYALLLSLLFALLTILILI,-9.99,0.49 Â± 0.08,,
